transaction_id;line_item;article_id;article_name;model;quantity;gross_price;net_price;net_cost;date;product_group;supplier_id;discount_type;discount_amount;discount_percentage;discount_reason
T00001;1;B3010;mattress;comfort;1;574.69;482.93;316.08;2015-09-04;BEDR;S06;2;94.35;0.1642;K
T00001;2;G5020;ceiling_light;modern;1;173.83;146.08;95.61;2015-09-04;LIGH;S05;0;0.0;0.0;
T00002;1;B3001;bed;harmony;1;1069.02;898.34;587.96;2017-03-05;BEDR;S01;0;0.0;0.0;
T00003;1;L1003;sofa;kompakt;1;836.61;703.03;460.13;2016-05-25;LIVI;S02;1;106.95;0.1278;M
T00004;1;B3020;headboard;harmony;1;269.35;226.35;148.15;2015-11-20;BEDR;S01;0;0.0;0.0;
T00005;1;U1010;garden_table;rattan;1;287.93;241.96;158.36;2017-05-05;OUTD;S09;0;0.0;0.0;
T00005;2;U1001;garden_chair;rattan;1;121.02;101.7;66.56;2017-05-05;OUTD;S09;0;0.0;0.0;
T00006;1;S8010;cabinet;oak;1;567.24;476.67;311.98;2016-12-26;STOR;S04;0;0.0;0.0;
T00006;2;D2012;dining_chair;leather;2;194.79;163.69;107.13;2016-12-26;DINI;S01;0;0.0;0.0;
T00007;1;L1051;rug;shaggy;1;307.58;258.47;169.17;2016-10-08;LIVI;S05;0;0.0;0.0;
T00008;1;E6001;tv;smart55;1;770.22;647.24;423.62;2015-10-11;ELEC;S08;0;0.0;0.0;
T00009;1;B3020;headboard;harmony;1;286.39;240.67;157.52;2016-05-17;BEDR;S01;0;0.0;0.0;
T00010;1;O4010;office_chair;ergo;1;342.16;287.53;188.19;2016-10-31;OFFI;S07;0;0.0;0.0;
T00011;1;D2001;dining_table;oak;1;913.56;767.69;502.46;2016-03-11;DINI;S04;0;0.0;0.0;
T00011;2;D2012;dining_chair;leather;4;202.27;169.97;111.25;2016-03-11;DINI;S01;0;0.0;0.0;
T00011;3;D2030;table_extension;oak;1;122.74;103.14;67.51;2016-03-11;DINI;S04;0;0.0;0.0;
T00012;1;L1001;sofa;harmony;1;1222.54;1027.34;672.4;2016-05-15;LIVI;S01;0;0.0;0.0;
T00012;2;L1021;coffee_table;glass;1;275.68;231.66;151.62;2016-05-15;LIVI;S04;0;0.0;0.0;
T00012;3;L1050;rug;berber;1;191.46;160.89;105.3;2016-05-15;LIVI;S05;0;0.0;0.0;
T00013;1;L1021;coffee_table;glass;1;272.47;228.96;149.86;2017-06-01;LIVI;S04;2;45.45;0.1668;A
T00013;2;K9021;bar_stool;metal;1;111.36;93.58;61.25;2017-06-01;KITC;S07;0;0.0;0.0;
T00013;3;E6010;soundbar;compact;1;243.33;204.48;133.83;2017-06-01;ELEC;S08;0;0.0;0.0;
T00014;1;B3011;mattress;premium;1;881.56;740.8;484.86;2016-05-22;BEDR;S06;0;0.0;0.0;
T00015;1;L1041;ottoman;kompakt;1;162.49;136.55;89.37;2017-04-20;LIVI;S02;0;0.0;0.0;
T00015;2;C7010;vase;ceramic;2;39.33;33.05;21.63;2017-04-20;DECO;S05;0;0.0;0.0;
T00016;1;B3010;mattress;comfort;1;598.64;503.06;329.25;2016-10-02;BEDR;S06;0;0.0;0.0;
T00017;1;L1021;coffee_table;glass;1;281.45;236.51;154.79;2015-08-31;LIVI;S04;0;0.0;0.0;
T00018;1;O4011;office_chair;basic;1;180.63;151.79;99.35;2016-02-05;OFFI;S07;0;0.0;0.0;
T00019;1;U1002;garden_chair;metal;4;85.29;71.67;46.91;2017-05-07;OUTD;S09;0;0.0;0.0;
T00020;1;K9021;bar_stool;metal;1;108.71;91.35;59.79;2016-11-02;KITC;S07;0;0.0;0.0;
T00021;1;D2020;sideboard;oak;1;645.04;542.05;354.77;2016-06-23;DINI;S04;0;0.0;0.0;
T00022;1;K9002;kitchen_table;kompakt;1;304.15;255.59;167.28;2016-03-22;KITC;S02;0;0.0;0.0;
T00022;2;K9011;kitchen_chair;fabric;4;101.25;85.08;55.69;2016-03-22;KITC;S03;0;0.0;0.0;
T00023;1;L1020;coffee_table;oak;1;364.81;306.56;200.64;2017-02-24;LIVI;S04;0;0.0;0.0;
T00023;2;D2001;dining_table;oak;1;900.35;756.6;495.19;2017-02-24;DINI;S04;0;0.0;0.0;
T00023;3;D2011;dining_chair;fabric;6;115.01;96.65;63.25;2017-02-24;DINI;S03;0;0.0;0.0;
T00023;4;D2031;table_extension;walnut;1;148.03;124.4;81.42;2017-02-24;DINI;S04;2;27.2;0.1838;A
T00024;1;K9010;kitchen_chair;oak;2;114.17;95.94;62.8;2016-12-29;KITC;S04;0;0.0;0.0;
T00024;2;O4001;desk;oak;1;389.52;327.33;214.24;2016-12-29;OFFI;S04;1;28.86;0.0741;A
T00024;3;O4011;office_chair;basic;1;184.93;155.4;101.71;2016-12-29;OFFI;S07;0;0.0;0.0;
T00025;1;L1050;rug;berber;1;196.08;164.77;107.84;2015-09-28;LIVI;S05;0;0.0;0.0;
T00026;1;C7001;mirror;round;1;113.22;95.14;62.27;2016-01-22;DECO;S05;0;0.0;0.0;
T00026;2;B3031;nightstand;kompakt;1;121.11;101.78;66.61;2016-01-22;BEDR;S02;0;0.0;0.0;
T00026;3;L1030;side_table;oak;1;119.08;100.06;65.49;2016-01-22;LIVI;S04;0;0.0;0.0;
T00027;1;O4011;office_chair;basic;1;184.44;154.99;101.44;2016-02-12;OFFI;S07;0;0.0;0.0;
T00028;1;L1021;coffee_table;glass;1;290.93;244.48;160.01;2015-08-31;LIVI;S04;0;0.0;0.0;
T00029;1;D2011;dining_chair;fabric;4;124.42;104.56;68.43;2016-12-22;DINI;S03;0;0.0;0.0;
T00030;1;L1001;sofa;harmony;1;1254.9;1054.54;690.2;2017-06-01;LIVI;S01;0;0.0;0.0;
T00030;2;L1050;rug;berber;1;197.18;165.7;108.45;2017-06-01;LIVI;S05;0;0.0;0.0;
T00031;1;B3030;nightstand;harmony;2;180.9;152.01;99.49;2017-05-07;BEDR;S01;1;19.95;0.1103;A
T00031;2;L1001;sofa;harmony;1;1183.91;994.89;651.15;2017-05-07;LIVI;S01;0;0.0;0.0;
T00031;3;L1021;coffee_table;glass;1;283.24;238.02;155.78;2017-05-07;LIVI;S04;1;27.02;0.0954;B
T00032;1;D2002;dining_table;walnut;1;1341.17;1127.04;737.65;2016-07-23;DINI;S04;0;0.0;0.0;
T00032;2;D2012;dining_chair;leather;1;207.38;174.27;114.06;2016-07-23;DINI;S01;0;0.0;0.0;
T00032;3;D2030;table_extension;oak;1;116.44;97.85;64.04;2016-07-23;DINI;S04;0;0.0;0.0;
T00033;1;L1020;coffee_table;oak;1;333.48;280.24;183.42;2015-12-29;LIVI;S04;0;0.0;0.0;
T00034;1;G5001;floor_lamp;luna;1;113.57;95.43;62.46;2017-02-27;LIGH;S03;0;0.0;0.0;
T00034;2;B3003;bed;kompakt;1;729.28;612.84;401.11;2017-02-27;BEDR;S02;0;0.0;0.0;
T00034;3;B3010;mattress;comfort;1;603.27;506.95;331.8;2017-02-27;BEDR;S06;0;0.0;0.0;
T00035;1;L1003;sofa;kompakt;1;832.94;699.95;458.12;2015-08-09;LIVI;S02;0;0.0;0.0;
T00035;2;L1051;rug;shaggy;1;309.27;259.89;170.1;2015-08-09;LIVI;S05;1;45.76;0.148;A
T00036;1;C7020;picture_frame;wood;3;18.31;15.38;10.07;2017-02-06;DECO;S05;0;0.0;0.0;
T00037;1;S8010;cabinet;oak;1;542.69;456.04;298.48;2016-02-22;STOR;S04;0;0.0;0.0;
T00038;1;D2010;dining_chair;oak;4;147.76;124.17;81.27;2016-07-10;DINI;S04;0;0.0;0.0;
T00039;1;B3001;bed;harmony;1;1102.89;926.8;606.59;2016-03-04;BEDR;S01;0;0.0;0.0;
T00039;2;B3010;mattress;comfort;1;608.14;511.04;334.48;2016-03-04;BEDR;S06;0;0.0;0.0;
T00039;3;B3020;headboard;harmony;1;279.91;235.22;153.95;2016-03-04;BEDR;S01;0;0.0;0.0;
T00039;4;B3030;nightstand;harmony;1;183.2;153.95;100.76;2016-03-04;BEDR;S01;0;0.0;0.0;
T00039;5;D2020;sideboard;oak;1;661.64;556.0;363.9;2016-03-04;DINI;S04;1;41.82;0.0632;B
T00040;1;L1020;coffee_table;oak;1;364.21;306.06;200.32;2017-05-27;LIVI;S04;0;0.0;0.0;
T00040;2;L1011;armchair;luna;1;469.6;394.62;258.28;2017-05-27;LIVI;S03;0;0.0;0.0;
T00041;1;O4020;bookshelf;oak;1;260.11;218.58;143.06;2016-09-22;OFFI;S04;0;0.0;0.0;
T00041;2;C7020;picture_frame;wood;2;18.23;15.32;10.03;2016-09-22;DECO;S05;0;0.0;0.0;
T00042;1;O4010;office_chair;ergo;1;347.81;292.28;191.3;2015-10-31;OFFI;S07;0;0.0;0.0;
T00043;1;E6030;dvd_player;basic;1;69.69;58.56;38.33;2015-11-03;ELEC;S08;1;4.32;0.062;M
T00043;2;B3030;nightstand;harmony;1;181.83;152.79;100.0;2015-11-03;BEDR;S01;0;0.0;0.0;
T00044;1;E6030;dvd_player;basic;1;71.75;60.29;39.46;2015-09-24;ELEC;S08;0;0.0;0.0;
T00044;2;D2020;sideboard;oak;1;634.11;532.86;348.76;2015-09-24;DINI;S04;0;0.0;0.0;
T00045;1;L1040;ottoman;luna;1;228.55;192.06;125.7;2016-07-24;LIVI;S03;0;0.0;0.0;
T00046;1;B3001;bed;harmony;1;1085.41;912.11;596.98;2016-02-15;BEDR;S01;2;171.13;0.1577;K
T00046;2;B3030;nightstand;harmony;1;185.27;155.69;101.9;2016-02-15;BEDR;S01;0;0.0;0.0;
T00047;1;L1021;coffee_table;glass;1;284.19;238.82;156.31;2017-05-26;LIVI;S04;0;0.0;0.0;
T00048;1;C7020;picture_frame;wood;2;18.89;15.87;10.39;2015-09-08;DECO;S05;0;0.0;0.0;
T00049;1;K9011;kitchen_chair;fabric;6;102.75;86.35;56.51;2016-05-28;KITC;S03;0;0.0;0.0;
T00049;2;L1020;coffee_table;oak;1;360.76;303.16;198.42;2016-05-28;LIVI;S04;0;0.0;0.0;
T00050;1;G5030;led_strip;smart;1;40.55;34.07;22.3;2016-10-29;LIGH;S08;0;0.0;0.0;
T00050;2;L1011;armchair;luna;1;437.36;367.53;240.55;2016-10-29;LIVI;S03;0;0.0;0.0;
T00051;1;C7020;picture_frame;wood;4;19.3;16.22;10.61;2017-06-30;DECO;S05;0;0.0;0.0;
T00052;1;L1003;sofa;kompakt;1;823.05;691.64;452.68;2015-07-05;LIVI;S02;1;104.7;0.1272;A
T00053;1;S8020;shoe_rack;compact;1;105.75;88.87;58.16;2017-03-10;STOR;S02;0;0.0;0.0;
T00054;1;B3040;wardrobe;harmony;1;1137.59;955.96;625.67;2016-11-22;BEDR;S01;0;0.0;0.0;
T00054;2;G5011;table_lamp;modern;2;47.5;39.91;26.12;2016-11-22;LIGH;S05;0;0.0;0.0;
T00055;1;K9021;bar_stool;metal;1;104.14;87.52;57.28;2015-09-12;KITC;S07;0;0.0;0.0;
T00056;1;L1002;sofa;milano;1;1885.36;1584.33;1036.95;2016-11-30;LIVI;S01;0;0.0;0.0;
T00056;2;L1050;rug;berber;1;194.37;163.34;106.9;2016-11-30;LIVI;S05;0;0.0;0.0;
T00057;1;L1040;ottoman;luna;1;223.38;187.71;122.86;2017-03-29;LIVI;S03;0;0.0;0.0;
T00057;2;D2011;dining_chair;fabric;6;114.82;96.48;63.15;2017-03-29;DINI;S03;0;0.0;0.0;
T00057;3;O4020;bookshelf;oak;1;246.61;207.24;135.64;2017-03-29;OFFI;S04;0;0.0;0.0;
T00058;1;L1021;coffee_table;glass;1;272.81;229.25;150.04;2016-08-22;LIVI;S04;0;0.0;0.0;
T00059;1;G5001;floor_lamp;luna;1;117.95;99.12;64.87;2016-09-22;LIGH;S03;0;0.0;0.0;
T00060;1;D2001;dining_table;oak;1;905.51;760.94;498.03;2016-05-08;DINI;S04;0;0.0;0.0;
T00060;2;D2010;dining_chair;oak;4;151.2;127.06;83.16;2016-05-08;DINI;S04;0;0.0;0.0;
T00060;3;D2030;table_extension;oak;1;116.81;98.16;64.25;2016-05-08;DINI;S04;0;0.0;0.0;
T00061;1;B3010;mattress;comfort;1;590.65;496.35;324.86;2016-03-07;BEDR;S06;0;0.0;0.0;
T00062;1;E6020;speakers;stereo;1;179.07;150.47;98.49;2016-08-05;ELEC;S08;0;0.0;0.0;
T00062;2;K9011;kitchen_chair;fabric;4;97.16;81.65;53.44;2016-08-05;KITC;S03;0;0.0;0.0;
T00063;1;L1020;coffee_table;oak;1;360.94;303.31;198.51;2016-04-06;LIVI;S04;0;0.0;0.0;
T00064;1;D2010;dining_chair;oak;2;146.23;122.88;80.42;2016-06-26;DINI;S04;0;0.0;0.0;
T00065;1;S8020;shoe_rack;compact;1;114.4;96.13;62.92;2017-04-20;STOR;S02;0;0.0;0.0;
T00065;2;B3001;bed;harmony;1;1078.22;906.07;593.02;2017-04-20;BEDR;S01;0;0.0;0.0;
T00065;3;B3010;mattress;comfort;1;611.3;513.7;336.22;2017-04-20;BEDR;S06;0;0.0;0.0;
T00065;4;B3030;nightstand;harmony;2;170.24;143.06;93.63;2017-04-20;BEDR;S01;0;0.0;0.0;
T00066;1;B3040;wardrobe;harmony;1;1062.28;892.67;584.26;2015-07-11;BEDR;S01;0;0.0;0.0;
T00067;1;O4011;office_chair;basic;1;172.58;145.03;94.92;2017-05-03;OFFI;S07;0;0.0;0.0;
T00067;2;U1020;parasol;basic;1;117.72;98.93;64.75;2017-05-03;OUTD;S09;0;0.0;0.0;
T00068;1;C7010;vase;ceramic;1;37.64;31.63;20.7;2017-06-23;DECO;S05;0;0.0;0.0;
T00069;1;L1002;sofa;milano;1;1724.18;1448.89;948.3;2015-12-26;LIVI;S01;0;0.0;0.0;
T00069;2;L1020;coffee_table;oak;1;360.99;303.35;198.55;2015-12-26;LIVI;S04;0;0.0;0.0;
T00070;1;G5030;led_strip;smart;1;37.28;31.32;20.5;2017-04-24;LIGH;S08;0;0.0;0.0;
T00070;2;C7010;vase;ceramic;1;38.37;32.24;21.1;2017-04-24;DECO;S05;0;0.0;0.0;
T00071;1;C7001;mirror;round;1;123.87;104.1;68.13;2016-02-28;DECO;S05;0;0.0;0.0;
T00071;2;B3031;nightstand;kompakt;2;117.1;98.41;64.41;2016-02-28;BEDR;S02;0;0.0;0.0;
T00072;1;O4001;desk;oak;1;386.13;324.48;212.37;2016-06-17;OFFI;S04;0;0.0;0.0;
T00072;2;O4010;office_chair;ergo;1;338.24;284.23;186.03;2016-06-17;OFFI;S07;0;0.0;0.0;
T00073;1;B3011;mattress;premium;1;907.85;762.9;499.32;2016-09-17;BEDR;S06;0;0.0;0.0;
T00074;1;D2010;dining_chair;oak;6;150.79;126.72;82.94;2017-05-08;DINI;S04;0;0.0;0.0;
T00074;2;G5020;ceiling_light;modern;1;173.42;145.73;95.38;2017-05-08;LIGH;S05;1;21.17;0.1221;A
T00075;1;C7030;curtain;linen;1;80.84;67.93;44.46;2017-06-04;DECO;S05;0;0.0;0.0;
T00075;2;L1021;coffee_table;glass;1;280.48;235.7;154.26;2017-06-04;LIVI;S04;0;0.0;0.0;
T00076;1;U1010;garden_table;rattan;1;287.75;241.81;158.26;2016-04-30;OUTD;S09;0;0.0;0.0;
T00076;2;U1002;garden_chair;metal;4;88.91;74.71;48.9;2016-04-30;OUTD;S09;2;10.65;0.1197;K
T00077;1;B3003;bed;kompakt;1;764.97;642.83;420.74;2016-02-23;BEDR;S02;0;0.0;0.0;
T00077;2;B3031;nightstand;kompakt;2;121.85;102.39;67.02;2016-02-23;BEDR;S02;0;0.0;0.0;
T00077;3;C7030;curtain;linen;1;75.44;63.39;41.49;2016-02-23;DECO;S05;0;0.0;0.0;
T00077;4;L1002;sofa;milano;1;1820.93;1530.19;1001.51;2016-02-23;LIVI;S01;1;91.87;0.0505;M
T00077;5;L1010;armchair;harmony;1;599.88;504.1;329.93;2016-02-23;LIVI;S01;0;0.0;0.0;
T00078;1;B3003;bed;kompakt;1;775.47;651.65;426.51;2016-07-22;BEDR;S02;0;0.0;0.0;
T00078;2;B3020;headboard;harmony;1;281.52;236.57;154.84;2016-07-22;BEDR;S01;0;0.0;0.0;
T00079;1;D2010;dining_chair;oak;1;146.64;123.23;80.65;2015-07-22;DINI;S04;0;0.0;0.0;
T00079;2;L1051;rug;shaggy;1;308.19;258.99;169.51;2015-07-22;LIVI;S05;2;29.11;0.0945;K
T00080;1;L1021;coffee_table;glass;1;292.88;246.12;161.09;2016-04-24;LIVI;S04;0;0.0;0.0;
T00081;1;B3002;bed;milano;1;1551.35;1303.65;853.24;2016-12-19;BEDR;S01;0;0.0;0.0;
T00081;2;B3020;headboard;harmony;1;277.7;233.36;152.73;2016-12-19;BEDR;S01;0;0.0;0.0;
T00082;1;D2030;table_extension;oak;1;124.46;104.59;68.46;2016-09-08;DINI;S04;0;0.0;0.0;
T00083;1;D2011;dining_chair;fabric;4;120.08;100.91;66.04;2016-07-02;DINI;S03;0;0.0;0.0;
T00083;2;D2002;dining_table;walnut;1;1272.94;1069.7;700.12;2016-07-02;DINI;S04;0;0.0;0.0;
T00083;3;D2031;table_extension;walnut;1;146.36;122.99;80.5;2016-07-02;DINI;S04;0;0.0;0.0;
T00084;1;K9001;kitchen_table;oak;1;446.23;374.99;245.43;2016-07-30;KITC;S04;0;0.0;0.0;
T00084;2;K9011;kitchen_chair;fabric;6;100.73;84.65;55.4;2016-07-30;KITC;S03;0;0.0;0.0;
T00084;3;C7010;vase;ceramic;3;40.12;33.72;22.07;2016-07-30;DECO;S05;0;0.0;0.0;
T00085;1;L1011;armchair;luna;1;449.57;377.79;247.26;2015-11-03;LIVI;S03;0;0.0;0.0;
T00085;2;K9011;kitchen_chair;fabric;1;103.55;87.02;56.95;2015-11-03;KITC;S03;0;0.0;0.0;
T00086;1;L1002;sofa;milano;1;1718.22;1443.88;945.02;2016-08-14;LIVI;S01;0;0.0;0.0;
T00086;2;L1020;coffee_table;oak;1;344.97;289.89;189.73;2016-08-14;LIVI;S04;0;0.0;0.0;
T00087;1;L1051;rug;shaggy;1;295.83;248.6;162.71;2017-04-17;LIVI;S05;0;0.0;0.0;
T00088;1;L1001;sofa;harmony;1;1190.77;1000.64;654.92;2016-11-22;LIVI;S01;0;0.0;0.0;
T00088;2;L1021;coffee_table;glass;1;288.52;242.45;158.69;2016-11-22;LIVI;S04;0;0.0;0.0;
T00088;3;L1010;armchair;harmony;1;588.37;494.43;323.6;2016-11-22;LIVI;S01;0;0.0;0.0;
T00089;1;E6001;tv;smart55;1;795.87;668.79;437.73;2017-04-29;ELEC;S08;0;0.0;0.0;
T00089;2;E6010;soundbar;compact;1;240.3;201.93;132.16;2017-04-29;ELEC;S08;0;0.0;0.0;
T00090;1;L1030;side_table;oak;1;120.07;100.9;66.04;2016-06-15;LIVI;S04;0;0.0;0.0;
T00090;2;L1001;sofa;harmony;1;1139.62;957.66;626.79;2016-06-15;LIVI;S01;1;127.54;0.1119;B
T00090;3;L1020;coffee_table;oak;1;358.53;301.28;197.19;2016-06-15;LIVI;S04;1;27.04;0.0754;A
T00090;4;L1011;armchair;luna;1;467.8;393.11;257.29;2016-06-15;LIVI;S03;0;0.0;0.0;
T00090;5;O4010;office_chair;ergo;1;352.61;296.31;193.94;2016-06-15;OFFI;S07;2;36.75;0.1042;K
T00091;1;D2012;dining_chair;leather;2;197.29;165.79;108.51;2017-02-14;DINI;S01;0;0.0;0.0;
T00091;2;G5001;floor_lamp;luna;1;113.98;95.78;62.69;2017-02-14;LIGH;S03;0;0.0;0.0;
T00092;1;L1001;sofa;harmony;1;1245.76;1046.86;685.17;2016-12-19;LIVI;S01;0;0.0;0.0;
T00092;2;L1021;coffee_table;glass;1;268.57;225.69;147.71;2016-12-19;LIVI;S04;0;0.0;0.0;
T00093;1;G5031;led_strip;basic;1;19.01;15.98;10.46;2016-03-10;LIGH;S08;2;0.96;0.0506;K
T00094;1;K9021;bar_stool;metal;1;104.93;88.18;57.71;2015-07-13;KITC;S07;1;14.48;0.138;B
T00095;1;G5010;table_lamp;luna;1;79.75;67.01;43.86;2016-07-26;LIGH;S03;0;0.0;0.0;
T00096;1;S8001;dresser;harmony;1;382.63;321.54;210.45;2016-03-08;STOR;S01;0;0.0;0.0;
T00097;1;K9002;kitchen_table;kompakt;1;295.9;248.65;162.74;2016-10-28;KITC;S02;0;0.0;0.0;
T00097;2;K9011;kitchen_chair;fabric;4;99.66;83.75;54.81;2016-10-28;KITC;S03;0;0.0;0.0;
T00098;1;B3010;mattress;comfort;1;569.8;478.82;313.39;2016-12-06;BEDR;S06;0;0.0;0.0;
T00099;1;O4002;desk;compact;1;253.55;213.06;139.45;2017-06-18;OFFI;S02;0;0.0;0.0;
T00099;2;O4010;office_chair;ergo;1;365.11;306.81;200.81;2017-06-18;OFFI;S07;0;0.0;0.0;
T00100;1;K9001;kitchen_table;oak;1;447.64;376.17;246.2;2016-11-10;KITC;S04;0;0.0;0.0;
T00101;1;S8020;shoe_rack;compact;1;109.19;91.75;60.05;2015-11-23;STOR;S02;0;0.0;0.0;
T00102;1;C7010;vase;ceramic;1;40.58;34.1;22.32;2016-10-20;DECO;S05;1;5.27;0.1298;M
T00103;1;D2001;dining_table;oak;1;908.78;763.68;499.83;2016-07-02;DINI;S04;0;0.0;0.0;
T00103;2;D2010;dining_chair;oak;4;150.52;126.48;82.78;2016-07-02;DINI;S04;1;14.56;0.0968;A
T00103;3;K9002;kitchen_table;kompakt;1;289.93;243.64;159.46;2016-07-02;KITC;S02;0;0.0;0.0;
T00103;4;K9010;kitchen_chair;oak;2;114.61;96.31;63.04;2016-07-02;KITC;S04;0;0.0;0.0;
T00104;1;D2020;sideboard;oak;1;629.67;529.13;346.32;2016-02-10;DINI;S04;0;0.0;0.0;
T00104;2;D2003;dining_table;kompakt;1;600.32;504.47;330.18;2016-02-10;DINI;S02;0;0.0;0.0;
T00104;3;D2012;dining_chair;leather;2;189.95;159.62;104.47;2016-02-10;DINI;S01;0;0.0;0.0;
T00105;1;U1002;garden_chair;metal;1;86.8;72.94;47.74;2016-11-12;OUTD;S09;0;0.0;0.0;
T00105;2;B3031;nightstand;kompakt;2;123.48;103.77;67.92;2016-11-12;BEDR;S02;1;18.33;0.1485;B
T00106;1;U1002;garden_chair;metal;1;87.26;73.33;47.99;2017-06-18;OUTD;S09;0;0.0;0.0;
T00107;1;S8010;cabinet;oak;1;551.33;463.3;303.23;2016-05-06;STOR;S04;0;0.0;0.0;
T00108;1;D2003;dining_table;kompakt;1;591.29;496.88;325.21;2015-09-09;DINI;S02;0;0.0;0.0;
T00108;2;D2012;dining_chair;leather;4;204.42;171.78;112.43;2015-09-09;DINI;S01;0;0.0;0.0;
T00109;1;L1021;coffee_table;glass;1;272.43;228.93;149.84;2016-09-14;LIVI;S04;0;0.0;0.0;
T00110;1;L1050;rug;berber;1;188.05;158.03;103.43;2017-05-19;LIVI;S05;0;0.0;0.0;
T00111;1;K9001;kitchen_table;oak;1;450.39;378.47;247.71;2017-04-03;KITC;S04;0;0.0;0.0;
T00112;1;D2003;dining_table;kompakt;1;598.44;502.89;329.14;2016-12-01;DINI;S02;0;0.0;0.0;
T00112;2;D2012;dining_chair;leather;4;197.7;166.13;108.73;2016-12-01;DINI;S01;0;0.0;0.0;
T00113;1;K9020;bar_stool;oak;1;145.3;122.1;79.91;2016-03-19;KITC;S04;0;0.0;0.0;
T00114;1;O4002;desk;compact;1;248.13;208.51;136.47;2015-09-30;OFFI;S02;0;0.0;0.0;
T00114;2;O4010;office_chair;ergo;1;350.11;294.21;192.56;2015-09-30;OFFI;S07;0;0.0;0.0;
T00114;3;O4020;bookshelf;oak;1;261.17;219.47;143.64;2015-09-30;OFFI;S04;0;0.0;0.0;
T00114;4;D2012;dining_chair;leather;4;198.38;166.7;109.11;2015-09-30;DINI;S01;0;0.0;0.0;
T00115;1;D2030;table_extension;oak;1;117.12;98.42;64.42;2017-02-25;DINI;S04;0;0.0;0.0;
T00116;1;G5011;table_lamp;modern;1;51.08;42.92;28.09;2017-05-04;LIGH;S05;0;0.0;0.0;
T00116;2;C7030;curtain;linen;1;80.1;67.31;44.05;2017-05-04;DECO;S05;0;0.0;0.0;
T00117;1;D2010;dining_chair;oak;4;143.47;120.57;78.91;2016-08-07;DINI;S04;0;0.0;0.0;
T00118;1;G5020;ceiling_light;modern;1;176.13;148.01;96.87;2017-06-26;LIGH;S05;0;0.0;0.0;
T00119;1;B3020;headboard;harmony;1;278.24;233.82;153.03;2016-04-28;BEDR;S01;2;28.22;0.1014;K
T00119;2;O4020;bookshelf;oak;1;240.96;202.49;132.53;2016-04-28;OFFI;S04;0;0.0;0.0;
T00120;1;L1002;sofa;milano;1;1774.95;1491.56;976.22;2017-06-20;LIVI;S01;0;0.0;0.0;
T00120;2;O4002;desk;compact;1;246.59;207.22;135.62;2017-06-20;OFFI;S02;0;0.0;0.0;
T00120;3;U1002;garden_chair;metal;4;89.08;74.86;48.99;2017-06-20;OUTD;S09;1;8.19;0.0919;M
T00121;1;D2030;table_extension;oak;1;118.29;99.4;65.06;2015-11-16;DINI;S04;0;0.0;0.0;
T00122;1;L1011;armchair;luna;1;456.31;383.46;250.97;2016-10-16;LIVI;S03;0;0.0;0.0;
T00122;2;G5020;ceiling_light;modern;1;166.07;139.55;91.34;2016-10-16;LIGH;S05;0;0.0;0.0;
T00123;1;S8001;dresser;harmony;1;385.36;323.83;211.95;2015-10-27;STOR;S01;0;0.0;0.0;
T00124;1;D2010;dining_chair;oak;2;151.6;127.4;83.38;2017-01-19;DINI;S04;1;10.65;0.0703;M
T00125;1;E6001;tv;smart55;1;809.03;679.85;444.96;2016-07-31;ELEC;S08;0;0.0;0.0;
T00126;1;B3003;bed;kompakt;1;744.8;625.88;409.64;2016-12-06;BEDR;S02;1;100.84;0.1354;M
T00126;2;B3010;mattress;comfort;1;588.35;494.41;323.59;2016-12-06;BEDR;S06;0;0.0;0.0;
T00127;1;G5011;table_lamp;modern;1;51.02;42.88;28.06;2016-11-27;LIGH;S05;1;6.85;0.1343;B
T00128;1;C7002;mirror;framed;1;168.67;141.74;92.77;2017-05-15;DECO;S05;0;0.0;0.0;
T00128;2;C7010;vase;ceramic;1;39.56;33.25;21.76;2017-05-15;DECO;S05;0;0.0;0.0;
T00129;1;D2003;dining_table;kompakt;1;569.5;478.57;313.22;2017-06-15;DINI;S02;0;0.0;0.0;
T00129;2;D2011;dining_chair;fabric;4;123.04;103.39;67.67;2017-06-15;DINI;S03;0;0.0;0.0;
T00129;3;D2031;table_extension;walnut;1;153.09;128.65;84.2;2017-06-15;DINI;S04;0;0.0;0.0;
T00130;1;U1020;parasol;basic;1;114.88;96.54;63.19;2015-09-23;OUTD;S09;0;0.0;0.0;
T00131;1;G5001;floor_lamp;luna;1;114.69;96.38;63.08;2016-04-11;LIGH;S03;0;0.0;0.0;
T00131;2;U1002;garden_chair;metal;2;92.43;77.67;50.83;2016-04-11;OUTD;S09;0;0.0;0.0;
T00131;3;L1010;armchair;harmony;1;575.75;483.82;316.66;2016-04-11;LIVI;S01;0;0.0;0.0;
T00132;1;B3010;mattress;comfort;1;599.05;503.4;329.48;2016-08-24;BEDR;S06;0;0.0;0.0;
T00133;1;G5010;table_lamp;luna;1;80.8;67.9;44.44;2015-11-06;LIGH;S03;2;7.9;0.0977;A
T00133;2;U1020;parasol;basic;1;118.1;99.25;64.96;2015-11-06;OUTD;S09;0;0.0;0.0;
T00133;3;B3040;wardrobe;harmony;1;1117.93;939.44;614.86;2015-11-06;BEDR;S01;0;0.0;0.0;
T00134;1;C7010;vase;ceramic;1;38.3;32.19;21.07;2016-06-02;DECO;S05;0;0.0;0.0;
T00134;2;C7030;curtain;linen;1;81.38;68.39;44.76;2016-06-02;DECO;S05;0;0.0;0.0;
T00135;1;L1030;side_table;oak;1;114.88;96.54;63.18;2015-12-10;LIVI;S04;0;0.0;0.0;
T00135;2;L1011;armchair;luna;1;429.58;360.99;236.27;2015-12-10;LIVI;S03;0;0.0;0.0;
T00136;1;L1001;sofa;harmony;1;1156.66;971.98;636.16;2017-04-13;LIVI;S01;1;153.04;0.1323;B
T00136;2;L1051;rug;shaggy;1;308.54;259.28;169.7;2017-04-13;LIVI;S05;0;0.0;0.0;
T00136;3;L1041;ottoman;kompakt;1;157.32;132.2;86.53;2017-04-13;LIVI;S02;0;0.0;0.0;
T00137;1;D2010;dining_chair;oak;4;148.47;124.77;81.66;2016-07-28;DINI;S04;0;0.0;0.0;
T00137;2;B3040;wardrobe;harmony;1;1068.14;897.6;587.48;2016-07-28;BEDR;S01;0;0.0;0.0;
T00138;1;L1021;coffee_table;glass;1;269.97;226.86;148.48;2016-10-17;LIVI;S04;0;0.0;0.0;
T00139;1;S8010;cabinet;oak;1;575.92;483.97;316.76;2016-12-31;STOR;S04;0;0.0;0.0;
T00140;1;B3020;headboard;harmony;1;289.46;243.25;159.21;2017-06-22;BEDR;S01;2;52.37;0.1809;K
T00141;1;D2001;dining_table;oak;1;928.54;780.28;510.7;2016-05-28;DINI;S04;0;0.0;0.0;
T00141;2;D2010;dining_chair;oak;1;142.29;119.57;78.26;2016-05-28;DINI;S04;0;0.0;0.0;
T00142;1;B3030;nightstand;harmony;2;183.62;154.3;100.99;2015-11-18;BEDR;S01;0;0.0;0.0;
T00143;1;B3002;bed;milano;1;1519.22;1276.66;835.57;2016-03-11;BEDR;S01;0;0.0;0.0;
T00143;2;B3010;mattress;comfort;1;622.63;523.22;342.45;2016-03-11;BEDR;S06;0;0.0;0.0;
T00143;3;B3031;nightstand;kompakt;1;123.64;103.9;68.0;2016-03-11;BEDR;S02;0;0.0;0.0;
T00144;1;B3030;nightstand;harmony;1;177.62;149.26;97.69;2016-08-14;BEDR;S01;0;0.0;0.0;
T00144;2;L1003;sofa;kompakt;1;769.81;646.9;423.4;2016-08-14;LIVI;S02;1;63.16;0.082;B
T00144;3;L1021;coffee_table;glass;1;266.59;224.03;146.63;2016-08-14;LIVI;S04;0;0.0;0.0;
T00144;4;L1011;armchair;luna;1;438.44;368.44;241.14;2016-08-14;LIVI;S03;0;0.0;0.0;
T00145;1;D2001;dining_table;oak;1;909.75;764.5;500.36;2016-03-20;DINI;S04;0;0.0;0.0;
T00145;2;D2020;sideboard;oak;1;671.87;564.6;369.53;2016-03-20;DINI;S04;0;0.0;0.0;
T00146;1;B3040;wardrobe;harmony;1;1132.65;951.81;622.96;2015-09-14;BEDR;S01;0;0.0;0.0;
T00146;2;L1002;sofa;milano;1;1885.11;1584.12;1036.81;2015-09-14;LIVI;S01;0;0.0;0.0;
T00146;3;O4010;office_chair;ergo;1;348.78;293.09;191.83;2015-09-14;OFFI;S07;2;37.36;0.1071;K
T00147;1;O4020;bookshelf;oak;1;244.55;205.5;134.5;2017-02-08;OFFI;S04;0;0.0;0.0;
T00148;1;L1020;coffee_table;oak;1;344.07;289.13;189.24;2016-04-16;LIVI;S04;0;0.0;0.0;
T00148;2;O4011;office_chair;basic;1;177.77;149.39;97.78;2016-04-16;OFFI;S07;0;0.0;0.0;
T00149;1;K9011;kitchen_chair;fabric;2;98.52;82.79;54.18;2016-04-03;KITC;S03;0;0.0;0.0;
T00150;1;B3030;nightstand;harmony;1;176.24;148.1;96.93;2017-05-08;BEDR;S01;0;0.0;0.0;
T00150;2;O4010;office_chair;ergo;1;334.85;281.39;184.17;2017-05-08;OFFI;S07;0;0.0;0.0;
T00151;1;B3002;bed;milano;1;1527.46;1283.58;840.1;2016-06-30;BEDR;S01;1;136.32;0.0892;M
T00151;2;B3010;mattress;comfort;1;624.39;524.7;343.42;2016-06-30;BEDR;S06;0;0.0;0.0;
T00151;3;B3020;headboard;harmony;1;265.18;222.84;145.85;2016-06-30;BEDR;S01;0;0.0;0.0;
T00151;4;O4020;bookshelf;oak;1;253.49;213.02;139.42;2016-06-30;OFFI;S04;0;0.0;0.0;
T00151;5;G5020;ceiling_light;modern;1;161.0;135.29;88.55;2016-06-30;LIGH;S05;0;0.0;0.0;
T00152;1;B3030;nightstand;harmony;1;184.13;154.73;101.27;2015-10-19;BEDR;S01;0;0.0;0.0;
T00153;1;K9010;kitchen_chair;oak;4;116.27;97.7;63.95;2017-03-14;KITC;S04;0;0.0;0.0;
T00154;1;B3031;nightstand;kompakt;2;124.52;104.64;68.48;2016-05-13;BEDR;S02;1;8.56;0.0688;M
T00155;1;K9010;kitchen_chair;oak;1;122.7;103.11;67.49;2017-05-11;KITC;S04;0;0.0;0.0;
T00156;1;O4010;office_chair;ergo;1;344.46;289.46;189.45;2016-09-07;OFFI;S07;0;0.0;0.0;
T00156;2;G5001;floor_lamp;luna;1;114.46;96.18;62.95;2016-09-07;LIGH;S03;0;0.0;0.0;
T00156;3;B3010;mattress;comfort;1;619.23;520.36;340.58;2016-09-07;BEDR;S06;0;0.0;0.0;
T00157;1;K9002;kitchen_table;kompakt;1;304.68;256.04;167.58;2016-11-28;KITC;S02;0;0.0;0.0;
T00157;2;K9010;kitchen_chair;oak;4;117.53;98.77;64.64;2016-11-28;KITC;S04;0;0.0;0.0;
T00158;1;L1002;sofa;milano;1;1742.96;1464.67;958.63;2016-02-08;LIVI;S01;0;0.0;0.0;
T00159;1;K9011;kitchen_chair;fabric;4;103.7;87.14;57.03;2015-11-13;KITC;S03;0;0.0;0.0;
T00160;1;G5010;table_lamp;luna;1;78.46;65.93;43.15;2015-09-09;LIGH;S03;0;0.0;0.0;
T00160;2;O4030;filing_cabinet;metal;1;269.93;226.83;148.46;2015-09-09;OFFI;S07;2;52.31;0.1938;K
T00161;1;G5030;led_strip;smart;1;40.57;34.09;22.31;2015-07-30;LIGH;S08;0;0.0;0.0;
T00162;1;C7030;curtain;linen;1;75.52;63.46;41.54;2016-02-13;DECO;S05;0;0.0;0.0;
T00163;1;L1040;ottoman;luna;1;228.1;191.68;125.46;2017-05-15;LIVI;S03;0;0.0;0.0;
T00164;1;B3011;mattress;premium;1;941.14;790.87;517.63;2016-11-29;BEDR;S06;0;0.0;0.0;
T00165;1;L1051;rug;shaggy;1;312.88;262.93;172.09;2016-04-16;LIVI;S05;0;0.0;0.0;
T00166;1;E6002;tv;smart65;1;1154.27;969.97;634.85;2016-11-04;ELEC;S08;0;0.0;0.0;
T00166;2;U1001;garden_chair;rattan;2;119.52;100.43;65.73;2016-11-04;OUTD;S09;1;17.59;0.1472;M
T00167;1;B3030;nightstand;harmony;1;176.52;148.34;97.09;2016-05-16;BEDR;S01;0;0.0;0.0;
T00168;1;L1011;armchair;luna;1;461.57;387.87;253.86;2016-11-27;LIVI;S03;0;0.0;0.0;
T00169;1;O4020;bookshelf;oak;1;240.47;202.08;132.26;2015-11-19;OFFI;S04;0;0.0;0.0;
T00170;1;U1010;garden_table;rattan;1;300.11;252.2;165.06;2017-05-11;OUTD;S09;0;0.0;0.0;
T00170;2;U1001;garden_chair;rattan;1;122.58;103.01;67.42;2017-05-11;OUTD;S09;0;0.0;0.0;
T00170;3;D2002;dining_table;walnut;1;1346.3;1131.35;740.47;2017-05-11;DINI;S04;1;114.15;0.0848;A
T00170;4;D2010;dining_chair;oak;2;148.07;124.43;81.44;2017-05-11;DINI;S04;1;13.01;0.0878;A
T00170;5;D2030;table_extension;oak;1;122.22;102.71;67.22;2017-05-11;DINI;S04;0;0.0;0.0;
T00170;6;K9021;bar_stool;metal;1;105.54;88.69;58.05;2017-05-11;KITC;S07;0;0.0;0.0;
T00171;1;G5011;table_lamp;modern;1;50.09;42.09;27.55;2015-11-13;LIGH;S05;0;0.0;0.0;
T00172;1;K9021;bar_stool;metal;1;104.72;88.0;57.6;2016-10-20;KITC;S07;0;0.0;0.0;
T00173;1;B3040;wardrobe;harmony;1;1153.38;969.23;634.36;2016-07-23;BEDR;S01;0;0.0;0.0;
T00174;1;B3030;nightstand;harmony;1;180.66;151.82;99.37;2016-07-14;BEDR;S01;0;0.0;0.0;
T00175;1;L1003;sofa;kompakt;1;763.87;641.91;420.13;2016-12-08;LIVI;S02;0;0.0;0.0;
T00176;1;G5011;table_lamp;modern;1;50.75;42.64;27.91;2016-10-09;LIGH;S05;0;0.0;0.0;
T00176;2;B3010;mattress;comfort;1;589.88;495.69;324.43;2016-10-09;BEDR;S06;0;0.0;0.0;
T00177;1;U1002;garden_chair;metal;2;91.78;77.12;50.48;2017-01-19;OUTD;S09;0;0.0;0.0;
T00178;1;E6020;speakers;stereo;1;173.91;146.14;95.65;2016-11-03;ELEC;S08;0;0.0;0.0;
T00179;1;L1051;rug;shaggy;1;306.39;257.47;168.52;2016-03-12;LIVI;S05;1;23.67;0.0773;A
T00180;1;U1001;garden_chair;rattan;1;116.52;97.91;64.08;2016-08-15;OUTD;S09;0;0.0;0.0;
T00181;1;S8020;shoe_rack;compact;1;105.16;88.37;57.84;2015-09-19;STOR;S02;0;0.0;0.0;
T00181;2;E6001;tv;smart55;1;783.69;658.56;431.03;2015-09-19;ELEC;S08;0;0.0;0.0;
T00181;3;E6010;soundbar;compact;1;250.25;210.29;137.64;2015-09-19;ELEC;S08;0;0.0;0.0;
T00182;1;B3030;nightstand;harmony;2;178.07;149.64;97.94;2015-10-17;BEDR;S01;0;0.0;0.0;
T00182;2;E6011;soundbar;premium;1;388.66;326.6;213.76;2015-10-17;ELEC;S08;0;0.0;0.0;
T00183;1;L1050;rug;berber;1;186.96;157.11;102.83;2015-08-21;LIVI;S05;0;0.0;0.0;
T00184;1;D2012;dining_chair;leather;1;197.78;166.2;108.78;2017-04-26;DINI;S01;0;0.0;0.0;
T00185;1;B3001;bed;harmony;1;1139.35;957.44;626.64;2016-12-31;BEDR;S01;2;161.82;0.142;A
T00185;2;B3011;mattress;premium;1;935.73;786.33;514.65;2016-12-31;BEDR;S06;0;0.0;0.0;
T00186;1;B3020;headboard;harmony;1;265.49;223.1;146.02;2017-04-11;BEDR;S01;0;0.0;0.0;
T00187;1;B3003;bed;kompakt;1;786.06;660.56;432.33;2016-06-07;BEDR;S02;1;109.25;0.139;B
T00187;2;B3010;mattress;comfort;1;587.88;494.02;323.33;2016-06-07;BEDR;S06;0;0.0;0.0;
T00187;3;B3020;headboard;harmony;1;272.53;229.02;149.89;2016-06-07;BEDR;S01;0;0.0;0.0;
T00187;4;S8010;cabinet;oak;1;573.09;481.59;315.2;2016-06-07;STOR;S04;0;0.0;0.0;
T00188;1;D2011;dining_chair;fabric;2;113.74;95.58;62.56;2017-06-27;DINI;S03;1;10.27;0.0903;B
T00189;1;G5011;table_lamp;modern;1;50.53;42.46;27.79;2015-08-13;LIGH;S05;0;0.0;0.0;
T00190;1;K9020;bar_stool;oak;1;141.47;118.88;77.81;2017-03-01;KITC;S04;0;0.0;0.0;
T00191;1;D2010;dining_chair;oak;4;145.32;122.12;79.93;2016-05-03;DINI;S04;0;0.0;0.0;
T00191;2;B3010;mattress;comfort;1;615.28;517.05;338.41;2016-05-03;BEDR;S06;0;0.0;0.0;
T00192;1;C7030;curtain;linen;1;75.08;63.1;41.3;2015-12-19;DECO;S05;0;0.0;0.0;
T00193;1;L1002;sofa;milano;1;1864.09;1566.46;1025.25;2016-03-22;LIVI;S01;0;0.0;0.0;
T00193;2;L1020;coffee_table;oak;1;355.65;298.86;195.6;2016-03-22;LIVI;S04;2;39.75;0.1118;K
T00193;3;L1050;rug;berber;1;187.17;157.29;102.95;2016-03-22;LIVI;S05;1;13.96;0.0746;M
T00193;4;B3001;bed;harmony;1;1126.98;947.04;619.84;2016-03-22;BEDR;S01;0;0.0;0.0;
T00193;5;B3010;mattress;comfort;1;597.1;501.76;328.4;2016-03-22;BEDR;S06;0;0.0;0.0;
T00194;1;L1050;rug;berber;1;185.02;155.48;101.76;2016-12-15;LIVI;S05;0;0.0;0.0;
T00195;1;C7010;vase;ceramic;1;38.04;31.97;20.92;2015-12-02;DECO;S05;0;0.0;0.0;
T00196;1;U1002;garden_chair;metal;1;92.09;77.38;50.65;2017-04-24;OUTD;S09;0;0.0;0.0;
T00197;1;L1041;ottoman;kompakt;1;163.5;137.39;89.92;2016-01-04;LIVI;S02;0;0.0;0.0;
T00198;1;K9002;kitchen_table;kompakt;1;287.89;241.92;158.34;2015-07-26;KITC;S02;0;0.0;0.0;
T00198;2;D2002;dining_table;walnut;1;1355.96;1139.46;745.78;2015-07-26;DINI;S04;0;0.0;0.0;
T00198;3;D2012;dining_chair;leather;4;206.5;173.53;113.57;2015-07-26;DINI;S01;0;0.0;0.0;
T00198;4;D2031;table_extension;walnut;1;152.65;128.27;83.96;2015-07-26;DINI;S04;0;0.0;0.0;
T00199;1;D2011;dining_chair;fabric;2;119.03;100.03;65.47;2015-10-26;DINI;S03;0;0.0;0.0;
T00200;1;O4020;bookshelf;oak;1;256.14;215.25;140.88;2016-12-29;OFFI;S04;1;19.13;0.0747;M
T00201;1;G5031;led_strip;basic;1;18.41;15.47;10.12;2016-12-20;LIGH;S08;0;0.0;0.0;
T00202;1;E6010;soundbar;compact;1;238.89;200.74;131.39;2016-05-27;ELEC;S08;0;0.0;0.0;
T00202;2;U1010;garden_table;rattan;1;310.23;260.7;170.63;2016-05-27;OUTD;S09;0;0.0;0.0;
T00202;3;U1002;garden_chair;metal;4;87.96;73.91;48.38;2016-05-27;OUTD;S09;2;16.05;0.1825;K
T00203;1;C7010;vase;ceramic;2;39.62;33.29;21.79;2017-01-21;DECO;S05;0;0.0;0.0;
T00204;1;L1001;sofa;harmony;1;1180.81;992.28;649.44;2016-02-06;LIVI;S01;1;62.69;0.0531;M
T00204;2;L1021;coffee_table;glass;1;291.42;244.89;160.28;2016-02-06;LIVI;S04;0;0.0;0.0;
T00205;1;E6020;speakers;stereo;1;185.56;155.93;102.06;2016-04-15;ELEC;S08;0;0.0;0.0;
T00206;1;D2001;dining_table;oak;1;920.94;773.9;506.51;2016-12-19;DINI;S04;0;0.0;0.0;
T00206;2;D2012;dining_chair;leather;4;198.0;166.38;108.9;2016-12-19;DINI;S01;0;0.0;0.0;
T00206;3;D2030;table_extension;oak;1;115.45;97.02;63.5;2016-12-19;DINI;S04;1;15.14;0.1312;M
T00206;4;D2020;sideboard;oak;1;639.24;537.17;351.58;2016-12-19;DINI;S04;0;0.0;0.0;
T00206;5;G5011;table_lamp;modern;1;51.31;43.12;28.22;2016-12-19;LIGH;S05;1;7.3;0.1422;M
T00207;1;L1050;rug;berber;1;181.25;152.31;99.69;2016-02-28;LIVI;S05;0;0.0;0.0;
T00208;1;U1010;garden_table;rattan;1;307.21;258.16;168.96;2016-04-04;OUTD;S09;0;0.0;0.0;
T00208;2;U1001;garden_chair;rattan;4;120.65;101.38;66.36;2016-04-04;OUTD;S09;0;0.0;0.0;
T00209;1;E6001;tv;smart55;1;772.61;649.25;424.94;2015-08-22;ELEC;S08;0;0.0;0.0;
T00210;1;L1040;ottoman;luna;1;226.49;190.33;124.57;2017-01-22;LIVI;S03;0;0.0;0.0;
T00211;1;G5020;ceiling_light;modern;1;173.48;145.78;95.41;2016-01-07;LIGH;S05;0;0.0;0.0;
T00211;2;L1010;armchair;harmony;1;582.03;489.1;320.11;2016-01-07;LIVI;S01;0;0.0;0.0;
T00212;1;D2011;dining_chair;fabric;2;119.65;100.54;65.81;2016-10-18;DINI;S03;0;0.0;0.0;
T00213;1;G5010;table_lamp;luna;1;80.53;67.67;44.29;2017-04-26;LIGH;S03;0;0.0;0.0;
T00214;1;L1010;armchair;harmony;1;593.55;498.78;326.45;2016-08-13;LIVI;S01;0;0.0;0.0;
T00215;1;D2001;dining_table;oak;1;898.93;755.4;494.41;2016-11-10;DINI;S04;0;0.0;0.0;
T00215;2;D2011;dining_chair;fabric;6;118.9;99.92;65.4;2016-11-10;DINI;S03;0;0.0;0.0;
T00215;3;D2031;table_extension;walnut;1;150.52;126.49;82.79;2016-11-10;DINI;S04;0;0.0;0.0;
T00215;4;B3030;nightstand;harmony;1;179.28;150.66;98.6;2016-11-10;BEDR;S01;0;0.0;0.0;
T00216;1;B3031;nightstand;kompakt;2;118.41;99.51;65.13;2016-07-11;BEDR;S02;0;0.0;0.0;
T00217;1;D2001;dining_table;oak;1;883.38;742.34;485.86;2017-05-04;DINI;S04;0;0.0;0.0;
T00217;2;D2010;dining_chair;oak;4;152.87;128.46;84.08;2017-05-04;DINI;S04;0;0.0;0.0;
T00217;3;L1002;sofa;milano;1;1872.0;1573.11;1029.6;2017-05-04;LIVI;S01;0;0.0;0.0;
T00217;4;L1011;armchair;luna;1;460.5;386.97;253.27;2017-05-04;LIVI;S03;0;0.0;0.0;
T00217;5;L1051;rug;shaggy;1;313.91;263.79;172.65;2017-05-04;LIVI;S05;0;0.0;0.0;
T00218;1;D2003;dining_table;kompakt;1;607.33;510.36;334.03;2016-12-12;DINI;S02;1;87.03;0.1433;A
T00218;2;D2011;dining_chair;fabric;2;119.34;100.29;65.64;2016-12-12;DINI;S03;0;0.0;0.0;
T00219;1;B3010;mattress;comfort;1;585.17;491.74;321.84;2015-12-12;BEDR;S06;0;0.0;0.0;
T00219;2;U1002;garden_chair;metal;2;89.54;75.24;49.25;2015-12-12;OUTD;S09;0;0.0;0.0;
T00219;3;K9002;kitchen_table;kompakt;1;303.09;254.69;166.7;2015-12-12;KITC;S02;0;0.0;0.0;
T00220;1;E6020;speakers;stereo;1;175.97;147.87;96.78;2016-02-07;ELEC;S08;0;0.0;0.0;
T00221;1;S8010;cabinet;oak;1;534.06;448.79;293.73;2016-05-10;STOR;S04;0;0.0;0.0;
T00222;1;O4002;desk;compact;1;238.17;200.14;130.99;2015-11-15;OFFI;S02;0;0.0;0.0;
T00222;2;O4010;office_chair;ergo;1;351.85;295.67;193.52;2015-11-15;OFFI;S07;0;0.0;0.0;
T00222;3;O4020;bookshelf;oak;1;257.68;216.54;141.73;2015-11-15;OFFI;S04;0;0.0;0.0;
T00223;1;B3011;mattress;premium;1;860.5;723.11;473.28;2016-07-14;BEDR;S06;0;0.0;0.0;
T00224;1;K9010;kitchen_chair;oak;1;123.81;104.04;68.09;2016-09-16;KITC;S04;0;0.0;0.0;
T00225;1;L1051;rug;shaggy;1;301.97;253.76;166.09;2016-11-10;LIVI;S05;2;37.48;0.1241;A
T00225;2;E6011;soundbar;premium;1;391.03;328.6;215.07;2016-11-10;ELEC;S08;0;0.0;0.0;
T00226;1;D2001;dining_table;oak;1;908.93;763.8;499.91;2017-01-15;DINI;S04;0;0.0;0.0;
T00226;2;D2010;dining_chair;oak;6;152.15;127.86;83.68;2017-01-15;DINI;S04;0;0.0;0.0;
T00226;3;D2020;sideboard;oak;1;647.38;544.02;356.06;2017-01-15;DINI;S04;0;0.0;0.0;
T00227;1;D2003;dining_table;kompakt;1;618.43;519.69;340.14;2016-03-19;DINI;S02;1;43.37;0.0701;B
T00227;2;D2010;dining_chair;oak;1;155.33;130.53;85.43;2016-03-19;DINI;S04;2;8.05;0.0518;K
T00228;1;U1010;garden_table;rattan;1;286.39;240.66;157.51;2017-03-30;OUTD;S09;0;0.0;0.0;
T00229;1;G5010;table_lamp;luna;1;79.57;66.86;43.76;2017-01-08;LIGH;S03;0;0.0;0.0;
T00230;1;L1010;armchair;harmony;1;597.35;501.98;328.54;2016-10-27;LIVI;S01;0;0.0;0.0;
T00230;2;S8020;shoe_rack;compact;1;106.95;89.88;58.82;2016-10-27;STOR;S02;2;17.11;0.16;K
T00231;1;L1050;rug;berber;1;188.32;158.25;103.57;2015-07-18;LIVI;S05;1;23.24;0.1234;B
T00232;1;S8001;dresser;harmony;1;392.33;329.69;215.78;2015-09-10;STOR;S01;0;0.0;0.0;
T00233;1;O4030;filing_cabinet;metal;1;282.11;237.07;155.16;2015-12-05;OFFI;S07;0;0.0;0.0;
T00233;2;D2010;dining_chair;oak;1;151.6;127.39;83.38;2015-12-05;DINI;S04;0;0.0;0.0;
T00233;3;G5030;led_strip;smart;1;37.33;31.37;20.53;2015-12-05;LIGH;S08;0;0.0;0.0;
T00234;1;D2011;dining_chair;fabric;6;119.24;100.2;65.58;2017-01-02;DINI;S03;0;0.0;0.0;
T00235;1;B3011;mattress;premium;1;933.62;784.55;513.49;2017-01-02;BEDR;S06;0;0.0;0.0;
T00235;2;G5020;ceiling_light;modern;1;162.94;136.93;89.62;2017-01-02;LIGH;S05;0;0.0;0.0;
T00235;3;L1020;coffee_table;oak;1;355.54;298.78;195.55;2017-01-02;LIVI;S04;0;0.0;0.0;
T00236;1;L1030;side_table;oak;1;117.98;99.14;64.89;2016-07-31;LIVI;S04;0;0.0;0.0;
T00237;1;D2010;dining_chair;oak;4;147.12;123.63;80.92;2016-01-26;DINI;S04;0;0.0;0.0;
T00238;1;L1001;sofa;harmony;1;1202.65;1010.63;661.46;2017-01-06;LIVI;S01;0;0.0;0.0;
T00238;2;L1020;coffee_table;oak;1;332.31;279.25;182.77;2017-01-06;LIVI;S04;0;0.0;0.0;
T00239;1;D2030;table_extension;oak;1;114.24;96.0;62.83;2015-09-18;DINI;S04;0;0.0;0.0;
T00240;1;L1001;sofa;harmony;1;1250.46;1050.8;687.75;2017-03-01;LIVI;S01;2;70.47;0.0564;K
T00240;2;G5011;table_lamp;modern;1;49.23;41.37;27.08;2017-03-01;LIGH;S05;0;0.0;0.0;
T00241;1;U1020;parasol;basic;1;118.43;99.53;65.14;2017-01-31;OUTD;S09;0;0.0;0.0;
T00242;1;D2012;dining_chair;leather;6;198.5;166.81;109.18;2016-03-02;DINI;S01;0;0.0;0.0;
T00243;1;K9011;kitchen_chair;fabric;4;94.95;79.79;52.22;2015-11-29;KITC;S03;0;0.0;0.0;
T00244;1;K9002;kitchen_table;kompakt;1;299.14;251.37;164.52;2015-08-07;KITC;S02;1;28.37;0.0948;A
T00244;2;K9011;kitchen_chair;fabric;6;97.91;82.28;53.85;2015-08-07;KITC;S03;0;0.0;0.0;
T00245;1;U1001;garden_chair;rattan;2;113.42;95.31;62.38;2016-01-21;OUTD;S09;0;0.0;0.0;
T00246;1;G5031;led_strip;basic;1;19.33;16.25;10.63;2016-08-15;LIGH;S08;0;0.0;0.0;
T00247;1;D2031;table_extension;walnut;1;152.23;127.92;83.73;2015-11-24;DINI;S04;0;0.0;0.0;
T00248;1;K9001;kitchen_table;oak;1;432.42;363.38;237.83;2016-10-20;KITC;S04;0;0.0;0.0;
T00248;2;K9010;kitchen_chair;oak;6;120.27;101.07;66.15;2016-10-20;KITC;S04;0;0.0;0.0;
T00248;3;D2030;table_extension;oak;1;121.54;102.14;66.85;2016-10-20;DINI;S04;2;12.3;0.1012;A
T00248;4;L1002;sofa;milano;1;1738.35;1460.8;956.09;2016-10-20;LIVI;S01;0;0.0;0.0;
T00248;5;L1010;armchair;harmony;1;600.99;505.04;330.55;2016-10-20;LIVI;S01;0;0.0;0.0;
T00249;1;L1001;sofa;harmony;1;1171.89;984.78;644.54;2016-05-24;LIVI;S01;0;0.0;0.0;
T00249;2;L1050;rug;berber;1;184.83;155.32;101.66;2016-05-24;LIVI;S05;0;0.0;0.0;
T00250;1;B3001;bed;harmony;1;1146.1;963.11;630.35;2016-09-21;BEDR;S01;0;0.0;0.0;
T00250;2;B3010;mattress;comfort;1;600.91;504.96;330.5;2016-09-21;BEDR;S06;0;0.0;0.0;
T00250;3;B3030;nightstand;harmony;2;183.74;154.4;101.06;2016-09-21;BEDR;S01;0;0.0;0.0;
T00250;4;B3020;headboard;harmony;1;290.03;243.73;159.52;2016-09-21;BEDR;S01;0;0.0;0.0;
T00250;5;U1020;parasol;basic;1;122.18;102.67;67.2;2016-09-21;OUTD;S09;0;0.0;0.0;
T00251;1;K9021;bar_stool;metal;1;114.39;96.12;62.91;2017-01-09;KITC;S07;0;0.0;0.0;
T00252;1;L1011;armchair;luna;1;453.6;381.17;249.48;2016-02-11;LIVI;S03;1;27.12;0.0598;M
T00252;2;L1002;sofa;milano;1;1783.56;1498.79;980.96;2016-02-11;LIVI;S01;0;0.0;0.0;
T00253;1;B3011;mattress;premium;1;889.36;747.36;489.15;2016-01-18;BEDR;S06;0;0.0;0.0;
T00254;1;D2010;dining_chair;oak;2;149.04;125.24;81.97;2015-08-05;DINI;S04;0;0.0;0.0;
T00254;2;B3010;mattress;comfort;1;584.47;491.15;321.46;2015-08-05;BEDR;S06;0;0.0;0.0;
T00255;1;L1040;ottoman;luna;1;220.44;185.24;121.24;2017-04-03;LIVI;S03;0;0.0;0.0;
T00256;1;D2003;dining_table;kompakt;1;600.58;504.69;330.32;2016-06-18;DINI;S02;0;0.0;0.0;
T00256;2;L1030;side_table;oak;1;122.79;103.18;67.53;2016-06-18;LIVI;S04;0;0.0;0.0;
T00257;1;D2010;dining_chair;oak;4;142.43;119.69;78.33;2017-02-22;DINI;S04;0;0.0;0.0;
T00257;2;L1021;coffee_table;glass;1;287.81;241.86;158.3;2017-02-22;LIVI;S04;0;0.0;0.0;
T00257;3;O4011;office_chair;basic;1;179.22;150.6;98.57;2017-02-22;OFFI;S07;0;0.0;0.0;
T00258;1;L1020;coffee_table;oak;1;342.83;288.09;188.56;2015-08-21;LIVI;S04;0;0.0;0.0;
T00258;2;S8020;shoe_rack;compact;1;111.38;93.59;61.26;2015-08-21;STOR;S02;0;0.0;0.0;
T00258;3;L1051;rug;shaggy;1;288.72;242.62;158.8;2015-08-21;LIVI;S05;0;0.0;0.0;
T00259;1;U1020;parasol;basic;1;123.43;103.73;67.89;2016-10-27;OUTD;S09;0;0.0;0.0;
T00260;1;L1011;armchair;luna;1;468.29;393.52;257.56;2017-01-14;LIVI;S03;1;38.15;0.0815;M
T00261;1;B3011;mattress;premium;1;871.14;732.05;479.12;2016-02-24;BEDR;S06;1;65.62;0.0753;B
T00262;1;L1010;armchair;harmony;1;608.21;511.1;334.51;2016-06-14;LIVI;S01;0;0.0;0.0;
T00263;1;G5020;ceiling_light;modern;1;176.6;148.41;97.13;2016-11-27;LIGH;S05;0;0.0;0.0;
T00264;1;L1021;coffee_table;glass;1;275.33;231.37;151.43;2016-04-20;LIVI;S04;0;0.0;0.0;
T00265;1;D2011;dining_chair;fabric;2;116.08;97.55;63.84;2017-04-01;DINI;S03;0;0.0;0.0;
T00266;1;D2010;dining_chair;oak;2;146.7;123.27;80.68;2015-11-15;DINI;S04;0;0.0;0.0;
T00267;1;C7001;mirror;round;1;120.04;100.88;66.02;2015-11-21;DECO;S05;2;15.4;0.1283;A
T00268;1;C7030;curtain;linen;1;78.44;65.92;43.14;2017-04-26;DECO;S05;0;0.0;0.0;
T00269;1;B3020;headboard;harmony;1;280.73;235.91;154.4;2016-07-28;BEDR;S01;0;0.0;0.0;
T00270;1;C7010;vase;ceramic;2;40.44;33.98;22.24;2017-06-21;DECO;S05;0;0.0;0.0;
T00271;1;C7010;vase;ceramic;1;39.22;32.96;21.57;2017-05-08;DECO;S05;0;0.0;0.0;
T00271;2;K9010;kitchen_chair;oak;6;120.77;101.48;66.42;2017-05-08;KITC;S04;0;0.0;0.0;
T00272;1;L1050;rug;berber;1;192.85;162.06;106.07;2016-09-20;LIVI;S05;0;0.0;0.0;
T00273;1;K9010;kitchen_chair;oak;2;124.62;104.72;68.54;2016-11-17;KITC;S04;0;0.0;0.0;
T00273;2;L1051;rug;shaggy;1;302.3;254.04;166.27;2016-11-17;LIVI;S05;0;0.0;0.0;
T00274;1;D2011;dining_chair;fabric;4;113.56;95.43;62.46;2015-09-07;DINI;S03;0;0.0;0.0;
T00275;1;U1002;garden_chair;metal;2;88.43;74.31;48.64;2017-05-29;OUTD;S09;0;0.0;0.0;
T00275;2;B3030;nightstand;harmony;2;177.77;149.38;97.77;2017-05-29;BEDR;S01;0;0.0;0.0;
T00276;1;K9011;kitchen_chair;fabric;2;103.15;86.68;56.73;2016-12-15;KITC;S03;0;0.0;0.0;
T00276;2;L1010;armchair;harmony;1;573.06;481.56;315.18;2016-12-15;LIVI;S01;0;0.0;0.0;
T00276;3;B3002;bed;milano;1;1531.89;1287.3;842.54;2016-12-15;BEDR;S01;0;0.0;0.0;
T00276;4;B3010;mattress;comfort;1;628.11;527.83;345.46;2016-12-15;BEDR;S06;0;0.0;0.0;
T00276;5;B3030;nightstand;harmony;1;180.32;151.53;99.17;2016-12-15;BEDR;S01;0;0.0;0.0;
T00277;1;B3001;bed;harmony;1;1106.45;929.79;608.54;2017-02-28;BEDR;S01;0;0.0;0.0;
T00277;2;B3030;nightstand;harmony;1;171.29;143.94;94.21;2017-02-28;BEDR;S01;0;0.0;0.0;
T00278;1;D2011;dining_chair;fabric;6;122.99;103.36;67.65;2016-08-28;DINI;S03;0;0.0;0.0;
T00278;2;L1010;armchair;harmony;1;570.47;479.39;313.76;2016-08-28;LIVI;S01;0;0.0;0.0;
T00279;1;D2002;dining_table;walnut;1;1362.53;1144.99;749.39;2016-08-01;DINI;S04;0;0.0;0.0;
T00279;2;D2011;dining_chair;fabric;6;113.67;95.52;62.52;2016-08-01;DINI;S03;0;0.0;0.0;
T00280;1;K9010;kitchen_chair;oak;2;119.26;100.21;65.59;2017-03-16;KITC;S04;0;0.0;0.0;
T00280;2;E6001;tv;smart55;1;785.17;659.81;431.84;2017-03-16;ELEC;S08;0;0.0;0.0;
T00281;1;B3001;bed;harmony;1;1048.98;881.5;576.94;2017-01-10;BEDR;S01;0;0.0;0.0;
T00281;2;B3011;mattress;premium;1;860.51;723.12;473.28;2017-01-10;BEDR;S06;0;0.0;0.0;
T00281;3;B3020;headboard;harmony;1;286.14;240.46;157.38;2017-01-10;BEDR;S01;0;0.0;0.0;
T00281;4;D2002;dining_table;walnut;1;1235.47;1038.21;679.51;2017-01-10;DINI;S04;0;0.0;0.0;
T00281;5;D2010;dining_chair;oak;6;145.39;122.18;79.96;2017-01-10;DINI;S04;0;0.0;0.0;
T00281;6;D2031;table_extension;walnut;1;143.4;120.5;78.87;2017-01-10;DINI;S04;0;0.0;0.0;
T00282;1;O4011;office_chair;basic;1;186.03;156.32;102.31;2015-12-31;OFFI;S07;0;0.0;0.0;
T00282;2;E6020;speakers;stereo;1;174.48;146.62;95.96;2015-12-31;ELEC;S08;0;0.0;0.0;
T00283;1;D2020;sideboard;oak;1;650.79;546.89;357.94;2016-12-27;DINI;S04;0;0.0;0.0;
T00283;2;E6001;tv;smart55;1;833.47;700.4;458.41;2016-12-27;ELEC;S08;0;0.0;0.0;
T00283;3;O4002;desk;compact;1;241.48;202.92;132.81;2016-12-27;OFFI;S02;0;0.0;0.0;
T00283;4;O4010;office_chair;ergo;1;334.93;281.46;184.21;2016-12-27;OFFI;S07;1;41.05;0.1226;A
T00284;1;G5020;ceiling_light;modern;1;173.35;145.67;95.34;2015-09-16;LIGH;S05;0;0.0;0.0;
T00285;1;E6001;tv;smart55;1;805.99;677.31;443.3;2015-08-20;ELEC;S08;0;0.0;0.0;
T00285;2;K9011;kitchen_chair;fabric;2;101.54;85.32;55.84;2015-08-20;KITC;S03;2;7.52;0.0741;A
T00286;1;O4001;desk;oak;1;402.4;338.15;221.32;2015-11-25;OFFI;S04;0;0.0;0.0;
T00286;2;O4011;office_chair;basic;1;182.94;153.73;100.62;2015-11-25;OFFI;S07;0;0.0;0.0;
T00286;3;O4020;bookshelf;oak;1;256.23;215.32;140.92;2015-11-25;OFFI;S04;0;0.0;0.0;
T00287;1;G5010;table_lamp;luna;1;79.22;66.57;43.57;2017-05-23;LIGH;S03;1;9.34;0.1179;B
T00288;1;O4011;office_chair;basic;1;183.19;153.94;100.75;2016-02-27;OFFI;S07;0;0.0;0.0;
T00289;1;O4011;office_chair;basic;1;176.11;147.99;96.86;2015-09-05;OFFI;S07;0;0.0;0.0;
T00290;1;E6011;soundbar;premium;1;393.74;330.88;216.56;2017-03-04;ELEC;S08;0;0.0;0.0;
T00291;1;L1040;ottoman;luna;1;216.23;181.7;118.92;2017-03-23;LIVI;S03;1;21.73;0.1005;M
T00292;1;L1020;coffee_table;oak;1;360.02;302.54;198.01;2015-12-19;LIVI;S04;0;0.0;0.0;
T00293;1;C7030;curtain;linen;1;79.86;67.11;43.92;2017-03-03;DECO;S05;2;8.81;0.1103;K
T00294;1;K9010;kitchen_chair;oak;4;115.57;97.12;63.56;2015-11-18;KITC;S04;0;0.0;0.0;
T00294;2;B3040;wardrobe;harmony;1;1098.85;923.4;604.37;2015-11-18;BEDR;S01;0;0.0;0.0;
T00295;1;G5011;table_lamp;modern;1;51.16;42.99;28.14;2015-08-07;LIGH;S05;1;5.28;0.1032;M
T00295;2;C7020;picture_frame;wood;2;18.85;15.84;10.37;2015-08-07;DECO;S05;0;0.0;0.0;
T00295;3;D2010;dining_chair;oak;1;145.02;121.86;79.76;2015-08-07;DINI;S04;0;0.0;0.0;
T00296;1;L1030;side_table;oak;1;119.58;100.49;65.77;2016-10-12;LIVI;S04;0;0.0;0.0;
T00297;1;O4010;office_chair;ergo;1;353.4;296.98;194.37;2016-03-13;OFFI;S07;1;23.01;0.0651;A
T00298;1;K9020;bar_stool;oak;1;140.67;118.21;77.37;2017-06-03;KITC;S04;0;0.0;0.0;
T00298;2;G5020;ceiling_light;modern;1;172.22;144.72;94.72;2017-06-03;LIGH;S05;0;0.0;0.0;
T00299;1;U1002;garden_chair;metal;4;87.91;73.87;48.35;2017-04-28;OUTD;S09;0;0.0;0.0;
T00300;1;B3040;wardrobe;harmony;1;1081.38;908.73;594.76;2017-02-09;BEDR;S01;0;0.0;0.0;
T00301;1;O4001;desk;oak;1;400.73;336.75;220.4;2016-07-07;OFFI;S04;0;0.0;0.0;
T00301;2;O4011;office_chair;basic;1;181.57;152.58;99.87;2016-07-07;OFFI;S07;2;16.85;0.0928;K
T00301;3;O4020;bookshelf;oak;1;237.17;199.31;130.45;2016-07-07;OFFI;S04;0;0.0;0.0;
T00302;1;B3020;headboard;harmony;1;282.28;237.21;155.26;2016-11-18;BEDR;S01;0;0.0;0.0;
T00303;1;B3031;nightstand;kompakt;1;113.54;95.41;62.45;2015-09-23;BEDR;S02;0;0.0;0.0;
T00304;1;G5030;led_strip;smart;1;39.47;33.17;21.71;2016-12-27;LIGH;S08;0;0.0;0.0;
T00304;2;L1001;sofa;harmony;1;1242.04;1043.73;683.12;2016-12-27;LIVI;S01;0;0.0;0.0;
T00304;3;O4010;office_chair;ergo;1;363.87;305.78;200.13;2016-12-27;OFFI;S07;0;0.0;0.0;
T00305;1;L1010;armchair;harmony;1;569.28;478.39;313.11;2016-01-26;LIVI;S01;0;0.0;0.0;
T00306;1;D2020;sideboard;oak;1;645.83;542.71;355.2;2017-03-03;DINI;S04;0;0.0;0.0;
T00307;1;K9011;kitchen_chair;fabric;2;103.09;86.63;56.7;2017-03-16;KITC;S03;0;0.0;0.0;
T00307;2;L1021;coffee_table;glass;1;276.4;232.27;152.02;2017-03-16;LIVI;S04;1;40.1;0.1451;M
T00308;1;G5020;ceiling_light;modern;1;173.28;145.62;95.31;2016-05-14;LIGH;S05;0;0.0;0.0;
T00309;1;L1030;side_table;oak;1;115.82;97.33;63.7;2016-04-26;LIVI;S04;0;0.0;0.0;
T00310;1;S8020;shoe_rack;compact;1;111.97;94.1;61.59;2015-08-07;STOR;S02;0;0.0;0.0;
T00310;2;B3030;nightstand;harmony;2;173.58;145.87;95.47;2015-08-07;BEDR;S01;1;22.97;0.1323;B
T00311;1;K9010;kitchen_chair;oak;2;116.48;97.89;64.07;2017-04-29;KITC;S04;0;0.0;0.0;
T00311;2;D2001;dining_table;oak;1;861.46;723.92;473.8;2017-04-29;DINI;S04;0;0.0;0.0;
T00311;3;O4011;office_chair;basic;1;185.94;156.25;102.27;2017-04-29;OFFI;S07;0;0.0;0.0;
T00312;1;O4001;desk;oak;1;407.64;342.56;224.2;2017-04-20;OFFI;S04;0;0.0;0.0;
T00312;2;O4010;office_chair;ergo;1;351.61;295.47;193.39;2017-04-20;OFFI;S07;1;27.81;0.0791;M
T00312;3;L1051;rug;shaggy;1;305.86;257.02;168.22;2017-04-20;LIVI;S05;0;0.0;0.0;
T00313;1;G5031;led_strip;basic;1;18.85;15.84;10.37;2017-04-05;LIGH;S08;0;0.0;0.0;
T00313;2;U1020;parasol;basic;1;121.91;102.45;67.05;2017-04-05;OUTD;S09;0;0.0;0.0;
T00314;1;B3003;bed;kompakt;1;729.97;613.42;401.49;2017-04-26;BEDR;S02;0;0.0;0.0;
T00314;2;B3010;mattress;comfort;1;617.32;518.75;339.53;2017-04-26;BEDR;S06;1;35.19;0.057;M
T00314;3;B3031;nightstand;kompakt;2;118.61;99.67;65.24;2017-04-26;BEDR;S02;0;0.0;0.0;
T00315;1;B3003;bed;kompakt;1;737.12;619.43;405.42;2016-08-18;BEDR;S02;0;0.0;0.0;
T00315;2;B3010;mattress;comfort;1;620.18;521.16;341.1;2016-08-18;BEDR;S06;0;0.0;0.0;
T00315;3;E6030;dvd_player;basic;1;69.57;58.46;38.26;2016-08-18;ELEC;S08;0;0.0;0.0;
T00316;1;E6011;soundbar;premium;1;405.84;341.04;223.21;2016-05-22;ELEC;S08;0;0.0;0.0;
T00317;1;K9021;bar_stool;metal;1;113.1;95.04;62.2;2016-06-20;KITC;S07;2;20.5;0.1812;K
T00318;1;C7020;picture_frame;wood;1;19.7;16.56;10.84;2015-11-08;DECO;S05;0;0.0;0.0;
T00319;1;O4001;desk;oak;1;414.66;348.45;228.06;2015-10-30;OFFI;S04;0;0.0;0.0;
T00319;2;O4011;office_chair;basic;1;173.1;145.46;95.21;2015-10-30;OFFI;S07;0;0.0;0.0;
T00320;1;D2003;dining_table;kompakt;1;628.4;528.07;345.62;2017-02-05;DINI;S02;0;0.0;0.0;
T00320;2;D2010;dining_chair;oak;4;149.18;125.36;82.05;2017-02-05;DINI;S04;0;0.0;0.0;
T00321;1;D2031;table_extension;walnut;1;144.05;121.05;79.23;2017-06-10;DINI;S04;0;0.0;0.0;
T00322;1;L1030;side_table;oak;1;123.68;103.93;68.02;2017-03-08;LIVI;S04;0;0.0;0.0;
T00323;1;D2011;dining_chair;fabric;2;116.29;97.72;63.96;2017-01-24;DINI;S03;0;0.0;0.0;
T00324;1;O4002;desk;compact;1;257.58;216.45;141.67;2017-02-04;OFFI;S02;0;0.0;0.0;
T00325;1;E6030;dvd_player;basic;1;70.95;59.62;39.02;2015-11-10;ELEC;S08;0;0.0;0.0;
T00326;1;B3031;nightstand;kompakt;1;121.67;102.24;66.92;2017-01-17;BEDR;S02;0;0.0;0.0;
T00327;1;L1010;armchair;harmony;1;621.14;521.97;341.63;2015-11-14;LIVI;S01;0;0.0;0.0;
T00327;2;C7002;mirror;framed;1;171.94;144.49;94.57;2015-11-14;DECO;S05;0;0.0;0.0;
T00328;1;K9010;kitchen_chair;oak;2;113.91;95.72;62.65;2016-05-15;KITC;S04;1;10.77;0.0945;B
T00329;1;C7030;curtain;linen;1;82.06;68.96;45.13;2015-09-03;DECO;S05;0;0.0;0.0;
T00329;2;L1041;ottoman;kompakt;1;163.04;137.01;89.67;2015-09-03;LIVI;S02;0;0.0;0.0;
T00329;3;C7002;mirror;framed;1;171.51;144.13;94.33;2015-09-03;DECO;S05;0;0.0;0.0;
T00330;1;D2010;dining_chair;oak;1;143.09;120.24;78.7;2016-11-05;DINI;S04;0;0.0;0.0;
T00331;1;D2001;dining_table;oak;1;929.19;780.84;511.06;2015-12-09;DINI;S04;0;0.0;0.0;
T00331;2;D2011;dining_chair;fabric;4;124.81;104.88;68.65;2015-12-09;DINI;S03;0;0.0;0.0;
T00332;1;O4011;office_chair;basic;1;176.37;148.21;97.01;2016-03-13;OFFI;S07;0;0.0;0.0;
T00333;1;U1020;parasol;basic;1;113.78;95.61;62.58;2017-01-01;OUTD;S09;0;0.0;0.0;
T00334;1;L1021;coffee_table;glass;1;274.22;230.44;150.82;2017-01-14;LIVI;S04;0;0.0;0.0;
T00335;1;L1041;ottoman;kompakt;1;164.93;138.6;90.71;2017-02-02;LIVI;S02;0;0.0;0.0;
T00336;1;L1002;sofa;milano;1;1875.15;1575.76;1031.33;2015-11-12;LIVI;S01;0;0.0;0.0;
T00336;2;L1020;coffee_table;oak;1;355.25;298.53;195.39;2015-11-12;LIVI;S04;0;0.0;0.0;
T00337;1;U1010;garden_table;rattan;1;308.34;259.11;169.59;2017-04-03;OUTD;S09;0;0.0;0.0;
T00338;1;D2001;dining_table;oak;1;912.47;766.78;501.86;2017-05-29;DINI;S04;0;0.0;0.0;
T00338;2;D2011;dining_chair;fabric;2;113.59;95.46;62.48;2017-05-29;DINI;S03;0;0.0;0.0;
T00339;1;B3010;mattress;comfort;1;581.59;488.74;319.88;2016-04-04;BEDR;S06;0;0.0;0.0;
T00340;1;D2002;dining_table;walnut;1;1332.52;1119.76;732.89;2016-05-12;DINI;S04;1;154.69;0.1161;M
T00340;2;D2012;dining_chair;leather;4;198.16;166.52;108.99;2016-05-12;DINI;S01;0;0.0;0.0;
T00340;3;D2030;table_extension;oak;1;119.3;100.25;65.62;2016-05-12;DINI;S04;0;0.0;0.0;
T00341;1;L1020;coffee_table;oak;1;335.87;282.25;184.73;2016-05-11;LIVI;S04;0;0.0;0.0;
T00342;1;K9020;bar_stool;oak;1;140.69;118.23;77.38;2016-10-19;KITC;S04;0;0.0;0.0;
T00343;1;L1001;sofa;harmony;1;1202.48;1010.49;661.37;2016-08-11;LIVI;S01;0;0.0;0.0;
T00343;2;L1020;coffee_table;oak;1;337.2;283.36;185.46;2016-08-11;LIVI;S04;0;0.0;0.0;
T00344;1;D2020;sideboard;oak;1;630.95;530.21;347.02;2016-02-15;DINI;S04;0;0.0;0.0;
T00345;1;K9021;bar_stool;metal;1;104.93;88.18;57.71;2016-08-05;KITC;S07;0;0.0;0.0;
T00346;1;G5011;table_lamp;modern;2;46.98;39.48;25.84;2017-04-06;LIGH;S05;2;3.79;0.0806;K
T00347;1;B3010;mattress;comfort;1;624.83;525.07;343.66;2017-03-26;BEDR;S06;0;0.0;0.0;
T00348;1;U1020;parasol;basic;1;120.77;101.49;66.42;2016-09-28;OUTD;S09;2;7.08;0.0586;A
T00349;1;O4011;office_chair;basic;1;179.6;150.92;98.78;2017-05-05;OFFI;S07;0;0.0;0.0;
T00349;2;L1040;ottoman;luna;1;218.04;183.23;119.92;2017-05-05;LIVI;S03;0;0.0;0.0;
T00350;1;K9001;kitchen_table;oak;1;442.95;372.22;243.62;2017-02-21;KITC;S04;0;0.0;0.0;
T00350;2;K9011;kitchen_chair;fabric;4;96.11;80.76;52.86;2017-02-21;KITC;S03;0;0.0;0.0;
T00350;3;L1001;sofa;harmony;1;1244.79;1046.04;684.63;2017-02-21;LIVI;S01;0;0.0;0.0;
T00350;4;L1021;coffee_table;glass;1;278.21;233.79;153.02;2017-02-21;LIVI;S04;0;0.0;0.0;
T00350;5;L1011;armchair;luna;1;430.41;361.69;236.72;2017-02-21;LIVI;S03;0;0.0;0.0;
T00350;6;O4030;filing_cabinet;metal;1;255.85;215.0;140.72;2017-02-21;OFFI;S07;2;21.33;0.0834;A
T00351;1;L1050;rug;berber;1;187.46;157.53;103.1;2015-10-04;LIVI;S05;0;0.0;0.0;
T00352;1;C7030;curtain;linen;1;81.19;68.22;44.65;2017-02-15;DECO;S05;0;0.0;0.0;
T00352;2;K9010;kitchen_chair;oak;6;119.21;100.18;65.57;2017-02-15;KITC;S04;0;0.0;0.0;
T00352;3;L1040;ottoman;luna;1;211.49;177.72;116.32;2017-02-15;LIVI;S03;0;0.0;0.0;
T00353;1;K9010;kitchen_chair;oak;1;120.1;100.92;66.05;2016-02-23;KITC;S04;0;0.0;0.0;
T00353;2;U1001;garden_chair;rattan;2;116.86;98.2;64.27;2016-02-23;OUTD;S09;0;0.0;0.0;
T00354;1;O4010;office_chair;ergo;1;347.92;292.37;191.36;2015-12-29;OFFI;S07;0;0.0;0.0;
T00355;1;K9010;kitchen_chair;oak;4;120.83;101.54;66.46;2016-01-02;KITC;S04;0;0.0;0.0;
T00356;1;E6001;tv;smart55;1;767.0;644.54;421.85;2015-10-02;ELEC;S08;0;0.0;0.0;
T00357;1;D2003;dining_table;kompakt;1;601.93;505.83;331.06;2015-11-18;DINI;S02;0;0.0;0.0;
T00357;2;D2011;dining_chair;fabric;4;120.85;101.55;66.47;2015-11-18;DINI;S03;0;0.0;0.0;
T00357;3;D2031;table_extension;walnut;1;156.14;131.21;85.88;2015-11-18;DINI;S04;0;0.0;0.0;
T00358;1;C7020;picture_frame;wood;1;19.47;16.36;10.71;2015-08-18;DECO;S05;0;0.0;0.0;
T00359;1;O4011;office_chair;basic;1;171.47;144.1;94.31;2016-04-15;OFFI;S07;0;0.0;0.0;
T00360;1;D2011;dining_chair;fabric;4;116.37;97.79;64.0;2017-01-17;DINI;S03;0;0.0;0.0;
T00360;2;C7010;vase;ceramic;3;37.41;31.43;20.57;2017-01-17;DECO;S05;0;0.0;0.0;
T00361;1;B3002;bed;milano;1;1541.64;1295.5;847.9;2016-05-14;BEDR;S01;0;0.0;0.0;
T00362;1;S8010;cabinet;oak;1;542.3;455.72;298.27;2015-12-19;STOR;S04;0;0.0;0.0;
T00363;1;D2003;dining_table;kompakt;1;580.09;487.47;319.05;2016-04-02;DINI;S02;0;0.0;0.0;
T00363;2;D2012;dining_chair;leather;2;207.44;174.32;114.09;2016-04-02;DINI;S01;0;0.0;0.0;
T00364;1;B3010;mattress;comfort;1;596.66;501.4;328.16;2015-08-17;BEDR;S06;0;0.0;0.0;
T00364;2;K9020;bar_stool;oak;1;144.82;121.7;79.65;2015-08-17;KITC;S04;0;0.0;0.0;
T00365;1;L1011;armchair;luna;1;461.7;387.98;253.93;2015-11-29;LIVI;S03;0;0.0;0.0;
T00366;1;B3040;wardrobe;harmony;1;1060.72;891.36;583.39;2017-04-09;BEDR;S01;0;0.0;0.0;
T00367;1;O4020;bookshelf;oak;1;242.64;203.9;133.45;2016-07-03;OFFI;S04;1;21.2;0.0874;A
T00368;1;B3003;bed;kompakt;1;736.83;619.18;405.26;2015-08-21;BEDR;S02;0;0.0;0.0;
T00368;2;B3011;mattress;premium;1;908.78;763.68;499.83;2015-08-21;BEDR;S06;0;0.0;0.0;
T00368;3;B3020;headboard;harmony;1;271.24;227.93;149.18;2015-08-21;BEDR;S01;0;0.0;0.0;
T00368;4;E6002;tv;smart65;1;1218.1;1023.61;669.96;2015-08-21;ELEC;S08;0;0.0;0.0;
T00369;1;C7001;mirror;round;1;115.49;97.05;63.52;2016-05-22;DECO;S05;0;0.0;0.0;
T00370;1;K9020;bar_stool;oak;1;143.87;120.9;79.13;2016-12-27;KITC;S04;2;17.24;0.1198;K
T00371;1;L1011;armchair;luna;1;438.12;368.17;240.97;2017-04-20;LIVI;S03;0;0.0;0.0;
T00372;1;K9010;kitchen_chair;oak;6;122.1;102.61;67.16;2015-08-04;KITC;S04;0;0.0;0.0;
T00373;1;D2020;sideboard;oak;1;628.67;528.29;345.77;2015-08-13;DINI;S04;1;50.41;0.0802;M
T00374;1;E6010;soundbar;compact;1;252.3;212.02;138.76;2016-11-09;ELEC;S08;0;0.0;0.0;
T00374;2;B3011;mattress;premium;1;914.58;768.56;503.02;2016-11-09;BEDR;S06;0;0.0;0.0;
T00375;1;D2010;dining_chair;oak;2;146.49;123.1;80.57;2016-01-03;DINI;S04;0;0.0;0.0;
T00376;1;L1051;rug;shaggy;1;287.9;241.94;158.35;2015-08-15;LIVI;S05;0;0.0;0.0;
T00377;1;K9011;kitchen_chair;fabric;6;95.02;79.85;52.26;2015-11-17;KITC;S03;0;0.0;0.0;
T00378;1;E6030;dvd_player;basic;1;66.74;56.09;36.71;2016-01-17;ELEC;S08;2;3.97;0.0595;K
T00378;2;L1003;sofa;kompakt;1;825.13;693.38;453.82;2016-01-17;LIVI;S02;0;0.0;0.0;
T00379;1;E6001;tv;smart55;1;806.87;678.04;443.78;2015-07-25;ELEC;S08;0;0.0;0.0;
T00380;1;L1021;coffee_table;glass;1;274.31;230.51;150.87;2016-12-19;LIVI;S04;0;0.0;0.0;
T00381;1;K9021;bar_stool;metal;1;114.26;96.01;62.84;2017-03-15;KITC;S07;2;8.16;0.0714;A
T00382;1;O4011;office_chair;basic;1;173.43;145.74;95.38;2015-08-10;OFFI;S07;0;0.0;0.0;
T00382;2;L1011;armchair;luna;1;453.68;381.24;249.52;2015-08-10;LIVI;S03;2;68.41;0.1508;K
T00383;1;U1001;garden_chair;rattan;4;116.11;97.57;63.86;2015-11-05;OUTD;S09;0;0.0;0.0;
T00383;2;L1002;sofa;milano;1;1740.31;1462.45;957.17;2015-11-05;LIVI;S01;0;0.0;0.0;
T00383;3;L1050;rug;berber;1;181.07;152.16;99.59;2015-11-05;LIVI;S05;0;0.0;0.0;
T00384;1;K9001;kitchen_table;oak;1;427.76;359.46;235.27;2016-12-01;KITC;S04;0;0.0;0.0;
T00384;2;K9010;kitchen_chair;oak;4;120.76;101.48;66.42;2016-12-01;KITC;S04;0;0.0;0.0;
T00385;1;L1011;armchair;luna;1;468.39;393.6;257.61;2016-01-04;LIVI;S03;0;0.0;0.0;
T00386;1;K9011;kitchen_chair;fabric;2;94.09;79.06;51.75;2016-08-09;KITC;S03;0;0.0;0.0;
T00386;2;G5011;table_lamp;modern;1;47.02;39.51;25.86;2016-08-09;LIGH;S05;0;0.0;0.0;
T00386;3;K9020;bar_stool;oak;1;141.8;119.16;77.99;2016-08-09;KITC;S04;0;0.0;0.0;
T00387;1;L1040;ottoman;luna;1;208.33;175.07;114.58;2017-06-12;LIVI;S03;0;0.0;0.0;
T00387;2;D2031;table_extension;walnut;1;146.48;123.09;80.56;2017-06-12;DINI;S04;0;0.0;0.0;
T00388;1;C7030;curtain;linen;1;76.59;64.36;42.12;2016-09-04;DECO;S05;0;0.0;0.0;
T00388;2;E6001;tv;smart55;1;797.68;670.32;438.73;2016-09-04;ELEC;S08;0;0.0;0.0;
T00388;3;E6011;soundbar;premium;1;383.52;322.29;210.94;2016-09-04;ELEC;S08;0;0.0;0.0;
T00389;1;L1041;ottoman;kompakt;1;166.22;139.68;91.42;2016-03-24;LIVI;S02;0;0.0;0.0;
T00390;1;D2031;table_extension;walnut;1;154.93;130.2;85.21;2015-09-12;DINI;S04;0;0.0;0.0;
T00391;1;D2011;dining_chair;fabric;4;117.16;98.46;64.44;2016-12-03;DINI;S03;0;0.0;0.0;
T00392;1;K9010;kitchen_chair;oak;6;119.63;100.53;65.8;2017-05-02;KITC;S04;0;0.0;0.0;
T00393;1;L1002;sofa;milano;1;1723.32;1448.17;947.83;2017-05-24;LIVI;S01;0;0.0;0.0;
T00393;2;L1010;armchair;harmony;1;573.35;481.81;315.34;2017-05-24;LIVI;S01;0;0.0;0.0;
T00394;1;D2020;sideboard;oak;1;628.8;528.4;345.84;2016-06-22;DINI;S04;0;0.0;0.0;
T00395;1;L1030;side_table;oak;1;121.5;102.1;66.82;2016-03-08;LIVI;S04;0;0.0;0.0;
T00395;2;O4020;bookshelf;oak;1;256.96;215.94;141.33;2016-03-08;OFFI;S04;0;0.0;0.0;
T00395;3;G5010;table_lamp;luna;1;77.61;65.22;42.68;2016-03-08;LIGH;S03;0;0.0;0.0;
T00396;1;G5031;led_strip;basic;1;18.57;15.61;10.22;2017-05-26;LIGH;S08;0;0.0;0.0;
T00397;1;G5001;floor_lamp;luna;1;118.06;99.21;64.93;2015-10-26;LIGH;S03;0;0.0;0.0;
T00398;1;B3010;mattress;comfort;1;612.21;514.46;336.71;2015-11-17;BEDR;S06;0;0.0;0.0;
T00399;1;B3030;nightstand;harmony;2;170.52;143.3;93.79;2016-08-02;BEDR;S01;1;13.97;0.0819;B
T00399;2;C7001;mirror;round;1;116.1;97.56;63.85;2016-08-02;DECO;S05;2;18.32;0.1578;A
T00400;1;L1003;sofa;kompakt;1;808.32;679.26;444.58;2015-08-04;LIVI;S02;0;0.0;0.0;
T00400;2;L1021;coffee_table;glass;1;266.83;224.23;146.76;2015-08-04;LIVI;S04;0;0.0;0.0;
T00400;3;L1011;armchair;luna;1;431.12;362.29;237.12;2015-08-04;LIVI;S03;0;0.0;0.0;
T00401;1;L1001;sofa;harmony;1;1240.59;1042.51;682.32;2017-01-29;LIVI;S01;0;0.0;0.0;
T00402;1;S8001;dresser;harmony;1;368.5;309.67;202.68;2016-02-13;STOR;S01;1;28.56;0.0775;M
T00403;1;D2003;dining_table;kompakt;1;600.24;504.41;330.13;2015-07-20;DINI;S02;0;0.0;0.0;
T00403;2;D2010;dining_chair;oak;6;143.9;120.92;79.14;2015-07-20;DINI;S04;0;0.0;0.0;
T00404;1;G5031;led_strip;basic;1;19.52;16.4;10.74;2016-11-22;LIGH;S08;0;0.0;0.0;
T00404;2;O4020;bookshelf;oak;1;237.37;199.47;130.55;2016-11-22;OFFI;S04;0;0.0;0.0;
T00405;1;L1002;sofa;milano;1;1795.51;1508.83;987.53;2016-07-02;LIVI;S01;0;0.0;0.0;
T00406;1;D2012;dining_chair;leather;4;200.92;168.84;110.51;2015-11-05;DINI;S01;0;0.0;0.0;
T00407;1;D2020;sideboard;oak;1;625.31;525.47;343.92;2016-10-30;DINI;S04;0;0.0;0.0;
T00407;2;G5011;table_lamp;modern;2;46.73;39.27;25.7;2016-10-30;LIGH;S05;1;3.1;0.0663;B
T00408;1;B3010;mattress;comfort;1;623.88;524.27;343.14;2016-07-05;BEDR;S06;0;0.0;0.0;
T00409;1;D2011;dining_chair;fabric;4;115.46;97.03;63.5;2016-02-03;DINI;S03;0;0.0;0.0;
T00409;2;K9010;kitchen_chair;oak;4;124.29;104.45;68.36;2016-02-03;KITC;S04;0;0.0;0.0;
T00410;1;D2010;dining_chair;oak;4;156.06;131.15;85.84;2017-05-28;DINI;S04;0;0.0;0.0;
T00411;1;K9010;kitchen_chair;oak;1;121.28;101.92;66.71;2015-12-28;KITC;S04;0;0.0;0.0;
T00412;1;L1010;armchair;harmony;1;617.72;519.09;339.75;2016-12-23;LIVI;S01;0;0.0;0.0;
T00412;2;O4001;desk;oak;1;389.09;326.97;214.0;2016-12-23;OFFI;S04;0;0.0;0.0;
T00413;1;G5030;led_strip;smart;1;39.04;32.81;21.47;2016-12-10;LIGH;S08;0;0.0;0.0;
T00414;1;D2011;dining_chair;fabric;4;122.41;102.87;67.33;2015-09-12;DINI;S03;0;0.0;0.0;
T00415;1;S8001;dresser;harmony;1;385.03;323.55;211.76;2015-08-17;STOR;S01;0;0.0;0.0;
T00416;1;L1040;ottoman;luna;1;209.94;176.42;115.47;2017-03-13;LIVI;S03;1;29.9;0.1424;B
T00417;1;O4011;office_chair;basic;1;187.67;157.71;103.22;2017-02-20;OFFI;S07;0;0.0;0.0;
T00418;1;O4011;office_chair;basic;1;175.82;147.75;96.7;2016-12-28;OFFI;S07;0;0.0;0.0;
T00419;1;O4011;office_chair;basic;1;173.41;145.72;95.38;2015-08-25;OFFI;S07;0;0.0;0.0;
T00420;1;K9010;kitchen_chair;oak;4;122.05;102.57;67.13;2017-04-05;KITC;S04;0;0.0;0.0;
T00421;1;C7030;curtain;linen;1;75.06;63.07;41.28;2016-03-23;DECO;S05;0;0.0;0.0;
T00421;2;O4010;office_chair;ergo;1;366.13;307.67;201.37;2016-03-23;OFFI;S07;0;0.0;0.0;
T00422;1;K9002;kitchen_table;kompakt;1;307.66;258.54;169.21;2016-02-02;KITC;S02;0;0.0;0.0;
T00422;2;K9011;kitchen_chair;fabric;2;101.49;85.28;55.82;2016-02-02;KITC;S03;0;0.0;0.0;
T00423;1;G5011;table_lamp;modern;1;51.29;43.1;28.21;2017-05-16;LIGH;S05;0;0.0;0.0;
T00424;1;O4010;office_chair;ergo;1;350.84;294.82;192.96;2016-07-02;OFFI;S07;0;0.0;0.0;
T00425;1;C7030;curtain;linen;1;78.54;66.0;43.2;2016-05-22;DECO;S05;0;0.0;0.0;
T00425;2;K9011;kitchen_chair;fabric;4;99.62;83.72;54.79;2016-05-22;KITC;S03;0;0.0;0.0;
T00425;3;O4010;office_chair;ergo;1;357.72;300.6;196.74;2016-05-22;OFFI;S07;0;0.0;0.0;
T00426;1;D2001;dining_table;oak;1;927.44;779.36;510.09;2016-02-09;DINI;S04;0;0.0;0.0;
T00426;2;D2011;dining_chair;fabric;4;117.72;98.92;64.74;2016-02-09;DINI;S03;1;10.76;0.0914;M
T00426;3;D2031;table_extension;walnut;1;150.05;126.09;82.53;2016-02-09;DINI;S04;0;0.0;0.0;
T00427;1;E6010;soundbar;compact;1;248.91;209.17;136.9;2016-09-19;ELEC;S08;0;0.0;0.0;
T00428;1;G5031;led_strip;basic;1;19.87;16.7;10.93;2016-10-14;LIGH;S08;0;0.0;0.0;
T00429;1;K9020;bar_stool;oak;1;134.44;112.98;73.94;2015-09-29;KITC;S04;0;0.0;0.0;
T00429;2;E6011;soundbar;premium;1;409.59;344.19;225.27;2015-09-29;ELEC;S08;0;0.0;0.0;
T00429;3;O4020;bookshelf;oak;1;258.17;216.95;141.99;2015-09-29;OFFI;S04;0;0.0;0.0;
T00430;1;B3002;bed;milano;1;1526.84;1283.06;839.76;2017-06-22;BEDR;S01;0;0.0;0.0;
T00430;2;B3010;mattress;comfort;1;597.41;502.03;328.58;2017-06-22;BEDR;S06;0;0.0;0.0;
T00430;3;B3030;nightstand;harmony;2;184.29;154.86;101.36;2017-06-22;BEDR;S01;0;0.0;0.0;
T00431;1;L1040;ottoman;luna;1;227.51;191.19;125.13;2016-12-02;LIVI;S03;0;0.0;0.0;
T00432;1;K9002;kitchen_table;kompakt;1;298.4;250.76;164.12;2016-09-05;KITC;S02;2;20.04;0.0672;A
T00432;2;K9010;kitchen_chair;oak;6;119.63;100.53;65.8;2016-09-05;KITC;S04;0;0.0;0.0;
T00433;1;O4001;desk;oak;1;407.42;342.37;224.08;2017-03-14;OFFI;S04;0;0.0;0.0;
T00433;2;O4011;office_chair;basic;1;186.24;156.5;102.43;2017-03-14;OFFI;S07;0;0.0;0.0;
T00433;3;G5011;table_lamp;modern;2;50.53;42.46;27.79;2017-03-14;LIGH;S05;1;4.97;0.0983;B
T00434;1;D2011;dining_chair;fabric;2;118.35;99.46;65.09;2017-03-03;DINI;S03;0;0.0;0.0;
T00434;2;L1030;side_table;oak;1;117.66;98.87;64.71;2017-03-03;LIVI;S04;0;0.0;0.0;
T00435;1;E6020;speakers;stereo;1;183.76;154.42;101.07;2016-05-04;ELEC;S08;0;0.0;0.0;
T00436;1;B3003;bed;kompakt;1;747.82;628.42;411.3;2016-01-04;BEDR;S02;0;0.0;0.0;
T00437;1;C7020;picture_frame;wood;3;18.21;15.31;10.02;2016-04-10;DECO;S05;0;0.0;0.0;
T00438;1;U1020;parasol;basic;1;118.27;99.38;65.05;2016-01-30;OUTD;S09;0;0.0;0.0;
T00438;2;K9001;kitchen_table;oak;1;432.39;363.35;237.81;2016-01-30;KITC;S04;0;0.0;0.0;
T00439;1;U1001;garden_chair;rattan;1;115.98;97.46;63.79;2017-06-21;OUTD;S09;0;0.0;0.0;
T00440;1;D2002;dining_table;walnut;1;1324.27;1112.83;728.35;2015-12-08;DINI;S04;0;0.0;0.0;
T00440;2;D2010;dining_chair;oak;2;146.33;122.96;80.48;2015-12-08;DINI;S04;2;20.96;0.1433;A
T00441;1;B3011;mattress;premium;1;904.45;760.04;497.45;2016-01-19;BEDR;S06;1;106.04;0.1172;M
T00441;2;G5011;table_lamp;modern;1;47.07;39.56;25.89;2016-01-19;LIGH;S05;2;6.58;0.1398;K
T00442;1;O4030;filing_cabinet;metal;1;277.67;233.33;152.72;2017-01-16;OFFI;S07;0;0.0;0.0;
T00443;1;C7020;picture_frame;wood;1;18.11;15.22;9.96;2016-04-29;DECO;S05;0;0.0;0.0;
T00444;1;L1003;sofa;kompakt;1;827.7;695.54;455.23;2016-10-24;LIVI;S02;0;0.0;0.0;
T00445;1;D2001;dining_table;oak;1;875.67;735.86;481.62;2015-11-06;DINI;S04;0;0.0;0.0;
T00445;2;D2010;dining_chair;oak;2;143.47;120.56;78.91;2015-11-06;DINI;S04;0;0.0;0.0;
T00445;3;D2030;table_extension;oak;1;119.9;100.76;65.95;2015-11-06;DINI;S04;0;0.0;0.0;
T00445;4;D2020;sideboard;oak;1;656.19;551.42;360.91;2015-11-06;DINI;S04;0;0.0;0.0;
T00445;5;L1003;sofa;kompakt;1;786.68;661.08;432.68;2015-11-06;LIVI;S02;0;0.0;0.0;
T00445;6;L1021;coffee_table;glass;1;289.55;243.32;159.26;2015-11-06;LIVI;S04;0;0.0;0.0;
T00446;1;D2010;dining_chair;oak;4;144.1;121.09;79.25;2017-05-07;DINI;S04;0;0.0;0.0;
T00447;1;B3030;nightstand;harmony;1;176.28;148.13;96.95;2016-08-21;BEDR;S01;2;25.08;0.1423;A
T00448;1;L1002;sofa;milano;1;1762.91;1481.44;969.6;2016-04-04;LIVI;S01;0;0.0;0.0;
T00448;2;L1010;armchair;harmony;1;570.53;479.44;313.79;2016-04-04;LIVI;S01;0;0.0;0.0;
T00449;1;D2003;dining_table;kompakt;1;613.03;515.15;337.17;2016-12-26;DINI;S02;1;77.14;0.1258;M
T00449;2;D2011;dining_chair;fabric;6;122.03;102.54;67.11;2016-12-26;DINI;S03;1;16.26;0.1332;B
T00449;3;D2030;table_extension;oak;1;122.59;103.02;67.43;2016-12-26;DINI;S04;1;11.96;0.0975;M
T00449;4;B3011;mattress;premium;1;911.43;765.91;501.29;2016-12-26;BEDR;S06;0;0.0;0.0;
T00450;1;B3010;mattress;comfort;1;626.67;526.61;344.67;2016-11-06;BEDR;S06;0;0.0;0.0;
T00450;2;C7030;curtain;linen;1;80.66;67.78;44.36;2016-11-06;DECO;S05;0;0.0;0.0;
T00451;1;U1001;garden_chair;rattan;1;124.65;104.75;68.56;2017-03-14;OUTD;S09;0;0.0;0.0;
T00451;2;O4020;bookshelf;oak;1;254.6;213.95;140.03;2017-03-14;OFFI;S04;0;0.0;0.0;
T00452;1;D2001;dining_table;oak;1;932.84;783.9;513.06;2017-01-31;DINI;S04;0;0.0;0.0;
T00452;2;D2012;dining_chair;leather;2;190.74;160.28;104.91;2017-01-31;DINI;S01;0;0.0;0.0;
T00452;3;D2020;sideboard;oak;1;645.8;542.69;355.19;2017-01-31;DINI;S04;0;0.0;0.0;
T00453;1;B3020;headboard;harmony;1;272.35;228.87;149.79;2016-05-18;BEDR;S01;0;0.0;0.0;
T00454;1;L1050;rug;berber;1;184.25;154.83;101.34;2015-07-10;LIVI;S05;0;0.0;0.0;
T00454;2;D2012;dining_chair;leather;4;199.25;167.44;109.59;2015-07-10;DINI;S01;0;0.0;0.0;
T00454;3;L1010;armchair;harmony;1;608.71;511.52;334.79;2015-07-10;LIVI;S01;0;0.0;0.0;
T00455;1;U1001;garden_chair;rattan;4;113.98;95.78;62.69;2017-05-09;OUTD;S09;0;0.0;0.0;
T00455;2;E6001;tv;smart55;1;835.9;702.44;459.75;2017-05-09;ELEC;S08;0;0.0;0.0;
T00455;3;B3031;nightstand;kompakt;2;124.15;104.33;68.28;2017-05-09;BEDR;S02;0;0.0;0.0;
T00456;1;K9011;kitchen_chair;fabric;4;96.24;80.88;52.93;2016-03-17;KITC;S03;0;0.0;0.0;
T00456;2;L1021;coffee_table;glass;1;265.7;223.28;146.13;2016-03-17;LIVI;S04;0;0.0;0.0;
T00456;3;D2030;table_extension;oak;1;119.74;100.62;65.86;2016-03-17;DINI;S04;0;0.0;0.0;
T00457;1;G5011;table_lamp;modern;1;49.81;41.86;27.4;2016-07-18;LIGH;S05;0;0.0;0.0;
T00457;2;B3003;bed;kompakt;1;781.63;656.83;429.9;2016-07-18;BEDR;S02;0;0.0;0.0;
T00457;3;B3010;mattress;comfort;1;603.06;506.77;331.68;2016-07-18;BEDR;S06;0;0.0;0.0;
T00457;4;B3030;nightstand;harmony;2;171.15;143.83;94.13;2016-07-18;BEDR;S01;0;0.0;0.0;
T00457;5;B3020;headboard;harmony;1;275.94;231.88;151.77;2016-07-18;BEDR;S01;0;0.0;0.0;
T00458;1;G5011;table_lamp;modern;1;49.19;41.33;27.05;2015-08-27;LIGH;S05;0;0.0;0.0;
T00458;2;E6030;dvd_player;basic;1;70.54;59.28;38.8;2015-08-27;ELEC;S08;0;0.0;0.0;
T00459;1;D2010;dining_chair;oak;6;150.85;126.77;82.97;2016-01-21;DINI;S04;0;0.0;0.0;
T00460;1;B3003;bed;kompakt;1;771.1;647.98;424.1;2016-05-05;BEDR;S02;0;0.0;0.0;
T00460;2;B3010;mattress;comfort;1;609.94;512.55;335.46;2016-05-05;BEDR;S06;0;0.0;0.0;
T00461;1;G5020;ceiling_light;modern;1;176.76;148.54;97.22;2016-09-26;LIGH;S05;0;0.0;0.0;
T00462;1;E6001;tv;smart55;1;788.35;662.48;433.59;2016-03-30;ELEC;S08;0;0.0;0.0;
T00462;2;E6010;soundbar;compact;1;251.59;211.42;138.37;2016-03-30;ELEC;S08;0;0.0;0.0;
T00463;1;C7030;curtain;linen;1;80.63;67.76;44.35;2016-12-17;DECO;S05;0;0.0;0.0;
T00464;1;L1001;sofa;harmony;1;1206.65;1013.99;663.66;2015-07-12;LIVI;S01;0;0.0;0.0;
T00465;1;G5001;floor_lamp;luna;1;117.46;98.71;64.6;2016-06-08;LIGH;S03;0;0.0;0.0;
T00466;1;L1020;coffee_table;oak;1;365.56;307.19;201.06;2015-10-28;LIVI;S04;0;0.0;0.0;
T00466;2;B3003;bed;kompakt;1;785.47;660.06;432.01;2015-10-28;BEDR;S02;0;0.0;0.0;
T00466;3;B3011;mattress;premium;1;937.56;787.87;515.66;2015-10-28;BEDR;S06;0;0.0;0.0;
T00466;4;B3030;nightstand;harmony;1;181.92;152.88;100.06;2015-10-28;BEDR;S01;0;0.0;0.0;
T00466;5;K9002;kitchen_table;kompakt;1;299.69;251.84;164.83;2015-10-28;KITC;S02;1;33.57;0.112;A
T00466;6;K9010;kitchen_chair;oak;2;117.81;99.0;64.8;2015-10-28;KITC;S04;0;0.0;0.0;
T00467;1;L1030;side_table;oak;1;121.01;101.68;66.55;2016-08-02;LIVI;S04;0;0.0;0.0;
T00467;2;E6002;tv;smart65;1;1244.71;1045.97;684.59;2016-08-02;ELEC;S08;0;0.0;0.0;
T00468;1;C7020;picture_frame;wood;2;19.69;16.55;10.83;2015-11-18;DECO;S05;0;0.0;0.0;
T00469;1;D2011;dining_chair;fabric;4;120.91;101.6;66.5;2016-08-07;DINI;S03;0;0.0;0.0;
T00470;1;D2001;dining_table;oak;1;902.29;758.23;496.26;2016-04-15;DINI;S04;0;0.0;0.0;
T00470;2;D2031;table_extension;walnut;1;143.62;120.69;78.99;2016-04-15;DINI;S04;1;14.81;0.1031;M
T00471;1;B3040;wardrobe;harmony;1;1098.68;923.26;604.27;2016-09-01;BEDR;S01;0;0.0;0.0;
T00472;1;G5011;table_lamp;modern;1;46.91;39.42;25.8;2016-05-23;LIGH;S05;0;0.0;0.0;
T00473;1;L1051;rug;shaggy;1;289.37;243.17;159.15;2016-03-07;LIVI;S05;1;20.54;0.071;M
T00474;1;S8010;cabinet;oak;1;544.91;457.9;299.7;2015-09-05;STOR;S04;2;104.43;0.1917;K
T00475;1;L1010;armchair;harmony;1;628.3;527.98;345.56;2016-12-04;LIVI;S01;1;38.07;0.0606;A
T00476;1;D2012;dining_chair;leather;4;194.5;163.45;106.97;2016-04-15;DINI;S01;0;0.0;0.0;
T00477;1;B3031;nightstand;kompakt;2;114.76;96.43;63.12;2016-03-02;BEDR;S02;2;8.23;0.0717;A
T00478;1;L1051;rug;shaggy;1;290.1;243.78;159.55;2017-06-24;LIVI;S05;0;0.0;0.0;
T00479;1;L1030;side_table;oak;1;120.81;101.52;66.44;2016-07-16;LIVI;S04;0;0.0;0.0;
T00480;1;O4011;office_chair;basic;1;176.71;148.5;97.19;2016-09-08;OFFI;S07;0;0.0;0.0;
T00481;1;D2001;dining_table;oak;1;861.3;723.78;473.72;2016-05-18;DINI;S04;0;0.0;0.0;
T00481;2;D2012;dining_chair;leather;2;189.33;159.1;104.13;2016-05-18;DINI;S01;0;0.0;0.0;
T00482;1;D2030;table_extension;oak;1;121.57;102.16;66.86;2017-03-10;DINI;S04;0;0.0;0.0;
T00483;1;S8010;cabinet;oak;1;551.11;463.12;303.11;2016-05-27;STOR;S04;0;0.0;0.0;
T00484;1;L1030;side_table;oak;1;120.34;101.12;66.18;2015-08-18;LIVI;S04;0;0.0;0.0;
T00485;1;L1050;rug;berber;1;183.2;153.95;100.76;2016-06-27;LIVI;S05;0;0.0;0.0;
T00485;2;L1002;sofa;milano;1;1871.39;1572.59;1029.26;2016-06-27;LIVI;S01;0;0.0;0.0;
T00485;3;D2003;dining_table;kompakt;1;625.77;525.86;344.17;2016-06-27;DINI;S02;0;0.0;0.0;
T00485;4;D2010;dining_chair;oak;4;148.7;124.96;81.79;2016-06-27;DINI;S04;1;15.03;0.1011;A
T00486;1;G5010;table_lamp;luna;1;78.15;65.67;42.98;2016-03-16;LIGH;S03;0;0.0;0.0;
T00487;1;B3001;bed;harmony;1;1145.67;962.75;630.12;2017-02-20;BEDR;S01;0;0.0;0.0;
T00488;1;D2010;dining_chair;oak;2;147.01;123.54;80.86;2017-03-11;DINI;S04;0;0.0;0.0;
T00489;1;G5020;ceiling_light;modern;1;168.13;141.29;92.47;2016-05-18;LIGH;S05;0;0.0;0.0;
T00490;1;K9002;kitchen_table;kompakt;1;307.97;258.8;169.38;2017-05-25;KITC;S02;2;47.9;0.1555;K
T00490;2;K9011;kitchen_chair;fabric;4;95.23;80.02;52.37;2017-05-25;KITC;S03;0;0.0;0.0;
T00491;1;D2010;dining_chair;oak;4;147.8;124.2;81.29;2015-10-27;DINI;S04;0;0.0;0.0;
T00491;2;K9002;kitchen_table;kompakt;1;284.92;239.43;156.71;2015-10-27;KITC;S02;0;0.0;0.0;
T00491;3;K9010;kitchen_chair;oak;4;119.88;100.74;65.93;2015-10-27;KITC;S04;0;0.0;0.0;
T00492;1;B3001;bed;harmony;1;1111.86;934.34;611.52;2017-05-12;BEDR;S01;0;0.0;0.0;
T00492;2;B3011;mattress;premium;1;870.06;731.15;478.54;2017-05-12;BEDR;S06;0;0.0;0.0;
T00492;3;B3030;nightstand;harmony;2;185.01;155.47;101.76;2017-05-12;BEDR;S01;0;0.0;0.0;
T00493;1;D2001;dining_table;oak;1;904.37;759.97;497.4;2016-05-25;DINI;S04;0;0.0;0.0;
T00493;2;D2011;dining_chair;fabric;6;114.19;95.95;62.8;2016-05-25;DINI;S03;0;0.0;0.0;
T00493;3;G5011;table_lamp;modern;2;51.04;42.89;28.07;2016-05-25;LIGH;S05;0;0.0;0.0;
T00494;1;C7030;curtain;linen;1;81.12;68.16;44.61;2016-02-16;DECO;S05;0;0.0;0.0;
T00494;2;B3031;nightstand;kompakt;2;123.35;103.65;67.84;2016-02-16;BEDR;S02;0;0.0;0.0;
T00495;1;B3030;nightstand;harmony;1;179.34;150.7;98.63;2016-02-21;BEDR;S01;0;0.0;0.0;
T00495;2;C7010;vase;ceramic;2;40.59;34.11;22.33;2016-02-21;DECO;S05;0;0.0;0.0;
T00495;3;K9001;kitchen_table;oak;1;454.69;382.1;250.08;2016-02-21;KITC;S04;0;0.0;0.0;
T00495;4;K9011;kitchen_chair;fabric;4;99.09;83.27;54.5;2016-02-21;KITC;S03;0;0.0;0.0;
T00496;1;S8001;dresser;harmony;1;374.85;315.0;206.17;2015-09-30;STOR;S01;0;0.0;0.0;
T00496;2;C7002;mirror;framed;1;161.12;135.39;88.61;2015-09-30;DECO;S05;0;0.0;0.0;
T00497;1;B3030;nightstand;harmony;1;182.41;153.28;100.32;2016-07-02;BEDR;S01;0;0.0;0.0;
T00498;1;D2003;dining_table;kompakt;1;623.42;523.88;342.88;2015-08-26;DINI;S02;0;0.0;0.0;
T00498;2;D2011;dining_chair;fabric;4;115.52;97.07;63.53;2015-08-26;DINI;S03;0;0.0;0.0;
T00499;1;D2010;dining_chair;oak;4;155.88;130.99;85.74;2016-04-29;DINI;S04;0;0.0;0.0;
T00499;2;B3002;bed;milano;1;1678.26;1410.3;923.04;2016-04-29;BEDR;S01;0;0.0;0.0;
T00499;3;B3010;mattress;comfort;1;616.31;517.91;338.97;2016-04-29;BEDR;S06;0;0.0;0.0;
T00499;4;B3030;nightstand;harmony;2;187.7;157.73;103.23;2016-04-29;BEDR;S01;0;0.0;0.0;
T00500;1;E6011;soundbar;premium;1;406.96;341.98;223.83;2016-11-08;ELEC;S08;0;0.0;0.0;
T00501;1;K9021;bar_stool;metal;1;105.01;88.24;57.76;2017-04-18;KITC;S07;0;0.0;0.0;
T00501;2;L1020;coffee_table;oak;1;348.76;293.08;191.82;2017-04-18;LIVI;S04;0;0.0;0.0;
T00502;1;O4002;desk;compact;1;239.48;201.24;131.71;2016-04-27;OFFI;S02;1;16.16;0.0675;M
T00503;1;L1051;rug;shaggy;1;302.42;254.14;166.33;2017-04-15;LIVI;S05;0;0.0;0.0;
T00503;2;L1020;coffee_table;oak;1;357.76;300.64;196.77;2017-04-15;LIVI;S04;0;0.0;0.0;
T00504;1;L1003;sofa;kompakt;1;794.95;668.03;437.22;2015-09-13;LIVI;S02;0;0.0;0.0;
T00505;1;L1050;rug;berber;1;197.99;166.38;108.9;2016-08-13;LIVI;S05;0;0.0;0.0;
T00505;2;L1010;armchair;harmony;1;579.94;487.34;318.96;2016-08-13;LIVI;S01;0;0.0;0.0;
T00506;1;D2020;sideboard;oak;1;630.72;530.02;346.9;2016-08-18;DINI;S04;1;69.58;0.1103;M
T00507;1;O4002;desk;compact;1;252.87;212.49;139.08;2015-11-06;OFFI;S02;0;0.0;0.0;
T00507;2;O4011;office_chair;basic;1;184.87;155.36;101.68;2015-11-06;OFFI;S07;0;0.0;0.0;
T00507;3;O4020;bookshelf;oak;1;249.22;209.43;137.07;2015-11-06;OFFI;S04;0;0.0;0.0;
T00507;4;L1003;sofa;kompakt;1;780.09;655.54;429.05;2015-11-06;LIVI;S02;1;40.63;0.0521;M
T00507;5;L1020;coffee_table;oak;1;359.48;302.08;197.71;2015-11-06;LIVI;S04;0;0.0;0.0;
T00508;1;L1030;side_table;oak;1;119.37;100.31;65.65;2015-11-21;LIVI;S04;0;0.0;0.0;
T00509;1;L1002;sofa;milano;1;1856.02;1559.68;1020.81;2016-11-06;LIVI;S01;0;0.0;0.0;
T00509;2;K9010;kitchen_chair;oak;4;118.08;99.23;64.95;2016-11-06;KITC;S04;0;0.0;0.0;
T00509;3;D2010;dining_chair;oak;4;152.83;128.43;84.06;2016-11-06;DINI;S04;2;18.61;0.1218;A
T00510;1;S8001;dresser;harmony;1;361.64;303.9;198.9;2015-10-02;STOR;S01;0;0.0;0.0;
T00511;1;K9001;kitchen_table;oak;1;442.51;371.85;243.38;2017-02-09;KITC;S04;0;0.0;0.0;
T00511;2;K9011;kitchen_chair;fabric;1;102.93;86.49;56.61;2017-02-09;KITC;S03;0;0.0;0.0;
T00512;1;D2001;dining_table;oak;1;907.08;762.25;498.89;2017-04-21;DINI;S04;0;0.0;0.0;
T00512;2;D2020;sideboard;oak;1;642.7;540.09;353.49;2017-04-21;DINI;S04;0;0.0;0.0;
T00513;1;G5001;floor_lamp;luna;1;121.24;101.88;66.68;2017-04-26;LIGH;S03;0;0.0;0.0;
T00514;1;U1020;parasol;basic;1;113.2;95.12;62.26;2015-12-30;OUTD;S09;0;0.0;0.0;
T00515;1;O4010;office_chair;ergo;1;364.36;306.18;200.4;2016-12-03;OFFI;S07;0;0.0;0.0;
T00516;1;C7002;mirror;framed;1;174.4;146.56;95.92;2015-07-19;DECO;S05;0;0.0;0.0;
T00517;1;G5001;floor_lamp;luna;1;117.77;98.97;64.78;2016-07-15;LIGH;S03;0;0.0;0.0;
T00517;2;C7010;vase;ceramic;1;39.46;33.16;21.7;2016-07-15;DECO;S05;0;0.0;0.0;
T00517;3;S8020;shoe_rack;compact;1;105.75;88.86;58.16;2016-07-15;STOR;S02;0;0.0;0.0;
T00518;1;E6011;soundbar;premium;1;383.11;321.94;210.71;2016-02-21;ELEC;S08;1;21.75;0.0568;A
T00518;2;K9010;kitchen_chair;oak;2;123.05;103.4;67.68;2016-02-21;KITC;S04;0;0.0;0.0;
T00519;1;L1001;sofa;harmony;1;1167.14;980.79;641.93;2016-01-06;LIVI;S01;0;0.0;0.0;
T00519;2;L1050;rug;berber;1;197.5;165.96;108.62;2016-01-06;LIVI;S05;0;0.0;0.0;
T00520;1;S8010;cabinet;oak;1;567.24;476.68;311.98;2015-07-14;STOR;S04;0;0.0;0.0;
T00521;1;G5031;led_strip;basic;1;19.75;16.59;10.86;2017-06-30;LIGH;S08;0;0.0;0.0;
T00522;1;K9011;kitchen_chair;fabric;2;101.39;85.2;55.77;2015-08-19;KITC;S03;0;0.0;0.0;
T00523;1;G5030;led_strip;smart;1;38.9;32.69;21.4;2017-01-03;LIGH;S08;0;0.0;0.0;
T00523;2;C7001;mirror;round;1;114.79;96.47;63.14;2017-01-03;DECO;S05;0;0.0;0.0;
T00523;3;L1021;coffee_table;glass;1;272.97;229.39;150.14;2017-01-03;LIVI;S04;0;0.0;0.0;
T00524;1;B3040;wardrobe;harmony;1;1108.95;931.89;609.92;2016-07-31;BEDR;S01;0;0.0;0.0;
T00525;1;L1051;rug;shaggy;1;290.78;244.35;159.93;2016-05-07;LIVI;S05;0;0.0;0.0;
T00525;2;L1001;sofa;harmony;1;1240.01;1042.02;682.0;2016-05-07;LIVI;S01;1;99.6;0.0803;M
T00526;1;E6010;soundbar;compact;1;241.56;202.99;132.86;2016-07-11;ELEC;S08;0;0.0;0.0;
T00527;1;B3040;wardrobe;harmony;1;1092.31;917.9;600.77;2015-10-21;BEDR;S01;0;0.0;0.0;
T00527;2;D2031;table_extension;walnut;1;152.82;128.42;84.05;2015-10-21;DINI;S04;0;0.0;0.0;
T00528;1;C7030;curtain;linen;1;78.02;65.56;42.91;2017-03-11;DECO;S05;1;5.18;0.0663;M
T00528;2;L1001;sofa;harmony;1;1183.57;994.59;650.96;2017-03-11;LIVI;S01;0;0.0;0.0;
T00528;3;L1020;coffee_table;oak;1;357.46;300.39;196.6;2017-03-11;LIVI;S04;0;0.0;0.0;
T00529;1;C7010;vase;ceramic;1;37.06;31.14;20.38;2016-10-01;DECO;S05;0;0.0;0.0;
T00530;1;D2011;dining_chair;fabric;4;115.77;97.28;63.67;2016-01-04;DINI;S03;0;0.0;0.0;
T00531;1;L1051;rug;shaggy;1;291.13;244.65;160.12;2016-01-02;LIVI;S05;0;0.0;0.0;
T00532;1;D2011;dining_chair;fabric;2;113.54;95.41;62.44;2016-04-03;DINI;S03;0;0.0;0.0;
T00532;2;C7030;curtain;linen;1;81.99;68.9;45.09;2016-04-03;DECO;S05;1;5.0;0.061;M
T00532;3;B3001;bed;harmony;1;1085.96;912.57;597.28;2016-04-03;BEDR;S01;0;0.0;0.0;
T00532;4;B3010;mattress;comfort;1;602.28;506.12;331.25;2016-04-03;BEDR;S06;0;0.0;0.0;
T00532;5;B3020;headboard;harmony;1;288.55;242.48;158.7;2016-04-03;BEDR;S01;2;42.71;0.148;A
T00533;1;O4002;desk;compact;1;257.08;216.03;141.39;2017-04-18;OFFI;S02;0;0.0;0.0;
T00533;2;O4010;office_chair;ergo;1;346.02;290.78;190.31;2017-04-18;OFFI;S07;0;0.0;0.0;
T00534;1;U1002;garden_chair;metal;1;86.02;72.29;47.31;2016-10-25;OUTD;S09;0;0.0;0.0;
T00535;1;D2002;dining_table;walnut;1;1264.94;1062.98;695.72;2017-06-30;DINI;S04;0;0.0;0.0;
T00535;2;D2031;table_extension;walnut;1;156.01;131.1;85.8;2017-06-30;DINI;S04;0;0.0;0.0;
T00535;3;D2020;sideboard;oak;1;657.82;552.79;361.8;2017-06-30;DINI;S04;0;0.0;0.0;
T00535;4;O4010;office_chair;ergo;1;339.98;285.7;186.99;2017-06-30;OFFI;S07;1;26.53;0.078;M
T00536;1;L1020;coffee_table;oak;1;350.17;294.26;192.6;2016-02-25;LIVI;S04;0;0.0;0.0;
T00537;1;K9001;kitchen_table;oak;1;438.74;368.69;241.3;2017-01-18;KITC;S04;0;0.0;0.0;
T00538;1;B3040;wardrobe;harmony;1;1046.12;879.09;575.37;2017-06-28;BEDR;S01;0;0.0;0.0;
T00538;2;C7020;picture_frame;wood;2;18.92;15.9;10.41;2017-06-28;DECO;S05;0;0.0;0.0;
T00539;1;B3002;bed;milano;1;1601.52;1345.81;880.83;2016-06-15;BEDR;S01;1;99.62;0.0622;B
T00539;2;B3010;mattress;comfort;1;587.04;493.31;322.87;2016-06-15;BEDR;S06;0;0.0;0.0;
T00540;1;D2011;dining_chair;fabric;6;121.78;102.33;66.98;2015-09-22;DINI;S03;0;0.0;0.0;
T00540;2;D2003;dining_table;kompakt;1;612.43;514.65;336.84;2015-09-22;DINI;S02;0;0.0;0.0;
T00540;3;D2030;table_extension;oak;1;115.84;97.34;63.71;2015-09-22;DINI;S04;0;0.0;0.0;
T00541;1;D2012;dining_chair;leather;4;190.84;160.37;104.96;2016-11-05;DINI;S01;0;0.0;0.0;
T00541;2;B3030;nightstand;harmony;2;172.58;145.03;94.92;2016-11-05;BEDR;S01;0;0.0;0.0;
T00542;1;L1003;sofa;kompakt;1;837.35;703.66;460.54;2017-01-14;LIVI;S02;0;0.0;0.0;
T00542;2;L1021;coffee_table;glass;1;285.3;239.75;156.91;2017-01-14;LIVI;S04;0;0.0;0.0;
T00543;1;G5020;ceiling_light;modern;1;171.97;144.51;94.58;2015-12-08;LIGH;S05;0;0.0;0.0;
T00544;1;E6010;soundbar;compact;1;261.2;219.5;143.66;2015-08-21;ELEC;S08;0;0.0;0.0;
T00544;2;E6002;tv;smart65;1;1171.93;984.82;644.56;2015-08-21;ELEC;S08;0;0.0;0.0;
T00544;3;E6020;speakers;stereo;1;172.92;145.31;95.11;2015-08-21;ELEC;S08;0;0.0;0.0;
T00545;1;L1002;sofa;milano;1;1774.57;1491.23;976.01;2017-06-18;LIVI;S01;0;0.0;0.0;
T00545;2;L1041;ottoman;kompakt;1;154.08;129.48;84.74;2017-06-18;LIVI;S02;0;0.0;0.0;
T00546;1;L1010;armchair;harmony;1;573.56;481.99;315.46;2017-01-02;LIVI;S01;0;0.0;0.0;
T00547;1;S8020;shoe_rack;compact;1;109.06;91.65;59.98;2016-10-27;STOR;S02;1;12.47;0.1144;M
T00547;2;G5031;led_strip;basic;1;19.73;16.58;10.85;2016-10-27;LIGH;S08;0;0.0;0.0;
T00547;3;C7010;vase;ceramic;1;39.9;33.53;21.94;2016-10-27;DECO;S05;0;0.0;0.0;
T00548;1;U1002;garden_chair;metal;1;87.5;73.53;48.13;2016-04-21;OUTD;S09;0;0.0;0.0;
T00549;1;O4030;filing_cabinet;metal;1;274.38;230.57;150.91;2015-12-02;OFFI;S07;0;0.0;0.0;
T00549;2;U1002;garden_chair;metal;4;86.49;72.68;47.57;2015-12-02;OUTD;S09;0;0.0;0.0;
T00549;3;G5010;table_lamp;luna;2;81.88;68.8;45.03;2015-12-02;LIGH;S03;0;0.0;0.0;
T00550;1;B3011;mattress;premium;1;879.83;739.35;483.91;2015-08-23;BEDR;S06;0;0.0;0.0;
T00551;1;O4010;office_chair;ergo;1;349.43;293.63;192.18;2016-11-05;OFFI;S07;0;0.0;0.0;
T00552;1;G5011;table_lamp;modern;1;50.71;42.62;27.89;2016-10-16;LIGH;S05;0;0.0;0.0;
T00552;2;L1020;coffee_table;oak;1;338.36;284.34;186.1;2016-10-16;LIVI;S04;0;0.0;0.0;
T00553;1;D2010;dining_chair;oak;2;145.59;122.35;80.08;2017-05-17;DINI;S04;0;0.0;0.0;
T00554;1;D2030;table_extension;oak;1;115.68;97.21;63.62;2017-06-01;DINI;S04;0;0.0;0.0;
T00554;2;L1041;ottoman;kompakt;1;151.06;126.95;83.09;2017-06-01;LIVI;S02;0;0.0;0.0;
T00555;1;L1002;sofa;milano;1;1792.47;1506.28;985.86;2015-08-08;LIVI;S01;0;0.0;0.0;
T00555;2;L1021;coffee_table;glass;1;287.44;241.55;158.09;2015-08-08;LIVI;S04;0;0.0;0.0;
T00556;1;B3010;mattress;comfort;1;575.48;483.6;316.51;2016-11-09;BEDR;S06;0;0.0;0.0;
T00556;2;K9010;kitchen_chair;oak;1;121.21;101.86;66.67;2016-11-09;KITC;S04;1;11.57;0.0955;A
T00557;1;O4010;office_chair;ergo;1;359.85;302.4;197.92;2015-10-28;OFFI;S07;0;0.0;0.0;
T00558;1;S8010;cabinet;oak;1;530.2;445.54;291.61;2015-08-30;STOR;S04;0;0.0;0.0;
T00559;1;D2010;dining_chair;oak;1;143.52;120.61;78.94;2017-06-25;DINI;S04;0;0.0;0.0;
T00559;2;L1040;ottoman;luna;1;227.2;190.93;124.96;2017-06-25;LIVI;S03;1;12.42;0.0547;A
T00560;1;E6011;soundbar;premium;1;397.13;333.72;218.42;2016-03-06;ELEC;S08;1;48.79;0.1229;M
T00560;2;D2030;table_extension;oak;1;118.66;99.72;65.26;2016-03-06;DINI;S04;0;0.0;0.0;
T00560;3;D2011;dining_chair;fabric;4;123.22;103.55;67.77;2016-03-06;DINI;S03;0;0.0;0.0;
T00561;1;B3003;bed;kompakt;1;737.19;619.49;405.45;2016-04-05;BEDR;S02;0;0.0;0.0;
T00561;2;B3010;mattress;comfort;1;577.07;484.93;317.39;2016-04-05;BEDR;S06;0;0.0;0.0;
T00562;1;L1011;armchair;luna;1;434.06;364.76;238.74;2016-10-31;LIVI;S03;0;0.0;0.0;
T00563;1;D2003;dining_table;kompakt;1;599.4;503.69;329.67;2016-06-08;DINI;S02;0;0.0;0.0;
T00563;2;D2012;dining_chair;leather;4;199.86;167.95;109.92;2016-06-08;DINI;S01;0;0.0;0.0;
T00563;3;D2020;sideboard;oak;1;656.3;551.51;360.96;2016-06-08;DINI;S04;0;0.0;0.0;
T00564;1;D2020;sideboard;oak;1;655.83;551.11;360.7;2017-01-31;DINI;S04;0;0.0;0.0;
T00564;2;D2010;dining_chair;oak;2;155.2;130.42;85.36;2017-01-31;DINI;S04;0;0.0;0.0;
T00565;1;K9011;kitchen_chair;fabric;1;95.35;80.13;52.44;2016-10-09;KITC;S03;0;0.0;0.0;
T00565;2;G5031;led_strip;basic;1;18.45;15.5;10.15;2016-10-09;LIGH;S08;0;0.0;0.0;
T00566;1;C7001;mirror;round;1;113.9;95.72;62.65;2015-12-21;DECO;S05;0;0.0;0.0;
T00567;1;G5001;floor_lamp;luna;1;115.39;96.97;63.46;2016-07-19;LIGH;S03;0;0.0;0.0;
T00567;2;L1020;coffee_table;oak;1;344.26;289.29;189.34;2016-07-19;LIVI;S04;0;0.0;0.0;
T00568;1;K9011;kitchen_chair;fabric;2;103.85;87.27;57.12;2016-05-19;KITC;S03;0;0.0;0.0;
T00569;1;B3040;wardrobe;harmony;1;1145.37;962.5;629.96;2017-04-30;BEDR;S01;0;0.0;0.0;
T00570;1;B3011;mattress;premium;1;913.28;767.46;502.3;2017-05-12;BEDR;S06;0;0.0;0.0;
T00571;1;E6010;soundbar;compact;1;246.44;207.1;135.54;2016-12-21;ELEC;S08;0;0.0;0.0;
T00572;1;B3010;mattress;comfort;1;573.54;481.97;315.45;2015-12-04;BEDR;S06;0;0.0;0.0;
T00573;1;D2010;dining_chair;oak;6;155.2;130.42;85.36;2016-06-07;DINI;S04;0;0.0;0.0;
T00574;1;K9011;kitchen_chair;fabric;4;95.4;80.17;52.47;2015-08-29;KITC;S03;0;0.0;0.0;
T00574;2;D2012;dining_chair;leather;4;189.38;159.15;104.16;2015-08-29;DINI;S01;0;0.0;0.0;
T00575;1;D2012;dining_chair;leather;2;198.59;166.88;109.22;2017-05-11;DINI;S01;0;0.0;0.0;
T00576;1;C7010;vase;ceramic;1;37.23;31.29;20.48;2017-05-29;DECO;S05;0;0.0;0.0;
T00577;1;E6010;soundbar;compact;1;251.36;211.23;138.25;2016-06-10;ELEC;S08;0;0.0;0.0;
T00578;1;O4020;bookshelf;oak;1;253.51;213.03;139.43;2017-02-15;OFFI;S04;0;0.0;0.0;
T00579;1;B3010;mattress;comfort;1;583.21;490.09;320.76;2016-04-09;BEDR;S06;0;0.0;0.0;
T00580;1;O4010;office_chair;ergo;1;356.49;299.57;196.07;2017-05-18;OFFI;S07;0;0.0;0.0;
T00581;1;E6001;tv;smart55;1;792.13;665.65;435.67;2016-06-10;ELEC;S08;0;0.0;0.0;
T00582;1;K9011;kitchen_chair;fabric;2;100.8;84.71;55.44;2016-10-29;KITC;S03;0;0.0;0.0;
T00583;1;C7020;picture_frame;wood;1;18.28;15.36;10.06;2015-11-06;DECO;S05;0;0.0;0.0;
T00584;1;K9001;kitchen_table;oak;1;444.28;373.34;244.35;2016-02-28;KITC;S04;0;0.0;0.0;
T00584;2;K9010;kitchen_chair;oak;1;120.86;101.56;66.47;2016-02-28;KITC;S04;0;0.0;0.0;
T00585;1;L1051;rug;shaggy;1;287.8;241.85;158.29;2016-12-28;LIVI;S05;0;0.0;0.0;
T00585;2;C7030;curtain;linen;1;82.55;69.37;45.4;2016-12-28;DECO;S05;0;0.0;0.0;
T00586;1;G5011;table_lamp;modern;1;49.03;41.2;26.96;2017-01-17;LIGH;S05;1;3.78;0.0771;M
T00587;1;G5030;led_strip;smart;1;38.19;32.1;21.01;2017-01-17;LIGH;S08;0;0.0;0.0;
T00588;1;G5001;floor_lamp;luna;1;115.96;97.45;63.78;2015-11-27;LIGH;S03;0;0.0;0.0;
T00589;1;O4011;office_chair;basic;1;179.97;151.24;98.99;2016-05-19;OFFI;S07;0;0.0;0.0;
T00590;1;B3002;bed;milano;1;1656.54;1392.05;911.1;2016-08-24;BEDR;S01;0;0.0;0.0;
T00590;2;B3010;mattress;comfort;1;575.58;483.68;316.57;2016-08-24;BEDR;S06;0;0.0;0.0;
T00591;1;B3002;bed;milano;1;1629.7;1369.5;896.33;2016-11-09;BEDR;S01;0;0.0;0.0;
T00591;2;B3030;nightstand;harmony;1;179.11;150.52;98.51;2016-11-09;BEDR;S01;1;23.15;0.1292;M
T00592;1;D2011;dining_chair;fabric;6;121.5;102.1;66.83;2016-06-29;DINI;S03;0;0.0;0.0;
T00593;1;L1020;coffee_table;oak;1;359.99;302.51;197.99;2016-03-05;LIVI;S04;0;0.0;0.0;
T00593;2;D2001;dining_table;oak;1;914.1;768.15;502.75;2016-03-05;DINI;S04;1;82.99;0.0908;M
T00593;3;D2011;dining_chair;fabric;2;114.97;96.61;63.23;2016-03-05;DINI;S03;0;0.0;0.0;
T00593;4;D2031;table_extension;walnut;1;154.66;129.97;85.06;2016-03-05;DINI;S04;0;0.0;0.0;
T00594;1;D2001;dining_table;oak;1;910.78;765.36;500.93;2015-11-16;DINI;S04;0;0.0;0.0;
T00594;2;D2011;dining_chair;fabric;2;121.67;102.24;66.92;2015-11-16;DINI;S03;0;0.0;0.0;
T00594;3;D2031;table_extension;walnut;1;144.35;121.3;79.39;2015-11-16;DINI;S04;1;7.99;0.0553;B
T00595;1;U1002;garden_chair;metal;4;89.85;75.5;49.42;2015-12-27;OUTD;S09;0;0.0;0.0;
T00596;1;G5020;ceiling_light;modern;1;164.55;138.28;90.5;2016-09-08;LIGH;S05;1;12.23;0.0743;A
T00596;2;D2001;dining_table;oak;1;918.3;771.68;505.06;2016-09-08;DINI;S04;0;0.0;0.0;
T00596;3;D2010;dining_chair;oak;2;148.8;125.04;81.84;2016-09-08;DINI;S04;0;0.0;0.0;
T00597;1;D2002;dining_table;walnut;1;1243.25;1044.75;683.79;2016-03-20;DINI;S04;0;0.0;0.0;
T00597;2;D2010;dining_chair;oak;6;150.22;126.24;82.62;2016-03-20;DINI;S04;0;0.0;0.0;
T00597;3;D2030;table_extension;oak;1;118.58;99.65;65.22;2016-03-20;DINI;S04;0;0.0;0.0;
T00598;1;K9020;bar_stool;oak;1;144.83;121.71;79.66;2017-01-12;KITC;S04;0;0.0;0.0;
T00598;2;D2001;dining_table;oak;1;854.67;718.21;470.07;2017-01-12;DINI;S04;1;102.88;0.1204;M
T00598;3;D2010;dining_chair;oak;2;150.42;126.41;82.73;2017-01-12;DINI;S04;0;0.0;0.0;
T00598;4;D2030;table_extension;oak;1;115.05;96.68;63.28;2017-01-12;DINI;S04;0;0.0;0.0;
T00598;5;L1050;rug;berber;1;186.23;156.49;102.42;2017-01-12;LIVI;S05;0;0.0;0.0;
T00599;1;G5011;table_lamp;modern;1;48.7;40.93;26.79;2016-03-04;LIGH;S05;0;0.0;0.0;
T00599;2;L1041;ottoman;kompakt;1;161.4;135.63;88.77;2016-03-04;LIVI;S02;0;0.0;0.0;
T00600;1;B3003;bed;kompakt;1;748.0;628.58;411.4;2015-12-07;BEDR;S02;0;0.0;0.0;
T00600;2;B3010;mattress;comfort;1;595.25;500.21;327.39;2015-12-07;BEDR;S06;1;79.76;0.134;B
T00600;3;B3031;nightstand;kompakt;2;120.61;101.35;66.33;2015-12-07;BEDR;S02;0;0.0;0.0;
T00600;4;B3020;headboard;harmony;1;277.18;232.93;152.45;2015-12-07;BEDR;S01;0;0.0;0.0;
T00601;1;G5001;floor_lamp;luna;1;113.14;95.07;62.23;2017-04-03;LIGH;S03;1;6.18;0.0546;M
T00602;1;G5001;floor_lamp;luna;1;123.71;103.96;68.04;2016-07-18;LIGH;S03;0;0.0;0.0;
T00603;1;C7002;mirror;framed;1;163.1;137.06;89.7;2016-08-14;DECO;S05;0;0.0;0.0;
T00604;1;B3003;bed;kompakt;1;743.13;624.48;408.72;2017-04-07;BEDR;S02;0;0.0;0.0;
T00604;2;B3011;mattress;premium;1;864.86;726.78;475.68;2017-04-07;BEDR;S06;0;0.0;0.0;
T00604;3;B3031;nightstand;kompakt;1;119.59;100.49;65.77;2017-04-07;BEDR;S02;0;0.0;0.0;
T00604;4;B3020;headboard;harmony;1;281.86;236.86;155.03;2017-04-07;BEDR;S01;0;0.0;0.0;
T00605;1;L1041;ottoman;kompakt;1;153.35;128.87;84.34;2016-08-12;LIVI;S02;1;15.53;0.1013;A
T00606;1;B3001;bed;harmony;1;1152.23;968.26;633.72;2017-06-17;BEDR;S01;0;0.0;0.0;
T00606;2;B3010;mattress;comfort;1;598.28;502.76;329.05;2017-06-17;BEDR;S06;0;0.0;0.0;
T00606;3;B3030;nightstand;harmony;1;182.89;153.69;100.59;2017-06-17;BEDR;S01;0;0.0;0.0;
T00607;1;O4020;bookshelf;oak;1;237.83;199.86;130.81;2016-09-28;OFFI;S04;1;21.73;0.0914;B
T00608;1;B3010;mattress;comfort;1;614.51;516.39;337.98;2017-01-24;BEDR;S06;0;0.0;0.0;
T00608;2;D2011;dining_chair;fabric;2;124.89;104.95;68.69;2017-01-24;DINI;S03;0;0.0;0.0;
T00609;1;G5001;floor_lamp;luna;1;119.75;100.63;65.86;2015-07-11;LIGH;S03;0;0.0;0.0;
T00609;2;S8001;dresser;harmony;1;360.91;303.29;198.5;2015-07-11;STOR;S01;0;0.0;0.0;
T00610;1;S8001;dresser;harmony;1;366.29;307.81;201.46;2016-11-15;STOR;S01;0;0.0;0.0;
T00611;1;S8010;cabinet;oak;1;555.16;466.52;305.34;2016-08-24;STOR;S04;0;0.0;0.0;
T00612;1;K9020;bar_stool;oak;1;144.93;121.79;79.71;2016-07-07;KITC;S04;0;0.0;0.0;
T00613;1;L1003;sofa;kompakt;1;803.34;675.07;441.84;2017-02-14;LIVI;S02;0;0.0;0.0;
T00614;1;L1002;sofa;milano;1;1748.54;1469.36;961.7;2017-01-11;LIVI;S01;0;0.0;0.0;
T00614;2;D2011;dining_chair;fabric;6;119.0;100.0;65.45;2017-01-11;DINI;S03;0;0.0;0.0;
T00614;3;L1041;ottoman;kompakt;1;151.68;127.47;83.43;2017-01-11;LIVI;S02;0;0.0;0.0;
T00615;1;G5001;floor_lamp;luna;1;116.85;98.19;64.27;2016-03-06;LIGH;S03;1;9.71;0.0831;M
T00616;1;K9002;kitchen_table;kompakt;1;303.74;255.24;167.06;2016-02-21;KITC;S02;0;0.0;0.0;
T00616;2;K9011;kitchen_chair;fabric;2;96.2;80.84;52.91;2016-02-21;KITC;S03;0;0.0;0.0;
T00617;1;L1001;sofa;harmony;1;1257.89;1057.05;691.84;2017-03-02;LIVI;S01;1;78.7;0.0626;M
T00618;1;G5011;table_lamp;modern;1;50.65;42.56;27.86;2016-04-29;LIGH;S05;0;0.0;0.0;
T00618;2;B3001;bed;harmony;1;1063.22;893.46;584.77;2016-04-29;BEDR;S01;0;0.0;0.0;
T00618;3;B3030;nightstand;harmony;1;170.13;142.96;93.57;2016-04-29;BEDR;S01;0;0.0;0.0;
T00619;1;G5031;led_strip;basic;1;18.06;15.17;9.93;2017-06-10;LIGH;S08;0;0.0;0.0;
T00620;1;L1003;sofa;kompakt;1;807.66;678.71;444.21;2016-07-21;LIVI;S02;0;0.0;0.0;
T00620;2;L1010;armchair;harmony;1;576.38;484.35;317.01;2016-07-21;LIVI;S01;0;0.0;0.0;
T00621;1;K9020;bar_stool;oak;1;136.84;114.99;75.26;2015-09-25;KITC;S04;0;0.0;0.0;
T00622;1;O4010;office_chair;ergo;1;337.56;283.66;185.66;2017-04-04;OFFI;S07;0;0.0;0.0;
T00623;1;L1050;rug;berber;1;180.53;151.71;99.29;2016-02-03;LIVI;S05;1;10.34;0.0573;B
T00624;1;B3011;mattress;premium;1;940.6;790.42;517.33;2016-12-25;BEDR;S06;1;85.1;0.0905;A
T00625;1;B3001;bed;harmony;1;1055.36;886.86;580.45;2016-08-25;BEDR;S01;0;0.0;0.0;
T00625;2;B3010;mattress;comfort;1;595.54;500.46;327.55;2016-08-25;BEDR;S06;0;0.0;0.0;
T00625;3;B3030;nightstand;harmony;1;173.5;145.8;95.43;2016-08-25;BEDR;S01;0;0.0;0.0;
T00626;1;C7020;picture_frame;wood;2;18.31;15.39;10.07;2016-05-24;DECO;S05;0;0.0;0.0;
T00626;2;B3003;bed;kompakt;1;734.47;617.2;403.96;2016-05-24;BEDR;S02;0;0.0;0.0;
T00626;3;B3011;mattress;premium;1;895.47;752.5;492.51;2016-05-24;BEDR;S06;0;0.0;0.0;
T00626;4;B3020;headboard;harmony;1;279.26;234.67;153.59;2016-05-24;BEDR;S01;0;0.0;0.0;
T00627;1;S8001;dresser;harmony;1;362.41;304.54;199.32;2016-08-06;STOR;S01;0;0.0;0.0;
T00628;1;C7010;vase;ceramic;2;38.7;32.52;21.28;2015-09-14;DECO;S05;0;0.0;0.0;
T00628;2;S8010;cabinet;oak;1;532.2;447.23;292.71;2015-09-14;STOR;S04;0;0.0;0.0;
T00629;1;L1040;ottoman;luna;1;218.79;183.86;120.33;2016-02-27;LIVI;S03;2;39.66;0.1813;K
T00629;2;B3001;bed;harmony;1;1134.74;953.57;624.11;2016-02-27;BEDR;S01;1;100.07;0.0882;M
T00629;3;B3010;mattress;comfort;1;603.63;507.25;332.0;2016-02-27;BEDR;S06;0;0.0;0.0;
T00630;1;L1050;rug;berber;1;185.27;155.69;101.9;2017-01-03;LIVI;S05;2;19.78;0.1068;K
T00630;2;U1002;garden_chair;metal;1;91.54;76.92;50.34;2017-01-03;OUTD;S09;0;0.0;0.0;
T00631;1;D2011;dining_chair;fabric;2;118.39;99.48;65.11;2015-11-23;DINI;S03;1;13.83;0.1168;M
T00632;1;O4020;bookshelf;oak;1;244.9;205.8;134.7;2017-01-08;OFFI;S04;0;0.0;0.0;
T00632;2;D2002;dining_table;walnut;1;1316.18;1106.03;723.9;2017-01-08;DINI;S04;2;123.96;0.0942;K
T00632;3;D2010;dining_chair;oak;2;147.89;124.28;81.34;2017-01-08;DINI;S04;0;0.0;0.0;
T00632;4;E6011;soundbar;premium;1;392.89;330.16;216.09;2017-01-08;ELEC;S08;0;0.0;0.0;
T00633;1;D2030;table_extension;oak;1;113.53;95.4;62.44;2015-11-12;DINI;S04;1;10.3;0.0907;M
T00634;1;L1010;armchair;harmony;1;620.79;521.67;341.44;2016-02-25;LIVI;S01;0;0.0;0.0;
T00635;1;L1030;side_table;oak;1;124.01;104.21;68.21;2016-03-10;LIVI;S04;0;0.0;0.0;
T00636;1;D2030;table_extension;oak;1;115.99;97.47;63.79;2015-10-15;DINI;S04;0;0.0;0.0;
T00636;2;E6010;soundbar;compact;1;245.46;206.27;135.0;2015-10-15;ELEC;S08;0;0.0;0.0;
T00637;1;G5011;table_lamp;modern;1;46.76;39.29;25.72;2016-02-28;LIGH;S05;1;5.06;0.1082;M
T00637;2;D2010;dining_chair;oak;2;142.58;119.82;78.42;2016-02-28;DINI;S04;0;0.0;0.0;
T00638;1;G5031;led_strip;basic;1;19.79;16.63;10.88;2016-12-31;LIGH;S08;0;0.0;0.0;
T00639;1;G5030;led_strip;smart;1;40.67;34.18;22.37;2016-12-29;LIGH;S08;0;0.0;0.0;
T00639;2;K9011;kitchen_chair;fabric;2;97.65;82.06;53.71;2016-12-29;KITC;S03;0;0.0;0.0;
T00640;1;L1010;armchair;harmony;1;622.97;523.51;342.63;2016-04-29;LIVI;S01;1;90.44;0.1452;B
T00641;1;C7002;mirror;framed;1;163.01;136.98;89.65;2015-12-21;DECO;S05;2;8.89;0.0545;A
T00641;2;D2012;dining_chair;leather;4;201.99;169.74;111.09;2015-12-21;DINI;S01;0;0.0;0.0;
T00642;1;E6002;tv;smart65;1;1161.7;976.22;638.94;2016-02-03;ELEC;S08;0;0.0;0.0;
T00642;2;E6011;soundbar;premium;1;410.14;344.65;225.57;2016-02-03;ELEC;S08;0;0.0;0.0;
T00642;3;C7002;mirror;framed;1;163.77;137.63;90.08;2016-02-03;DECO;S05;0;0.0;0.0;
T00643;1;K9010;kitchen_chair;oak;2;124.69;104.78;68.58;2016-01-03;KITC;S04;0;0.0;0.0;
T00644;1;B3003;bed;kompakt;1;740.33;622.12;407.18;2015-09-26;BEDR;S02;0;0.0;0.0;
T00644;2;B3010;mattress;comfort;1;602.16;506.02;331.19;2015-09-26;BEDR;S06;0;0.0;0.0;
T00644;3;B3020;headboard;harmony;1;274.94;231.05;151.22;2015-09-26;BEDR;S01;0;0.0;0.0;
T00645;1;D2001;dining_table;oak;1;919.44;772.63;505.69;2016-05-13;DINI;S04;0;0.0;0.0;
T00645;2;D2010;dining_chair;oak;1;155.85;130.97;85.72;2016-05-13;DINI;S04;0;0.0;0.0;
T00646;1;B3001;bed;harmony;1;1092.73;918.26;601.0;2015-08-02;BEDR;S01;0;0.0;0.0;
T00646;2;B3011;mattress;premium;1;892.43;749.94;490.84;2015-08-02;BEDR;S06;0;0.0;0.0;
T00646;3;B3031;nightstand;kompakt;1;122.93;103.3;67.61;2015-08-02;BEDR;S02;0;0.0;0.0;
T00646;4;C7010;vase;ceramic;3;37.66;31.64;20.71;2015-08-02;DECO;S05;0;0.0;0.0;
T00646;5;K9002;kitchen_table;kompakt;1;308.33;259.1;169.58;2015-08-02;KITC;S02;0;0.0;0.0;
T00646;6;K9010;kitchen_chair;oak;4;124.48;104.61;68.46;2015-08-02;KITC;S04;0;0.0;0.0;
T00647;1;C7030;curtain;linen;1;79.3;66.63;43.61;2016-03-15;DECO;S05;0;0.0;0.0;
T00648;1;O4010;office_chair;ergo;1;364.06;305.94;200.24;2015-08-16;OFFI;S07;0;0.0;0.0;
T00648;2;L1050;rug;berber;1;182.92;153.71;100.61;2015-08-16;LIVI;S05;0;0.0;0.0;
T00649;1;L1051;rug;shaggy;1;304.54;255.92;167.5;2015-07-05;LIVI;S05;0;0.0;0.0;
T00650;1;E6010;soundbar;compact;1;256.71;215.73;141.19;2015-07-31;ELEC;S08;0;0.0;0.0;
T00651;1;L1021;coffee_table;glass;1;267.75;225.0;147.26;2015-09-16;LIVI;S04;0;0.0;0.0;
T00652;1;U1001;garden_chair;rattan;4;114.58;96.28;63.02;2016-10-14;OUTD;S09;0;0.0;0.0;
T00653;1;B3011;mattress;premium;1;943.85;793.15;519.12;2015-08-16;BEDR;S06;0;0.0;0.0;
T00654;1;D2030;table_extension;oak;1;123.57;103.84;67.96;2015-09-03;DINI;S04;1;17.06;0.1381;A
T00655;1;B3010;mattress;comfort;1;608.78;511.58;334.83;2017-02-19;BEDR;S06;0;0.0;0.0;
T00655;2;D2012;dining_chair;leather;2;206.17;173.25;113.39;2017-02-19;DINI;S01;0;0.0;0.0;
T00656;1;K9020;bar_stool;oak;1;132.38;111.24;72.81;2015-10-13;KITC;S04;0;0.0;0.0;
T00657;1;B3040;wardrobe;harmony;1;1112.85;935.17;612.07;2017-03-12;BEDR;S01;1;95.99;0.0863;A
T00658;1;B3002;bed;milano;1;1571.36;1320.47;864.25;2015-07-23;BEDR;S01;0;0.0;0.0;
T00658;2;B3020;headboard;harmony;1;292.42;245.73;160.83;2015-07-23;BEDR;S01;0;0.0;0.0;
T00659;1;L1051;rug;shaggy;1;301.1;253.02;165.6;2015-11-01;LIVI;S05;0;0.0;0.0;
T00660;1;B3010;mattress;comfort;1;623.87;524.26;343.13;2016-01-26;BEDR;S06;0;0.0;0.0;
T00660;2;D2010;dining_chair;oak;2;155.77;130.9;85.68;2016-01-26;DINI;S04;0;0.0;0.0;
T00661;1;D2030;table_extension;oak;1;117.18;98.47;64.45;2015-12-30;DINI;S04;0;0.0;0.0;
T00661;2;B3040;wardrobe;harmony;1;1126.71;946.82;619.69;2015-12-30;BEDR;S01;0;0.0;0.0;
T00662;1;B3001;bed;harmony;1;1104.57;928.21;607.51;2015-12-07;BEDR;S01;0;0.0;0.0;
T00662;2;B3011;mattress;premium;1;941.39;791.09;517.77;2015-12-07;BEDR;S06;0;0.0;0.0;
T00663;1;G5030;led_strip;smart;1;38.17;32.08;20.99;2016-09-16;LIGH;S08;0;0.0;0.0;
T00664;1;L1050;rug;berber;1;192.22;161.53;105.72;2016-02-27;LIVI;S05;0;0.0;0.0;
T00664;2;K9001;kitchen_table;oak;1;468.28;393.51;257.55;2016-02-27;KITC;S04;0;0.0;0.0;
T00664;3;K9010;kitchen_chair;oak;1;115.13;96.75;63.32;2016-02-27;KITC;S04;1;8.6;0.0747;B
T00665;1;L1040;ottoman;luna;1;227.31;191.01;125.02;2016-09-23;LIVI;S03;0;0.0;0.0;
T00666;1;L1001;sofa;harmony;1;1256.82;1056.15;691.25;2016-10-27;LIVI;S01;0;0.0;0.0;
T00667;1;E6020;speakers;stereo;1;180.23;151.45;99.13;2015-12-16;ELEC;S08;0;0.0;0.0;
T00667;2;B3001;bed;harmony;1;1097.85;922.56;603.82;2015-12-16;BEDR;S01;0;0.0;0.0;
T00667;3;B3011;mattress;premium;1;892.41;749.93;490.83;2015-12-16;BEDR;S06;0;0.0;0.0;
T00668;1;O4020;bookshelf;oak;1;250.74;210.71;137.91;2017-03-13;OFFI;S04;0;0.0;0.0;
T00669;1;B3010;mattress;comfort;1;597.5;502.1;328.63;2016-11-07;BEDR;S06;0;0.0;0.0;
T00670;1;L1010;armchair;harmony;1;601.88;505.78;331.03;2017-04-30;LIVI;S01;0;0.0;0.0;
T00670;2;K9021;bar_stool;metal;1;104.18;87.54;57.3;2017-04-30;KITC;S07;0;0.0;0.0;
T00671;1;E6002;tv;smart65;1;1166.25;980.04;641.44;2016-08-06;ELEC;S08;0;0.0;0.0;
T00671;2;E6011;soundbar;premium;1;412.39;346.55;226.82;2016-08-06;ELEC;S08;0;0.0;0.0;
T00671;3;G5010;table_lamp;luna;1;78.55;66.01;43.2;2016-08-06;LIGH;S03;0;0.0;0.0;
T00672;1;G5010;table_lamp;luna;1;79.85;67.1;43.92;2016-05-09;LIGH;S03;0;0.0;0.0;
T00673;1;L1003;sofa;kompakt;1;768.1;645.46;422.45;2016-09-24;LIVI;S02;0;0.0;0.0;
T00673;2;L1050;rug;berber;1;184.51;155.05;101.48;2016-09-24;LIVI;S05;0;0.0;0.0;
T00674;1;L1003;sofa;kompakt;1;773.65;650.13;425.51;2017-01-12;LIVI;S02;1;73.1;0.0945;M
T00674;2;B3001;bed;harmony;1;1083.66;910.64;596.01;2017-01-12;BEDR;S01;0;0.0;0.0;
T00674;3;B3010;mattress;comfort;1;581.2;488.41;319.66;2017-01-12;BEDR;S06;1;75.53;0.1299;B
T00674;4;B3020;headboard;harmony;1;268.77;225.86;147.82;2017-01-12;BEDR;S01;0;0.0;0.0;
T00675;1;L1001;sofa;harmony;1;1245.99;1047.05;685.29;2016-12-24;LIVI;S01;0;0.0;0.0;
T00675;2;L1010;armchair;harmony;1;618.9;520.09;340.4;2016-12-24;LIVI;S01;0;0.0;0.0;
T00676;1;S8020;shoe_rack;compact;1;109.54;92.05;60.24;2016-05-01;STOR;S02;0;0.0;0.0;
T00677;1;L1041;ottoman;kompakt;1;163.05;137.01;89.68;2016-09-28;LIVI;S02;0;0.0;0.0;
T00678;1;K9010;kitchen_chair;oak;1;120.0;100.84;66.0;2017-04-21;KITC;S04;0;0.0;0.0;
T00679;1;L1010;armchair;harmony;1;615.13;516.92;338.32;2017-02-28;LIVI;S01;1;64.32;0.1046;A
T00680;1;O4001;desk;oak;1;383.99;322.68;211.2;2015-09-01;OFFI;S04;1;52.0;0.1354;A
T00681;1;S8001;dresser;harmony;1;362.45;304.58;199.35;2016-09-05;STOR;S01;0;0.0;0.0;
T00682;1;O4001;desk;oak;1;403.63;339.19;222.0;2015-08-09;OFFI;S04;0;0.0;0.0;
T00682;2;O4011;office_chair;basic;1;179.9;151.18;98.95;2015-08-09;OFFI;S07;2;27.51;0.1529;K
T00683;1;D2001;dining_table;oak;1;860.21;722.87;473.12;2015-09-15;DINI;S04;1;111.87;0.13;M
T00683;2;D2012;dining_chair;leather;4;195.47;164.26;107.51;2015-09-15;DINI;S01;1;15.61;0.0799;M
T00683;3;D2030;table_extension;oak;1;116.33;97.76;63.98;2015-09-15;DINI;S04;1;13.74;0.1181;M
T00684;1;L1040;ottoman;luna;1;228.07;191.65;125.44;2017-04-15;LIVI;S03;0;0.0;0.0;
T00684;2;G5010;table_lamp;luna;2;80.11;67.32;44.06;2017-04-15;LIGH;S03;0;0.0;0.0;
T00684;3;G5031;led_strip;basic;1;19.75;16.6;10.86;2017-04-15;LIGH;S08;0;0.0;0.0;
T00685;1;L1050;rug;berber;1;180.25;151.47;99.14;2016-07-05;LIVI;S05;0;0.0;0.0;
T00685;2;U1002;garden_chair;metal;4;91.25;76.68;50.19;2016-07-05;OUTD;S09;0;0.0;0.0;
T00686;1;O4020;bookshelf;oak;1;248.83;209.1;136.86;2015-08-19;OFFI;S04;0;0.0;0.0;
T00687;1;L1010;armchair;harmony;1;590.52;496.23;324.79;2015-07-13;LIVI;S01;0;0.0;0.0;
T00687;2;E6010;soundbar;compact;1;245.3;206.14;134.92;2015-07-13;ELEC;S08;0;0.0;0.0;
T00687;3;K9002;kitchen_table;kompakt;1;308.01;258.83;169.41;2015-07-13;KITC;S02;1;22.88;0.0743;A
T00687;4;K9010;kitchen_chair;oak;4;115.71;97.23;63.64;2015-07-13;KITC;S04;0;0.0;0.0;
T00688;1;O4010;office_chair;ergo;1;366.29;307.81;201.46;2016-11-16;OFFI;S07;2;43.86;0.1197;K
T00688;2;L1011;armchair;luna;1;465.44;391.12;255.99;2016-11-16;LIVI;S03;0;0.0;0.0;
T00689;1;S8010;cabinet;oak;1;546.97;459.64;300.83;2015-09-05;STOR;S04;0;0.0;0.0;
T00689;2;C7010;vase;ceramic;2;37.57;31.57;20.66;2015-09-05;DECO;S05;0;0.0;0.0;
T00690;1;C7010;vase;ceramic;1;40.59;34.11;22.32;2016-12-21;DECO;S05;0;0.0;0.0;
T00691;1;B3003;bed;kompakt;1;750.03;630.28;412.52;2016-08-21;BEDR;S02;0;0.0;0.0;
T00691;2;B3011;mattress;premium;1;915.09;768.99;503.3;2016-08-21;BEDR;S06;0;0.0;0.0;
T00691;3;E6002;tv;smart65;1;1201.83;1009.94;661.01;2016-08-21;ELEC;S08;0;0.0;0.0;
T00691;4;E6020;speakers;stereo;1;175.42;147.42;96.48;2016-08-21;ELEC;S08;0;0.0;0.0;
T00692;1;D2030;table_extension;oak;1;121.33;101.96;66.73;2016-04-15;DINI;S04;0;0.0;0.0;
T00693;1;L1050;rug;berber;1;182.54;153.4;100.4;2016-06-15;LIVI;S05;0;0.0;0.0;
T00694;1;D2003;dining_table;kompakt;1;608.19;511.08;334.5;2016-12-08;DINI;S02;0;0.0;0.0;
T00694;2;D2012;dining_chair;leather;1;206.44;173.48;113.54;2016-12-08;DINI;S01;0;0.0;0.0;
T00695;1;L1051;rug;shaggy;1;294.0;247.06;161.7;2017-04-07;LIVI;S05;0;0.0;0.0;
T00696;1;O4010;office_chair;ergo;1;362.58;304.69;199.42;2016-06-11;OFFI;S07;1;26.09;0.0719;M
T00697;1;C7001;mirror;round;1;119.16;100.14;65.54;2015-09-12;DECO;S05;0;0.0;0.0;
T00697;2;S8001;dresser;harmony;1;369.62;310.6;203.29;2015-09-12;STOR;S01;0;0.0;0.0;
T00697;3;L1001;sofa;harmony;1;1142.73;960.27;628.5;2015-09-12;LIVI;S01;0;0.0;0.0;
T00697;4;L1020;coffee_table;oak;1;357.18;300.15;196.45;2015-09-12;LIVI;S04;0;0.0;0.0;
T00698;1;S8001;dresser;harmony;1;367.45;308.78;202.1;2016-08-27;STOR;S01;0;0.0;0.0;
T00698;2;L1021;coffee_table;glass;1;273.12;229.52;150.22;2016-08-27;LIVI;S04;0;0.0;0.0;
T00699;1;L1040;ottoman;luna;1;218.51;183.62;120.18;2016-02-28;LIVI;S03;0;0.0;0.0;
T00700;1;E6002;tv;smart65;1;1233.2;1036.3;678.26;2016-05-17;ELEC;S08;2;152.76;0.1239;A
T00701;1;D2010;dining_chair;oak;6;142.81;120.01;78.55;2016-04-04;DINI;S04;2;19.75;0.1383;A
T00702;1;S8001;dresser;harmony;1;389.5;327.31;214.23;2016-02-21;STOR;S01;0;0.0;0.0;
T00703;1;S8010;cabinet;oak;1;524.91;441.1;288.7;2016-07-13;STOR;S04;0;0.0;0.0;
T00704;1;L1030;side_table;oak;1;123.54;103.81;67.95;2016-07-29;LIVI;S04;0;0.0;0.0;
T00704;2;B3020;headboard;harmony;1;282.45;237.35;155.35;2016-07-29;BEDR;S01;0;0.0;0.0;
T00705;1;L1021;coffee_table;glass;1;272.65;229.12;149.96;2015-07-20;LIVI;S04;0;0.0;0.0;
T00705;2;L1011;armchair;luna;1;453.25;380.88;249.29;2015-07-20;LIVI;S03;0;0.0;0.0;
T00705;3;B3040;wardrobe;harmony;1;1129.46;949.13;621.2;2015-07-20;BEDR;S01;1;89.56;0.0793;B
T00706;1;L1001;sofa;harmony;1;1237.3;1039.74;680.51;2016-06-05;LIVI;S01;0;0.0;0.0;
T00707;1;L1003;sofa;kompakt;1;780.43;655.82;429.23;2016-10-13;LIVI;S02;0;0.0;0.0;
T00708;1;D2002;dining_table;walnut;1;1253.24;1053.14;689.28;2017-04-02;DINI;S04;0;0.0;0.0;
T00708;2;D2011;dining_chair;fabric;1;116.19;97.64;63.91;2017-04-02;DINI;S03;0;0.0;0.0;
T00709;1;B3001;bed;harmony;1;1091.33;917.09;600.23;2016-07-28;BEDR;S01;0;0.0;0.0;
T00709;2;B3010;mattress;comfort;1;601.76;505.68;330.97;2016-07-28;BEDR;S06;0;0.0;0.0;
T00710;1;G5030;led_strip;smart;1;37.11;31.18;20.41;2016-10-30;LIGH;S08;0;0.0;0.0;
T00711;1;D2012;dining_chair;leather;4;204.95;172.23;112.72;2017-06-19;DINI;S01;0;0.0;0.0;
T00711;2;D2002;dining_table;walnut;1;1240.13;1042.13;682.07;2017-06-19;DINI;S04;0;0.0;0.0;
T00712;1;U1020;parasol;basic;1;120.99;101.67;66.54;2016-06-28;OUTD;S09;0;0.0;0.0;
T00712;2;D2001;dining_table;oak;1;857.89;720.92;471.84;2016-06-28;DINI;S04;0;0.0;0.0;
T00712;3;D2010;dining_chair;oak;6;148.75;125.0;81.81;2016-06-28;DINI;S04;0;0.0;0.0;
T00712;4;D2031;table_extension;walnut;1;151.8;127.56;83.49;2016-06-28;DINI;S04;2;28.26;0.1862;K
T00712;5;O4002;desk;compact;1;245.92;206.65;135.26;2016-06-28;OFFI;S02;0;0.0;0.0;
T00713;1;C7030;curtain;linen;1;78.65;66.09;43.26;2016-08-22;DECO;S05;0;0.0;0.0;
T00714;1;L1040;ottoman;luna;1;218.97;184.01;120.43;2016-09-08;LIVI;S03;0;0.0;0.0;
T00715;1;S8020;shoe_rack;compact;1;111.83;93.98;61.51;2016-08-20;STOR;S02;0;0.0;0.0;
T00716;1;G5011;table_lamp;modern;1;47.32;39.76;26.02;2017-05-03;LIGH;S05;0;0.0;0.0;
T00717;1;E6010;soundbar;compact;1;239.86;201.56;131.92;2015-07-08;ELEC;S08;1;32.11;0.1339;A
T00717;2;K9020;bar_stool;oak;1;134.16;112.74;73.79;2015-07-08;KITC;S04;0;0.0;0.0;
T00717;3;S8020;shoe_rack;compact;1;113.62;95.48;62.49;2015-07-08;STOR;S02;0;0.0;0.0;
T00718;1;B3001;bed;harmony;1;1044.67;877.87;574.57;2017-03-28;BEDR;S01;0;0.0;0.0;
T00718;2;B3010;mattress;comfort;1;628.75;528.36;345.81;2017-03-28;BEDR;S06;0;0.0;0.0;
T00718;3;B3031;nightstand;kompakt;1;117.72;98.93;64.75;2017-03-28;BEDR;S02;0;0.0;0.0;
T00718;4;D2010;dining_chair;oak;2;149.03;125.24;81.97;2017-03-28;DINI;S04;0;0.0;0.0;
T00718;5;D2001;dining_table;oak;1;903.05;758.86;496.68;2017-03-28;DINI;S04;0;0.0;0.0;
T00719;1;L1001;sofa;harmony;1;1187.39;997.8;653.06;2017-01-14;LIVI;S01;0;0.0;0.0;
T00719;2;L1020;coffee_table;oak;1;345.56;290.39;190.06;2017-01-14;LIVI;S04;0;0.0;0.0;
T00719;3;G5011;table_lamp;modern;2;48.93;41.12;26.91;2017-01-14;LIGH;S05;0;0.0;0.0;
T00720;1;D2011;dining_chair;fabric;6;113.65;95.5;62.51;2015-12-12;DINI;S03;0;0.0;0.0;
T00721;1;C7010;vase;ceramic;2;38.45;32.31;21.14;2015-07-21;DECO;S05;0;0.0;0.0;
T00722;1;S8001;dresser;harmony;1;361.3;303.62;198.72;2015-11-11;STOR;S01;0;0.0;0.0;
T00723;1;L1011;armchair;luna;1;437.39;367.56;240.57;2016-10-26;LIVI;S03;0;0.0;0.0;
T00723;2;B3031;nightstand;kompakt;2;113.84;95.66;62.61;2016-10-26;BEDR;S02;0;0.0;0.0;
T00724;1;O4020;bookshelf;oak;1;260.76;219.13;143.42;2015-08-30;OFFI;S04;0;0.0;0.0;
T00725;1;O4001;desk;oak;1;412.75;346.85;227.02;2016-05-09;OFFI;S04;0;0.0;0.0;
T00725;2;O4010;office_chair;ergo;1;346.54;291.21;190.6;2016-05-09;OFFI;S07;2;68.26;0.197;A
T00726;1;B3001;bed;harmony;1;1127.87;947.79;620.33;2015-07-02;BEDR;S01;0;0.0;0.0;
T00726;2;B3010;mattress;comfort;1;576.95;484.83;317.32;2015-07-02;BEDR;S06;1;28.87;0.05;A
T00726;3;B3030;nightstand;harmony;1;176.57;148.38;97.11;2015-07-02;BEDR;S01;0;0.0;0.0;
T00727;1;L1003;sofa;kompakt;1;782.02;657.16;430.11;2015-11-07;LIVI;S02;0;0.0;0.0;
T00727;2;L1050;rug;berber;1;193.25;162.4;106.29;2015-11-07;LIVI;S05;0;0.0;0.0;
T00728;1;D2020;sideboard;oak;1;678.65;570.3;373.26;2016-03-06;DINI;S04;0;0.0;0.0;
T00729;1;B3011;mattress;premium;1;868.14;729.53;477.48;2017-03-26;BEDR;S06;0;0.0;0.0;
T00730;1;G5001;floor_lamp;luna;1;120.79;101.5;66.43;2015-11-11;LIGH;S03;0;0.0;0.0;
T00731;1;K9020;bar_stool;oak;1;142.07;119.39;78.14;2016-12-16;KITC;S04;0;0.0;0.0;
T00731;2;C7030;curtain;linen;1;77.29;64.95;42.51;2016-12-16;DECO;S05;0;0.0;0.0;
T00732;1;L1011;armchair;luna;1;428.49;360.07;235.67;2016-02-24;LIVI;S03;0;0.0;0.0;
T00733;1;G5030;led_strip;smart;1;38.38;32.25;21.11;2016-02-07;LIGH;S08;0;0.0;0.0;
T00734;1;K9011;kitchen_chair;fabric;2;97.47;81.91;53.61;2017-05-11;KITC;S03;0;0.0;0.0;
T00734;2;G5010;table_lamp;luna;2;78.41;65.89;43.12;2017-05-11;LIGH;S03;0;0.0;0.0;
T00735;1;B3010;mattress;comfort;1;617.65;519.04;339.71;2017-01-24;BEDR;S06;0;0.0;0.0;
T00735;2;E6010;soundbar;compact;1;241.49;202.93;132.82;2017-01-24;ELEC;S08;0;0.0;0.0;
T00735;3;B3001;bed;harmony;1;1123.12;943.8;617.72;2017-01-24;BEDR;S01;0;0.0;0.0;
T00735;4;B3030;nightstand;harmony;2;180.99;152.09;99.54;2017-01-24;BEDR;S01;0;0.0;0.0;
T00735;5;B3020;headboard;harmony;1;268.85;225.92;147.87;2017-01-24;BEDR;S01;0;0.0;0.0;
T00736;1;B3030;nightstand;harmony;2;184.16;154.76;101.29;2016-05-08;BEDR;S01;0;0.0;0.0;
T00737;1;U1020;parasol;basic;1;118.98;99.98;65.44;2017-06-15;OUTD;S09;0;0.0;0.0;
T00738;1;L1050;rug;berber;1;192.35;161.64;105.79;2016-06-01;LIVI;S05;0;0.0;0.0;
T00739;1;L1002;sofa;milano;1;1753.61;1473.62;964.48;2015-08-27;LIVI;S01;0;0.0;0.0;
T00739;2;L1011;armchair;luna;1;450.5;378.57;247.77;2015-08-27;LIVI;S03;0;0.0;0.0;
T00740;1;L1051;rug;shaggy;1;297.35;249.87;163.54;2016-01-28;LIVI;S05;0;0.0;0.0;
T00741;1;L1030;side_table;oak;1;114.4;96.13;62.92;2016-01-18;LIVI;S04;0;0.0;0.0;
T00742;1;D2012;dining_chair;leather;4;207.12;174.05;113.91;2016-08-17;DINI;S01;0;0.0;0.0;
T00743;1;D2001;dining_table;oak;1;911.59;766.04;501.38;2017-06-03;DINI;S04;0;0.0;0.0;
T00743;2;D2010;dining_chair;oak;1;153.35;128.86;84.34;2017-06-03;DINI;S04;0;0.0;0.0;
T00743;3;O4011;office_chair;basic;1;171.68;144.27;94.43;2017-06-03;OFFI;S07;1;25.13;0.1464;M
T00744;1;B3001;bed;harmony;1;1056.22;887.58;580.92;2016-03-15;BEDR;S01;0;0.0;0.0;
T00744;2;B3030;nightstand;harmony;1;185.89;156.21;102.24;2016-03-15;BEDR;S01;0;0.0;0.0;
T00744;3;K9010;kitchen_chair;oak;1;121.43;102.04;66.79;2016-03-15;KITC;S04;0;0.0;0.0;
T00744;4;G5011;table_lamp;modern;2;46.92;39.42;25.8;2016-03-15;LIGH;S05;0;0.0;0.0;
T00745;1;L1002;sofa;milano;1;1715.42;1441.53;943.48;2016-09-23;LIVI;S01;0;0.0;0.0;
T00745;2;L1020;coffee_table;oak;1;338.88;284.78;186.39;2016-09-23;LIVI;S04;0;0.0;0.0;
T00746;1;L1003;sofa;kompakt;1;826.06;694.17;454.33;2015-11-17;LIVI;S02;0;0.0;0.0;
T00747;1;B3040;wardrobe;harmony;1;1123.14;943.82;617.73;2016-12-30;BEDR;S01;1;158.12;0.1408;M
T00747;2;D2020;sideboard;oak;1;625.1;525.29;343.8;2016-12-30;DINI;S04;0;0.0;0.0;
T00747;3;K9010;kitchen_chair;oak;4;120.72;101.44;66.39;2016-12-30;KITC;S04;0;0.0;0.0;
T00748;1;U1010;garden_table;rattan;1;305.65;256.85;168.11;2017-06-24;OUTD;S09;0;0.0;0.0;
T00748;2;U1001;garden_chair;rattan;4;123.15;103.49;67.73;2017-06-24;OUTD;S09;0;0.0;0.0;
T00749;1;L1030;side_table;oak;1;114.87;96.53;63.18;2015-07-26;LIVI;S04;0;0.0;0.0;
T00749;2;K9010;kitchen_chair;oak;4;119.37;100.31;65.66;2015-07-26;KITC;S04;0;0.0;0.0;
T00750;1;B3031;nightstand;kompakt;1;117.55;98.79;64.65;2016-11-30;BEDR;S02;1;7.17;0.061;B
T00751;1;L1050;rug;berber;1;187.17;157.28;102.94;2016-09-09;LIVI;S05;0;0.0;0.0;
T00751;2;O4011;office_chair;basic;1;177.87;149.47;97.83;2016-09-09;OFFI;S07;2;22.48;0.1264;A
T00752;1;E6020;speakers;stereo;1;177.7;149.33;97.74;2016-06-08;ELEC;S08;0;0.0;0.0;
T00753;1;E6002;tv;smart65;1;1173.11;985.81;645.21;2016-06-01;ELEC;S08;0;0.0;0.0;
T00753;2;B3011;mattress;premium;1;939.88;789.81;516.93;2016-06-01;BEDR;S06;0;0.0;0.0;
T00754;1;B3030;nightstand;harmony;2;183.71;154.38;101.04;2015-10-19;BEDR;S01;0;0.0;0.0;
T00754;2;E6030;dvd_player;basic;1;67.44;56.67;37.09;2015-10-19;ELEC;S08;0;0.0;0.0;
T00755;1;K9011;kitchen_chair;fabric;2;97.5;81.93;53.62;2016-03-12;KITC;S03;0;0.0;0.0;
T00756;1;B3040;wardrobe;harmony;1;1139.58;957.63;626.77;2016-02-25;BEDR;S01;0;0.0;0.0;
T00757;1;D2001;dining_table;oak;1;872.43;733.14;479.84;2016-09-30;DINI;S04;0;0.0;0.0;
T00757;2;D2011;dining_chair;fabric;6;116.52;97.91;64.08;2016-09-30;DINI;S03;0;0.0;0.0;
T00757;3;D2020;sideboard;oak;1;662.35;556.6;364.29;2016-09-30;DINI;S04;1;76.74;0.1159;B
T00758;1;L1050;rug;berber;1;181.98;152.92;100.09;2016-05-11;LIVI;S05;2;14.6;0.0802;K
T00758;2;D2010;dining_chair;oak;1;150.88;126.79;82.98;2016-05-11;DINI;S04;0;0.0;0.0;
T00759;1;O4020;bookshelf;oak;1;240.42;202.04;132.23;2015-11-22;OFFI;S04;0;0.0;0.0;
T00759;2;C7002;mirror;framed;1;174.3;146.47;95.87;2015-11-22;DECO;S05;0;0.0;0.0;
T00760;1;D2001;dining_table;oak;1;912.4;766.73;501.82;2015-10-06;DINI;S04;0;0.0;0.0;
T00760;2;D2011;dining_chair;fabric;1;122.08;102.59;67.14;2015-10-06;DINI;S03;0;0.0;0.0;
T00760;3;D2031;table_extension;walnut;1;155.66;130.8;85.61;2015-10-06;DINI;S04;0;0.0;0.0;
T00761;1;B3020;headboard;harmony;1;289.55;243.32;159.25;2017-05-11;BEDR;S01;0;0.0;0.0;
T00762;1;D2020;sideboard;oak;1;660.0;554.62;363.0;2015-10-24;DINI;S04;0;0.0;0.0;
T00763;1;L1001;sofa;harmony;1;1152.13;968.18;633.67;2016-01-06;LIVI;S01;1;126.64;0.1099;A
T00763;2;L1020;coffee_table;oak;1;345.11;290.01;189.81;2016-01-06;LIVI;S04;0;0.0;0.0;
T00763;3;L1050;rug;berber;1;185.49;155.87;102.02;2016-01-06;LIVI;S05;1;19.94;0.1075;M
T00764;1;K9010;kitchen_chair;oak;2;114.87;96.53;63.18;2016-06-26;KITC;S04;0;0.0;0.0;
T00764;2;C7030;curtain;linen;1;78.75;66.18;43.31;2016-06-26;DECO;S05;0;0.0;0.0;
T00765;1;D2011;dining_chair;fabric;4;116.31;97.74;63.97;2016-03-23;DINI;S03;0;0.0;0.0;
T00766;1;C7001;mirror;round;1;121.66;102.24;66.91;2017-01-07;DECO;S05;0;0.0;0.0;
T00767;1;D2002;dining_table;walnut;1;1329.65;1117.36;731.31;2015-09-05;DINI;S04;2;239.25;0.1799;K
T00767;2;D2011;dining_chair;fabric;4;120.28;101.07;66.15;2015-09-05;DINI;S03;2;16.27;0.1353;K
T00767;3;D2030;table_extension;oak;1;113.59;95.45;62.47;2015-09-05;DINI;S04;0;0.0;0.0;
T00768;1;B3010;mattress;comfort;1;589.88;495.69;324.43;2015-09-23;BEDR;S06;0;0.0;0.0;
T00769;1;S8001;dresser;harmony;1;393.72;330.86;216.55;2015-09-10;STOR;S01;0;0.0;0.0;
T00769;2;K9020;bar_stool;oak;1;141.21;118.66;77.67;2015-09-10;KITC;S04;0;0.0;0.0;
T00770;1;U1020;parasol;basic;1;120.96;101.65;66.53;2016-06-05;OUTD;S09;0;0.0;0.0;
T00771;1;S8020;shoe_rack;compact;1;108.37;91.07;59.6;2016-08-28;STOR;S02;0;0.0;0.0;
T00772;1;B3001;bed;harmony;1;1130.47;949.98;621.76;2015-10-26;BEDR;S01;0;0.0;0.0;
T00772;2;B3011;mattress;premium;1;870.18;731.24;478.6;2015-10-26;BEDR;S06;0;0.0;0.0;
T00772;3;B3031;nightstand;kompakt;1;118.64;99.69;65.25;2015-10-26;BEDR;S02;0;0.0;0.0;
T00772;4;L1002;sofa;milano;1;1826.21;1534.63;1004.41;2015-10-26;LIVI;S01;0;0.0;0.0;
T00772;5;L1011;armchair;luna;1;440.2;369.91;242.11;2015-10-26;LIVI;S03;2;51.64;0.1173;A
T00773;1;D2001;dining_table;oak;1;878.69;738.39;483.28;2015-08-02;DINI;S04;2;136.81;0.1557;K
T00773;2;D2012;dining_chair;leather;4;192.47;161.74;105.86;2015-08-02;DINI;S01;0;0.0;0.0;
T00773;3;D2030;table_extension;oak;1;120.04;100.87;66.02;2015-08-02;DINI;S04;0;0.0;0.0;
T00774;1;E6010;soundbar;compact;1;257.61;216.48;141.69;2015-08-07;ELEC;S08;0;0.0;0.0;
T00774;2;D2003;dining_table;kompakt;1;602.56;506.36;331.41;2015-08-07;DINI;S02;0;0.0;0.0;
T00775;1;K9010;kitchen_chair;oak;4;113.98;95.79;62.69;2017-05-22;KITC;S04;0;0.0;0.0;
T00776;1;B3001;bed;harmony;1;1057.03;888.26;581.37;2016-01-21;BEDR;S01;1;99.17;0.0938;M
T00776;2;B3031;nightstand;kompakt;2;119.02;100.02;65.46;2016-01-21;BEDR;S02;0;0.0;0.0;
T00776;3;B3020;headboard;harmony;1;290.11;243.79;159.56;2016-01-21;BEDR;S01;0;0.0;0.0;
T00777;1;O4002;desk;compact;1;247.59;208.06;136.18;2016-11-16;OFFI;S02;0;0.0;0.0;
T00777;2;O4011;office_chair;basic;1;187.39;157.47;103.07;2016-11-16;OFFI;S07;2;32.44;0.1731;K
T00778;1;C7001;mirror;round;1;118.75;99.79;65.31;2016-09-12;DECO;S05;0;0.0;0.0;
T00779;1;U1002;garden_chair;metal;2;90.72;76.23;49.89;2016-08-16;OUTD;S09;0;0.0;0.0;
T00779;2;B3040;wardrobe;harmony;1;1132.34;951.54;622.79;2016-08-16;BEDR;S01;2;115.91;0.1024;A
T00780;1;D2010;dining_chair;oak;2;141.81;119.17;78.0;2017-01-21;DINI;S04;0;0.0;0.0;
T00781;1;D2010;dining_chair;oak;4;143.12;120.27;78.72;2015-12-26;DINI;S04;1;10.32;0.0721;B
T00782;1;L1001;sofa;harmony;1;1257.19;1056.46;691.45;2015-09-18;LIVI;S01;0;0.0;0.0;
T00783;1;S8001;dresser;harmony;1;370.17;311.07;203.59;2016-02-06;STOR;S01;0;0.0;0.0;
T00784;1;D2010;dining_chair;oak;4;141.74;119.11;77.96;2016-04-27;DINI;S04;1;16.18;0.1142;B
T00785;1;L1051;rug;shaggy;1;285.86;240.22;157.22;2016-08-30;LIVI;S05;1;30.86;0.1079;A
T00785;2;G5031;led_strip;basic;1;18.55;15.59;10.2;2016-08-30;LIGH;S08;0;0.0;0.0;
T00786;1;E6002;tv;smart65;1;1237.16;1039.63;680.44;2017-01-30;ELEC;S08;0;0.0;0.0;
T00787;1;G5011;table_lamp;modern;1;46.68;39.22;25.67;2016-12-29;LIGH;S05;1;3.79;0.0811;B
T00788;1;U1020;parasol;basic;1;124.46;104.59;68.45;2016-12-24;OUTD;S09;0;0.0;0.0;
T00788;2;O4001;desk;oak;1;395.98;332.75;217.79;2016-12-24;OFFI;S04;0;0.0;0.0;
T00788;3;O4010;office_chair;ergo;1;362.39;304.53;199.31;2016-12-24;OFFI;S07;0;0.0;0.0;
T00789;1;S8020;shoe_rack;compact;1;111.35;93.57;61.24;2016-10-25;STOR;S02;0;0.0;0.0;
T00790;1;L1050;rug;berber;1;182.14;153.06;100.18;2017-05-27;LIVI;S05;0;0.0;0.0;
T00790;2;B3001;bed;harmony;1;1142.05;959.7;628.13;2017-05-27;BEDR;S01;0;0.0;0.0;
T00790;3;B3010;mattress;comfort;1;596.44;501.21;328.04;2017-05-27;BEDR;S06;0;0.0;0.0;
T00791;1;K9002;kitchen_table;kompakt;1;294.6;247.56;162.03;2016-06-13;KITC;S02;1;40.83;0.1386;B
T00791;2;K9011;kitchen_chair;fabric;2;98.52;82.79;54.18;2016-06-13;KITC;S03;0;0.0;0.0;
T00792;1;K9010;kitchen_chair;oak;2;117.13;98.43;64.42;2016-08-11;KITC;S04;0;0.0;0.0;
T00792;2;B3020;headboard;harmony;1;285.19;239.65;156.85;2016-08-11;BEDR;S01;0;0.0;0.0;
T00793;1;G5011;table_lamp;modern;1;47.37;39.8;26.05;2017-04-29;LIGH;S05;0;0.0;0.0;
T00793;2;L1021;coffee_table;glass;1;281.96;236.94;155.08;2017-04-29;LIVI;S04;0;0.0;0.0;
T00793;3;B3020;headboard;harmony;1;269.37;226.36;148.15;2017-04-29;BEDR;S01;1;21.86;0.0811;A
T00794;1;O4030;filing_cabinet;metal;1;278.16;233.75;152.99;2015-08-28;OFFI;S07;0;0.0;0.0;
T00794;2;E6010;soundbar;compact;1;247.74;208.19;136.26;2015-08-28;ELEC;S08;0;0.0;0.0;
T00795;1;B3001;bed;harmony;1;1074.29;902.76;590.86;2016-10-03;BEDR;S01;0;0.0;0.0;
T00795;2;B3010;mattress;comfort;1;603.67;507.28;332.02;2016-10-03;BEDR;S06;0;0.0;0.0;
T00796;1;S8020;shoe_rack;compact;1;114.2;95.97;62.81;2016-08-02;STOR;S02;0;0.0;0.0;
T00796;2;L1011;armchair;luna;1;453.35;380.96;249.34;2016-08-02;LIVI;S03;0;0.0;0.0;
T00797;1;D2020;sideboard;oak;1;640.05;537.86;352.03;2016-07-31;DINI;S04;0;0.0;0.0;
T00798;1;L1011;armchair;luna;1;453.98;381.49;249.69;2017-01-08;LIVI;S03;0;0.0;0.0;
T00799;1;B3011;mattress;premium;1;861.38;723.84;473.76;2015-07-07;BEDR;S06;0;0.0;0.0;
T00799;2;L1001;sofa;harmony;1;1245.18;1046.37;684.85;2015-07-07;LIVI;S01;0;0.0;0.0;
T00799;3;L1021;coffee_table;glass;1;271.84;228.44;149.51;2015-07-07;LIVI;S04;0;0.0;0.0;
T00800;1;K9002;kitchen_table;kompakt;1;308.93;259.6;169.91;2016-01-11;KITC;S02;0;0.0;0.0;
T00800;2;K9010;kitchen_chair;oak;4;117.71;98.92;64.74;2016-01-11;KITC;S04;0;0.0;0.0;
T00801;1;O4020;bookshelf;oak;1;260.88;219.23;143.48;2016-09-05;OFFI;S04;0;0.0;0.0;
T00802;1;B3002;bed;milano;1;1617.7;1359.42;889.74;2016-07-21;BEDR;S01;0;0.0;0.0;
T00802;2;B3010;mattress;comfort;1;608.31;511.18;334.57;2016-07-21;BEDR;S06;0;0.0;0.0;
T00803;1;B3011;mattress;premium;1;930.13;781.62;511.57;2016-04-07;BEDR;S06;0;0.0;0.0;
T00803;2;E6030;dvd_player;basic;1;67.81;56.98;37.29;2016-04-07;ELEC;S08;0;0.0;0.0;
T00804;1;G5011;table_lamp;modern;2;47.48;39.9;26.11;2016-10-26;LIGH;S05;0;0.0;0.0;
T00805;1;L1040;ottoman;luna;1;222.59;187.05;122.43;2016-08-29;LIVI;S03;0;0.0;0.0;
T00806;1;K9010;kitchen_chair;oak;4;115.05;96.68;63.28;2017-03-09;KITC;S04;0;0.0;0.0;
T00806;2;O4002;desk;compact;1;244.97;205.86;134.73;2017-03-09;OFFI;S02;0;0.0;0.0;
T00807;1;B3031;nightstand;kompakt;2;115.31;96.9;63.42;2016-04-03;BEDR;S02;0;0.0;0.0;
T00808;1;G5010;table_lamp;luna;1;80.93;68.01;44.51;2015-07-19;LIGH;S03;0;0.0;0.0;
T00808;2;B3030;nightstand;harmony;2;174.66;146.77;96.06;2015-07-19;BEDR;S01;2;19.23;0.1101;K
T00808;3;L1002;sofa;milano;1;1738.25;1460.72;956.04;2015-07-19;LIVI;S01;0;0.0;0.0;
T00808;4;L1051;rug;shaggy;1;303.07;254.68;166.69;2015-07-19;LIVI;S05;2;55.88;0.1844;K
T00809;1;U1020;parasol;basic;1;120.2;101.01;66.11;2016-11-25;OUTD;S09;0;0.0;0.0;
T00809;2;D2030;table_extension;oak;1;115.69;97.22;63.63;2016-11-25;DINI;S04;0;0.0;0.0;
T00810;1;U1001;garden_chair;rattan;1;116.91;98.25;64.3;2016-08-28;OUTD;S09;0;0.0;0.0;
T00810;2;B3001;bed;harmony;1;1083.01;910.09;595.66;2016-08-28;BEDR;S01;0;0.0;0.0;
T00810;3;B3020;headboard;harmony;1;266.26;223.75;146.44;2016-08-28;BEDR;S01;0;0.0;0.0;
T00810;4;D2002;dining_table;walnut;1;1307.25;1098.53;718.99;2016-08-28;DINI;S04;0;0.0;0.0;
T00810;5;D2010;dining_chair;oak;4;148.07;124.43;81.44;2016-08-28;DINI;S04;0;0.0;0.0;
T00810;6;D2030;table_extension;oak;1;115.74;97.26;63.66;2016-08-28;DINI;S04;0;0.0;0.0;
T00811;1;L1001;sofa;harmony;1;1190.08;1000.07;654.54;2015-11-25;LIVI;S01;0;0.0;0.0;
T00811;2;L1050;rug;berber;1;191.05;160.55;105.08;2015-11-25;LIVI;S05;0;0.0;0.0;
T00811;3;B3002;bed;milano;1;1618.56;1360.14;890.21;2015-11-25;BEDR;S01;0;0.0;0.0;
T00812;1;D2001;dining_table;oak;1;926.73;778.76;509.7;2017-06-13;DINI;S04;2;97.82;0.1055;A
T00812;2;D2010;dining_chair;oak;4;150.53;126.5;82.79;2017-06-13;DINI;S04;0;0.0;0.0;
T00812;3;D2020;sideboard;oak;1;664.57;558.46;365.51;2017-06-13;DINI;S04;0;0.0;0.0;
T00812;4;B3001;bed;harmony;1;1141.39;959.15;627.77;2017-06-13;BEDR;S01;0;0.0;0.0;
T00812;5;B3011;mattress;premium;1;912.8;767.06;502.04;2017-06-13;BEDR;S06;0;0.0;0.0;
T00812;6;B3030;nightstand;harmony;2;183.5;154.2;100.92;2017-06-13;BEDR;S01;0;0.0;0.0;
T00813;1;B3040;wardrobe;harmony;1;1062.63;892.96;584.44;2016-09-01;BEDR;S01;0;0.0;0.0;
T00814;1;K9010;kitchen_chair;oak;6;115.92;97.41;63.76;2016-05-03;KITC;S04;0;0.0;0.0;
T00815;1;E6002;tv;smart65;1;1171.52;984.47;644.34;2017-05-31;ELEC;S08;0;0.0;0.0;
T00815;2;O4011;office_chair;basic;1;178.89;150.33;98.39;2017-05-31;OFFI;S07;0;0.0;0.0;
T00815;3;L1010;armchair;harmony;1;604.79;508.22;332.63;2017-05-31;LIVI;S01;0;0.0;0.0;
T00816;1;C7010;vase;ceramic;2;40.52;34.05;22.29;2016-08-23;DECO;S05;0;0.0;0.0;
T00816;2;E6010;soundbar;compact;1;260.63;219.02;143.35;2016-08-23;ELEC;S08;0;0.0;0.0;
T00817;1;E6011;soundbar;premium;1;390.55;328.19;214.8;2017-04-07;ELEC;S08;0;0.0;0.0;
T00818;1;B3001;bed;harmony;1;1054.59;886.21;580.02;2016-10-04;BEDR;S01;0;0.0;0.0;
T00818;2;B3030;nightstand;harmony;2;173.15;145.5;95.23;2016-10-04;BEDR;S01;0;0.0;0.0;
T00819;1;C7010;vase;ceramic;1;40.76;34.25;22.42;2017-02-12;DECO;S05;0;0.0;0.0;
T00820;1;L1001;sofa;harmony;1;1230.95;1034.41;677.02;2016-08-18;LIVI;S01;0;0.0;0.0;
T00820;2;L1011;armchair;luna;1;454.8;382.19;250.14;2016-08-18;LIVI;S03;0;0.0;0.0;
T00820;3;U1002;garden_chair;metal;1;84.6;71.09;46.53;2016-08-18;OUTD;S09;0;0.0;0.0;
T00820;4;D2010;dining_chair;oak;1;145.39;122.18;79.96;2016-08-18;DINI;S04;1;14.81;0.1019;M
T00821;1;S8020;shoe_rack;compact;1;113.38;95.27;62.36;2017-02-02;STOR;S02;0;0.0;0.0;
T00821;2;B3002;bed;milano;1;1603.57;1347.54;881.96;2017-02-02;BEDR;S01;1;153.05;0.0954;M
T00822;1;L1003;sofa;kompakt;1;836.36;702.82;460.0;2017-02-13;LIVI;S02;0;0.0;0.0;
T00822;2;L1020;coffee_table;oak;1;332.5;279.41;182.88;2017-02-13;LIVI;S04;0;0.0;0.0;
T00822;3;L1011;armchair;luna;1;451.4;379.32;248.27;2017-02-13;LIVI;S03;2;88.91;0.197;K
T00822;4;L1051;rug;shaggy;1;298.48;250.83;164.17;2017-02-13;LIVI;S05;0;0.0;0.0;
T00823;1;B3040;wardrobe;harmony;1;1071.64;900.54;589.4;2016-03-03;BEDR;S01;0;0.0;0.0;
T00824;1;L1001;sofa;harmony;1;1227.6;1031.6;675.18;2017-06-19;LIVI;S01;1;175.13;0.1427;M
T00824;2;L1020;coffee_table;oak;1;354.59;297.97;195.02;2017-06-19;LIVI;S04;0;0.0;0.0;
T00824;3;L1010;armchair;harmony;1;574.16;482.49;315.79;2017-06-19;LIVI;S01;0;0.0;0.0;
T00825;1;K9011;kitchen_chair;fabric;2;99.1;83.28;54.5;2015-09-11;KITC;S03;0;0.0;0.0;
T00826;1;U1010;garden_table;rattan;1;295.5;248.32;162.52;2017-06-03;OUTD;S09;1;18.92;0.064;M
T00826;2;U1001;garden_chair;rattan;2;115.08;96.71;63.29;2017-06-03;OUTD;S09;0;0.0;0.0;
T00827;1;D2010;dining_chair;oak;2;153.62;129.09;84.49;2016-08-30;DINI;S04;0;0.0;0.0;
T00828;1;B3010;mattress;comfort;1;582.05;489.12;320.13;2016-07-16;BEDR;S06;0;0.0;0.0;
T00828;2;G5020;ceiling_light;modern;1;169.5;142.44;93.23;2016-07-16;LIGH;S05;0;0.0;0.0;
T00829;1;B3030;nightstand;harmony;2;172.12;144.64;94.67;2017-05-23;BEDR;S01;2;29.49;0.1714;A
T00830;1;C7030;curtain;linen;1;80.05;67.27;44.03;2017-03-05;DECO;S05;0;0.0;0.0;
T00831;1;D2010;dining_chair;oak;2;148.7;124.96;81.78;2015-11-01;DINI;S04;0;0.0;0.0;
T00832;1;S8020;shoe_rack;compact;1;106.42;89.43;58.53;2016-12-27;STOR;S02;0;0.0;0.0;
T00832;2;G5031;led_strip;basic;1;18.69;15.7;10.28;2016-12-27;LIGH;S08;0;0.0;0.0;
T00833;1;D2030;table_extension;oak;1;119.86;100.72;65.92;2017-01-23;DINI;S04;0;0.0;0.0;
T00834;1;D2010;dining_chair;oak;4;150.02;126.06;82.51;2015-07-08;DINI;S04;0;0.0;0.0;
T00835;1;K9021;bar_stool;metal;1;110.95;93.24;61.02;2016-05-17;KITC;S07;0;0.0;0.0;
T00836;1;C7010;vase;ceramic;1;40.78;34.27;22.43;2015-10-16;DECO;S05;1;3.22;0.0791;M
T00836;2;B3001;bed;harmony;1;1078.9;906.64;593.4;2015-10-16;BEDR;S01;0;0.0;0.0;
T00836;3;B3010;mattress;comfort;1;620.04;521.04;341.02;2015-10-16;BEDR;S06;0;0.0;0.0;
T00837;1;B3020;headboard;harmony;1;276.83;232.63;152.26;2017-06-29;BEDR;S01;0;0.0;0.0;
T00837;2;L1030;side_table;oak;1;121.1;101.77;66.61;2017-06-29;LIVI;S04;0;0.0;0.0;
T00838;1;E6002;tv;smart65;1;1241.2;1043.03;682.66;2016-06-21;ELEC;S08;0;0.0;0.0;
T00838;2;E6010;soundbar;compact;1;245.0;205.88;134.75;2016-06-21;ELEC;S08;0;0.0;0.0;
T00838;3;L1011;armchair;luna;1;459.25;385.92;252.59;2016-06-21;LIVI;S03;0;0.0;0.0;
T00839;1;O4002;desk;compact;1;256.69;215.7;141.18;2015-12-18;OFFI;S02;0;0.0;0.0;
T00840;1;K9021;bar_stool;metal;1;105.35;88.53;57.94;2016-04-01;KITC;S07;0;0.0;0.0;
T00841;1;B3011;mattress;premium;1;925.79;777.98;509.19;2017-03-17;BEDR;S06;1;84.93;0.0917;B
T00842;1;L1051;rug;shaggy;1;284.7;239.25;156.59;2016-12-06;LIVI;S05;0;0.0;0.0;
T00843;1;E6010;soundbar;compact;1;245.47;206.28;135.01;2016-01-07;ELEC;S08;0;0.0;0.0;
T00844;1;L1020;coffee_table;oak;1;340.58;286.21;187.32;2016-08-02;LIVI;S04;0;0.0;0.0;
T00844;2;K9011;kitchen_chair;fabric;4;97.58;82.0;53.67;2016-08-02;KITC;S03;0;0.0;0.0;
T00844;3;D2012;dining_chair;leather;4;194.24;163.22;106.83;2016-08-02;DINI;S01;0;0.0;0.0;
T00845;1;G5011;table_lamp;modern;1;49.26;41.4;27.1;2016-02-07;LIGH;S05;0;0.0;0.0;
T00846;1;C7002;mirror;framed;1;172.46;144.93;94.85;2015-10-28;DECO;S05;0;0.0;0.0;
T00846;2;L1021;coffee_table;glass;1;275.49;231.51;151.52;2015-10-28;LIVI;S04;0;0.0;0.0;
T00846;3;S8020;shoe_rack;compact;1;103.61;87.07;56.99;2015-10-28;STOR;S02;2;14.61;0.141;K
T00847;1;O4002;desk;compact;1;256.15;215.25;140.88;2016-04-20;OFFI;S02;0;0.0;0.0;
T00847;2;O4010;office_chair;ergo;1;352.54;296.25;193.9;2016-04-20;OFFI;S07;0;0.0;0.0;
T00848;1;E6001;tv;smart55;1;776.14;652.22;426.88;2017-03-27;ELEC;S08;0;0.0;0.0;
T00849;1;B3040;wardrobe;harmony;1;1116.51;938.24;614.08;2015-08-19;BEDR;S01;0;0.0;0.0;
T00850;1;D2012;dining_chair;leather;6;195.08;163.93;107.29;2016-12-18;DINI;S01;0;0.0;0.0;
T00851;1;D2001;dining_table;oak;1;897.39;754.11;493.56;2015-07-20;DINI;S04;0;0.0;0.0;
T00851;2;D2011;dining_chair;fabric;4;116.5;97.9;64.07;2015-07-20;DINI;S03;0;0.0;0.0;
T00852;1;B3020;headboard;harmony;1;279.97;235.27;153.98;2016-11-01;BEDR;S01;0;0.0;0.0;
T00852;2;K9002;kitchen_table;kompakt;1;309.57;260.14;170.26;2016-11-01;KITC;S02;0;0.0;0.0;
T00852;3;K9011;kitchen_chair;fabric;4;94.53;79.44;51.99;2016-11-01;KITC;S03;0;0.0;0.0;
T00852;4;G5001;floor_lamp;luna;1;123.86;104.08;68.12;2016-11-01;LIGH;S03;0;0.0;0.0;
T00853;1;L1003;sofa;kompakt;1;803.99;675.62;442.19;2017-02-19;LIVI;S02;0;0.0;0.0;
T00854;1;G5020;ceiling_light;modern;1;173.34;145.66;95.34;2017-06-08;LIGH;S05;0;0.0;0.0;
T00854;2;B3001;bed;harmony;1;1116.23;938.01;613.93;2017-06-08;BEDR;S01;0;0.0;0.0;
T00854;3;B3020;headboard;harmony;1;285.69;240.08;157.13;2017-06-08;BEDR;S01;0;0.0;0.0;
T00854;4;E6010;soundbar;compact;1;238.69;200.58;131.28;2017-06-08;ELEC;S08;0;0.0;0.0;
T00855;1;L1021;coffee_table;glass;1;268.31;225.47;147.57;2016-02-20;LIVI;S04;0;0.0;0.0;
T00855;2;K9010;kitchen_chair;oak;1;117.43;98.68;64.59;2016-02-20;KITC;S04;0;0.0;0.0;
T00855;3;C7010;vase;ceramic;2;37.61;31.61;20.69;2016-02-20;DECO;S05;0;0.0;0.0;
T00856;1;E6001;tv;smart55;1;811.76;682.15;446.47;2016-10-01;ELEC;S08;1;79.32;0.0977;M
T00856;2;E6011;soundbar;premium;1;400.25;336.34;220.14;2016-10-01;ELEC;S08;0;0.0;0.0;
T00857;1;C7001;mirror;round;1;117.75;98.95;64.76;2015-07-23;DECO;S05;0;0.0;0.0;
T00858;1;D2010;dining_chair;oak;4;146.19;122.85;80.4;2015-08-23;DINI;S04;0;0.0;0.0;
T00859;1;U1010;garden_table;rattan;1;311.86;262.07;171.53;2017-03-01;OUTD;S09;0;0.0;0.0;
T00859;2;U1001;garden_chair;rattan;2;124.57;104.68;68.51;2017-03-01;OUTD;S09;0;0.0;0.0;
T00859;3;U1020;parasol;basic;1;116.34;97.77;63.99;2017-03-01;OUTD;S09;0;0.0;0.0;
T00860;1;D2001;dining_table;oak;1;865.93;727.67;476.26;2017-03-27;DINI;S04;1;90.65;0.1047;B
T00860;2;D2031;table_extension;walnut;1;154.63;129.94;85.05;2017-03-27;DINI;S04;0;0.0;0.0;
T00860;3;G5020;ceiling_light;modern;1;165.86;139.38;91.22;2017-03-27;LIGH;S05;0;0.0;0.0;
T00860;4;B3031;nightstand;kompakt;1;118.72;99.77;65.3;2017-03-27;BEDR;S02;0;0.0;0.0;
T00861;1;L1021;coffee_table;glass;1;269.45;226.43;148.2;2016-01-25;LIVI;S04;2;36.73;0.1363;A
T00862;1;B3002;bed;milano;1;1642.19;1379.99;903.2;2016-06-22;BEDR;S01;1;217.32;0.1323;B
T00862;2;B3030;nightstand;harmony;1;173.08;145.45;95.2;2016-06-22;BEDR;S01;0;0.0;0.0;
T00863;1;K9002;kitchen_table;kompakt;1;309.18;259.81;170.05;2015-11-12;KITC;S02;0;0.0;0.0;
T00864;1;O4001;desk;oak;1;393.04;330.28;216.17;2015-08-21;OFFI;S04;0;0.0;0.0;
T00864;2;O4010;office_chair;ergo;1;344.77;289.73;189.63;2015-08-21;OFFI;S07;1;19.4;0.0563;M
T00865;1;C7010;vase;ceramic;1;37.18;31.25;20.45;2016-07-19;DECO;S05;0;0.0;0.0;
T00866;1;D2010;dining_chair;oak;2;152.55;128.19;83.9;2015-09-26;DINI;S04;1;21.33;0.1398;B
T00867;1;D2012;dining_chair;leather;4;189.32;159.09;104.13;2016-04-11;DINI;S01;2;25.81;0.1363;K
T00867;2;C7001;mirror;round;1;115.57;97.11;63.56;2016-04-11;DECO;S05;0;0.0;0.0;
T00867;3;O4001;desk;oak;1;408.47;343.25;224.66;2016-04-11;OFFI;S04;0;0.0;0.0;
T00867;4;O4010;office_chair;ergo;1;352.32;296.06;193.77;2016-04-11;OFFI;S07;0;0.0;0.0;
T00868;1;S8010;cabinet;oak;1;569.73;478.77;313.35;2016-09-03;STOR;S04;0;0.0;0.0;
T00869;1;L1020;coffee_table;oak;1;341.42;286.91;187.78;2015-11-30;LIVI;S04;0;0.0;0.0;
T00870;1;E6011;soundbar;premium;1;418.66;351.81;230.26;2015-09-09;ELEC;S08;0;0.0;0.0;
T00871;1;K9010;kitchen_chair;oak;4;114.65;96.34;63.06;2016-02-12;KITC;S04;0;0.0;0.0;
T00871;2;G5010;table_lamp;luna;1;75.76;63.66;41.67;2016-02-12;LIGH;S03;0;0.0;0.0;
T00872;1;D2001;dining_table;oak;1;858.4;721.34;472.12;2016-09-11;DINI;S04;0;0.0;0.0;
T00872;2;L1040;ottoman;luna;1;222.12;186.65;122.16;2016-09-11;LIVI;S03;0;0.0;0.0;
T00873;1;B3031;nightstand;kompakt;1;118.03;99.18;64.92;2016-09-08;BEDR;S02;0;0.0;0.0;
T00874;1;K9021;bar_stool;metal;1;111.52;93.71;61.34;2016-06-10;KITC;S07;0;0.0;0.0;
T00875;1;G5030;led_strip;smart;1;39.28;33.01;21.61;2017-03-13;LIGH;S08;0;0.0;0.0;
T00876;1;K9001;kitchen_table;oak;1;436.1;366.47;239.86;2015-09-21;KITC;S04;0;0.0;0.0;
T00877;1;G5010;table_lamp;luna;2;77.84;65.41;42.81;2017-05-13;LIGH;S03;0;0.0;0.0;
T00878;1;B3002;bed;milano;1;1665.58;1399.65;916.07;2017-01-22;BEDR;S01;0;0.0;0.0;
T00878;2;B3010;mattress;comfort;1;615.1;516.89;338.31;2017-01-22;BEDR;S06;0;0.0;0.0;
T00878;3;B3030;nightstand;harmony;2;174.78;146.88;96.13;2017-01-22;BEDR;S01;0;0.0;0.0;
T00879;1;L1001;sofa;harmony;1;1246.83;1047.76;685.76;2016-06-07;LIVI;S01;0;0.0;0.0;
T00880;1;D2020;sideboard;oak;1;659.5;554.2;362.72;2015-10-26;DINI;S04;0;0.0;0.0;
T00881;1;E6002;tv;smart65;1;1240.76;1042.65;682.42;2015-08-24;ELEC;S08;0;0.0;0.0;
T00881;2;E6010;soundbar;compact;1;251.08;210.99;138.1;2015-08-24;ELEC;S08;0;0.0;0.0;
T00881;3;K9011;kitchen_chair;fabric;4;94.64;79.53;52.05;2015-08-24;KITC;S03;0;0.0;0.0;
T00882;1;E6002;tv;smart65;1;1166.65;980.38;641.66;2016-07-01;ELEC;S08;0;0.0;0.0;
T00882;2;B3001;bed;harmony;1;1128.81;948.58;620.85;2016-07-01;BEDR;S01;0;0.0;0.0;
T00882;3;B3010;mattress;comfort;1;579.37;486.87;318.66;2016-07-01;BEDR;S06;0;0.0;0.0;
T00882;4;B3030;nightstand;harmony;1;177.05;148.78;97.38;2016-07-01;BEDR;S01;0;0.0;0.0;
T00882;5;B3020;headboard;harmony;1;274.36;230.55;150.9;2016-07-01;BEDR;S01;2;34.6;0.1261;A
T00883;1;L1021;coffee_table;glass;1;291.46;244.92;160.3;2017-02-21;LIVI;S04;0;0.0;0.0;
T00884;1;K9021;bar_stool;metal;1;106.88;89.81;58.78;2015-12-02;KITC;S07;0;0.0;0.0;
T00885;1;L1003;sofa;kompakt;1;776.72;652.71;427.2;2016-10-16;LIVI;S02;0;0.0;0.0;
T00885;2;L1020;coffee_table;oak;1;363.64;305.58;200.0;2016-10-16;LIVI;S04;0;0.0;0.0;
T00886;1;S8020;shoe_rack;compact;1;106.75;89.7;58.71;2016-08-03;STOR;S02;0;0.0;0.0;
T00886;2;K9011;kitchen_chair;fabric;2;96.98;81.49;53.34;2016-08-03;KITC;S03;1;5.2;0.0537;A
T00887;1;K9011;kitchen_chair;fabric;1;97.61;82.02;53.68;2016-10-26;KITC;S03;0;0.0;0.0;
T00887;2;G5020;ceiling_light;modern;1;177.13;148.85;97.42;2016-10-26;LIGH;S05;1;9.35;0.0528;B
T00887;3;U1001;garden_chair;rattan;1;117.42;98.67;64.58;2016-10-26;OUTD;S09;0;0.0;0.0;
T00888;1;L1040;ottoman;luna;1;216.31;181.78;118.97;2016-11-11;LIVI;S03;0;0.0;0.0;
T00888;2;O4010;office_chair;ergo;1;366.37;307.87;201.5;2016-11-11;OFFI;S07;0;0.0;0.0;
T00889;1;B3011;mattress;premium;1;935.47;786.11;514.51;2017-03-11;BEDR;S06;0;0.0;0.0;
T00890;1;O4020;bookshelf;oak;1;254.07;213.51;139.74;2015-07-16;OFFI;S04;0;0.0;0.0;
T00890;2;D2011;dining_chair;fabric;4;124.93;104.98;68.71;2015-07-16;DINI;S03;2;15.85;0.1269;K
T00891;1;K9002;kitchen_table;kompakt;1;306.24;257.35;168.43;2016-05-01;KITC;S02;0;0.0;0.0;
T00891;2;L1003;sofa;kompakt;1;792.23;665.74;435.73;2016-05-01;LIVI;S02;0;0.0;0.0;
T00892;1;C7030;curtain;linen;1;80.46;67.61;44.25;2016-08-23;DECO;S05;0;0.0;0.0;
T00893;1;D2012;dining_chair;leather;1;197.35;165.84;108.55;2017-05-24;DINI;S01;0;0.0;0.0;
T00893;2;L1020;coffee_table;oak;1;364.62;306.41;200.54;2017-05-24;LIVI;S04;1;20.02;0.0549;M
T00894;1;B3040;wardrobe;harmony;1;1044.33;877.59;574.38;2016-04-04;BEDR;S01;0;0.0;0.0;
T00894;2;K9001;kitchen_table;oak;1;469.17;394.26;258.04;2016-04-04;KITC;S04;0;0.0;0.0;
T00894;3;K9010;kitchen_chair;oak;2;113.42;95.31;62.38;2016-04-04;KITC;S04;1;9.38;0.0827;M
T00895;1;E6001;tv;smart55;1;815.0;684.87;448.25;2016-09-17;ELEC;S08;0;0.0;0.0;
T00895;2;E6020;speakers;stereo;1;174.03;146.25;95.72;2016-09-17;ELEC;S08;0;0.0;0.0;
T00896;1;L1002;sofa;milano;1;1808.18;1519.48;994.5;2016-11-27;LIVI;S01;0;0.0;0.0;
T00896;2;L1021;coffee_table;glass;1;292.71;245.98;160.99;2016-11-27;LIVI;S04;0;0.0;0.0;
T00897;1;L1030;side_table;oak;1;122.23;102.72;67.23;2016-11-20;LIVI;S04;0;0.0;0.0;
T00898;1;G5020;ceiling_light;modern;1;177.31;149.0;97.52;2017-05-14;LIGH;S05;0;0.0;0.0;
T00899;1;B3003;bed;kompakt;1;745.38;626.37;409.96;2017-02-04;BEDR;S02;1;39.04;0.0524;M
T00899;2;B3010;mattress;comfort;1;619.03;520.19;340.47;2017-02-04;BEDR;S06;0;0.0;0.0;
T00899;3;B3031;nightstand;kompakt;2;117.5;98.74;64.63;2017-02-04;BEDR;S02;0;0.0;0.0;
T00899;4;U1020;parasol;basic;1;113.43;95.32;62.39;2017-02-04;OUTD;S09;0;0.0;0.0;
T00899;5;G5031;led_strip;basic;1;18.83;15.82;10.35;2017-02-04;LIGH;S08;0;0.0;0.0;
T00900;1;O4011;office_chair;basic;1;184.91;155.39;101.7;2016-04-13;OFFI;S07;0;0.0;0.0;
T00901;1;O4010;office_chair;ergo;1;349.99;294.11;192.49;2015-12-28;OFFI;S07;0;0.0;0.0;
T00902;1;B3010;mattress;comfort;1;579.89;487.3;318.94;2017-05-06;BEDR;S06;0;0.0;0.0;
T00903;1;B3001;bed;harmony;1;1074.13;902.63;590.77;2016-10-12;BEDR;S01;0;0.0;0.0;
T00903;2;B3010;mattress;comfort;1;601.39;505.37;330.77;2016-10-12;BEDR;S06;0;0.0;0.0;
T00904;1;B3011;mattress;premium;1;931.68;782.92;512.42;2016-12-31;BEDR;S06;0;0.0;0.0;
T00905;1;B3003;bed;kompakt;1;760.6;639.16;418.33;2017-01-13;BEDR;S02;0;0.0;0.0;
T00905;2;B3030;nightstand;harmony;1;174.36;146.52;95.9;2017-01-13;BEDR;S01;0;0.0;0.0;
T00905;3;B3020;headboard;harmony;1;276.12;232.03;151.86;2017-01-13;BEDR;S01;0;0.0;0.0;
T00906;1;L1010;armchair;harmony;1;599.46;503.75;329.7;2015-07-01;LIVI;S01;0;0.0;0.0;
T00907;1;C7030;curtain;linen;1;79.33;66.66;43.63;2016-05-17;DECO;S05;0;0.0;0.0;
T00907;2;C7010;vase;ceramic;1;40.22;33.8;22.12;2016-05-17;DECO;S05;1;3.09;0.0767;A
T00907;3;O4011;office_chair;basic;1;185.24;155.67;101.88;2016-05-17;OFFI;S07;0;0.0;0.0;
T00908;1;K9020;bar_stool;oak;1;132.44;111.29;72.84;2017-04-20;KITC;S04;0;0.0;0.0;
T00909;1;D2030;table_extension;oak;1;114.1;95.88;62.75;2016-05-28;DINI;S04;2;17.41;0.1526;K
T00909;2;D2003;dining_table;kompakt;1;594.66;499.72;327.06;2016-05-28;DINI;S02;0;0.0;0.0;
T00909;3;D2011;dining_chair;fabric;6;115.45;97.02;63.5;2016-05-28;DINI;S03;0;0.0;0.0;
T00909;4;D2020;sideboard;oak;1;666.09;559.74;366.35;2016-05-28;DINI;S04;0;0.0;0.0;
T00909;5;B3001;bed;harmony;1;1099.54;923.98;604.75;2016-05-28;BEDR;S01;0;0.0;0.0;
T00909;6;B3020;headboard;harmony;1;275.62;231.62;151.59;2016-05-28;BEDR;S01;2;42.44;0.154;K
T00910;1;O4010;office_chair;ergo;1;356.43;299.52;196.04;2017-03-10;OFFI;S07;0;0.0;0.0;
T00911;1;B3010;mattress;comfort;1;613.1;515.21;337.2;2017-03-16;BEDR;S06;0;0.0;0.0;
T00912;1;S8010;cabinet;oak;1;536.44;450.79;295.04;2015-11-07;STOR;S04;0;0.0;0.0;
T00913;1;D2031;table_extension;walnut;1;144.87;121.74;79.68;2016-10-11;DINI;S04;0;0.0;0.0;
T00914;1;C7020;picture_frame;wood;4;18.11;15.22;9.96;2017-02-07;DECO;S05;0;0.0;0.0;
T00915;1;E6002;tv;smart65;1;1205.49;1013.01;663.02;2017-03-21;ELEC;S08;0;0.0;0.0;
T00916;1;U1002;garden_chair;metal;2;89.69;75.37;49.33;2016-09-03;OUTD;S09;0;0.0;0.0;
T00917;1;U1010;garden_table;rattan;1;312.97;263.0;172.13;2016-05-12;OUTD;S09;0;0.0;0.0;
T00917;2;U1002;garden_chair;metal;1;90.72;76.23;49.9;2016-05-12;OUTD;S09;0;0.0;0.0;
T00917;3;U1020;parasol;basic;1;117.07;98.38;64.39;2016-05-12;OUTD;S09;0;0.0;0.0;
T00918;1;E6002;tv;smart65;1;1147.43;964.22;631.08;2016-01-01;ELEC;S08;0;0.0;0.0;
T00918;2;D2010;dining_chair;oak;1;145.67;122.41;80.12;2016-01-01;DINI;S04;0;0.0;0.0;
T00919;1;D2001;dining_table;oak;1;877.54;737.43;482.65;2017-05-03;DINI;S04;0;0.0;0.0;
T00919;2;D2011;dining_chair;fabric;2;115.93;97.42;63.76;2017-05-03;DINI;S03;0;0.0;0.0;
T00920;1;E6011;soundbar;premium;1;380.6;319.83;209.33;2016-01-26;ELEC;S08;0;0.0;0.0;
T00921;1;C7002;mirror;framed;1;160.84;135.16;88.46;2017-04-16;DECO;S05;0;0.0;0.0;
T00922;1;O4020;bookshelf;oak;1;255.9;215.04;140.75;2016-06-30;OFFI;S04;2;49.2;0.1923;A
T00922;2;L1002;sofa;milano;1;1714.34;1440.62;942.89;2016-06-30;LIVI;S01;0;0.0;0.0;
T00922;3;L1020;coffee_table;oak;1;356.28;299.39;195.95;2016-06-30;LIVI;S04;0;0.0;0.0;
T00922;4;L1010;armchair;harmony;1;590.6;496.3;324.83;2016-06-30;LIVI;S01;0;0.0;0.0;
T00922;5;L1051;rug;shaggy;1;290.61;244.21;159.83;2016-06-30;LIVI;S05;0;0.0;0.0;
T00923;1;G5011;table_lamp;modern;2;47.06;39.54;25.88;2016-01-16;LIGH;S05;0;0.0;0.0;
T00924;1;G5030;led_strip;smart;1;37.34;31.38;20.54;2017-04-25;LIGH;S08;2;3.58;0.0958;A
T00925;1;G5001;floor_lamp;luna;1;115.28;96.88;63.41;2016-03-18;LIGH;S03;0;0.0;0.0;
T00925;2;G5011;table_lamp;modern;2;49.04;41.21;26.97;2016-03-18;LIGH;S05;0;0.0;0.0;
T00925;3;K9020;bar_stool;oak;1;145.74;122.47;80.16;2016-03-18;KITC;S04;0;0.0;0.0;
T00926;1;B3003;bed;kompakt;1;741.08;622.76;407.59;2016-03-19;BEDR;S02;0;0.0;0.0;
T00926;2;L1003;sofa;kompakt;1;805.07;676.53;442.79;2016-03-19;LIVI;S02;0;0.0;0.0;
T00927;1;L1051;rug;shaggy;1;284.19;238.82;156.31;2015-08-28;LIVI;S05;0;0.0;0.0;
T00928;1;D2011;dining_chair;fabric;1;115.08;96.71;63.29;2015-11-19;DINI;S03;0;0.0;0.0;
T00929;1;D2001;dining_table;oak;1;907.75;762.81;499.26;2015-08-07;DINI;S04;0;0.0;0.0;
T00929;2;D2010;dining_chair;oak;6;147.72;124.13;81.24;2015-08-07;DINI;S04;0;0.0;0.0;
T00929;3;D2020;sideboard;oak;1;675.24;567.43;371.38;2015-08-07;DINI;S04;0;0.0;0.0;
T00929;4;B3031;nightstand;kompakt;2;123.6;103.87;67.98;2015-08-07;BEDR;S02;0;0.0;0.0;
T00930;1;C7030;curtain;linen;1;77.08;64.77;42.39;2016-02-09;DECO;S05;0;0.0;0.0;
T00930;2;D2031;table_extension;walnut;1;155.57;130.73;85.56;2016-02-09;DINI;S04;0;0.0;0.0;
T00931;1;G5030;led_strip;smart;1;40.23;33.8;22.12;2016-01-26;LIGH;S08;0;0.0;0.0;
T00931;2;L1040;ottoman;luna;1;226.63;190.45;124.65;2016-01-26;LIVI;S03;0;0.0;0.0;
T00932;1;L1002;sofa;milano;1;1881.46;1581.06;1034.8;2016-01-06;LIVI;S01;1;177.61;0.0944;M
T00932;2;L1010;armchair;harmony;1;622.73;523.3;342.5;2016-01-06;LIVI;S01;1;91.72;0.1473;B
T00932;3;L1051;rug;shaggy;1;307.02;258.0;168.86;2016-01-06;LIVI;S05;0;0.0;0.0;
T00932;4;C7030;curtain;linen;1;82.52;69.34;45.38;2016-01-06;DECO;S05;1;9.62;0.1166;B
T00933;1;O4011;office_chair;basic;1;172.47;144.93;94.86;2017-03-18;OFFI;S07;0;0.0;0.0;
T00933;2;L1011;armchair;luna;1;436.98;367.21;240.34;2017-03-18;LIVI;S03;2;58.51;0.1339;A
T00933;3;K9002;kitchen_table;kompakt;1;292.36;245.68;160.8;2017-03-18;KITC;S02;0;0.0;0.0;
T00933;4;K9010;kitchen_chair;oak;4;121.41;102.02;66.77;2017-03-18;KITC;S04;0;0.0;0.0;
T00934;1;S8010;cabinet;oak;1;574.58;482.84;316.02;2017-04-17;STOR;S04;0;0.0;0.0;
T00934;2;G5001;floor_lamp;luna;1;121.1;101.77;66.61;2017-04-17;LIGH;S03;0;0.0;0.0;
T00935;1;D2003;dining_table;kompakt;1;604.46;507.95;332.45;2015-12-10;DINI;S02;0;0.0;0.0;
T00935;2;D2011;dining_chair;fabric;4;116.85;98.19;64.27;2015-12-10;DINI;S03;0;0.0;0.0;
T00935;3;D2031;table_extension;walnut;1;154.45;129.79;84.95;2015-12-10;DINI;S04;0;0.0;0.0;
T00935;4;D2020;sideboard;oak;1;648.49;544.95;356.67;2015-12-10;DINI;S04;0;0.0;0.0;
T00935;5;B3003;bed;kompakt;1;774.25;650.63;425.84;2015-12-10;BEDR;S02;0;0.0;0.0;
T00935;6;B3010;mattress;comfort;1;593.65;498.86;326.51;2015-12-10;BEDR;S06;0;0.0;0.0;
T00936;1;B3011;mattress;premium;1;917.25;770.8;504.49;2015-07-02;BEDR;S06;1;99.86;0.1089;A
T00936;2;D2001;dining_table;oak;1;881.44;740.7;484.79;2015-07-02;DINI;S04;0;0.0;0.0;
T00936;3;D2012;dining_chair;leather;6;201.91;169.67;111.05;2015-07-02;DINI;S01;0;0.0;0.0;
T00936;4;B3002;bed;milano;1;1606.05;1349.62;883.33;2015-07-02;BEDR;S01;0;0.0;0.0;
T00937;1;K9021;bar_stool;metal;1;104.94;88.18;57.72;2016-08-25;KITC;S07;0;0.0;0.0;
T00938;1;U1010;garden_table;rattan;1;302.45;254.16;166.35;2017-03-16;OUTD;S09;0;0.0;0.0;
T00938;2;U1002;garden_chair;metal;2;85.67;71.99;47.12;2017-03-16;OUTD;S09;0;0.0;0.0;
T00938;3;U1020;parasol;basic;1;124.23;104.4;68.33;2017-03-16;OUTD;S09;0;0.0;0.0;
T00938;4;B3031;nightstand;kompakt;2;114.26;96.02;62.85;2017-03-16;BEDR;S02;0;0.0;0.0;
T00938;5;L1001;sofa;harmony;1;1146.86;963.74;630.77;2017-03-16;LIVI;S01;0;0.0;0.0;
T00938;6;L1021;coffee_table;glass;1;292.68;245.95;160.97;2017-03-16;LIVI;S04;0;0.0;0.0;
T00939;1;S8001;dresser;harmony;1;380.1;319.41;209.05;2015-09-30;STOR;S01;0;0.0;0.0;
T00940;1;L1051;rug;shaggy;1;306.44;257.51;168.54;2015-12-12;LIVI;S05;0;0.0;0.0;
T00941;1;E6002;tv;smart65;1;1211.25;1017.86;666.19;2017-05-11;ELEC;S08;0;0.0;0.0;
T00941;2;E6010;soundbar;compact;1;243.03;204.23;133.67;2017-05-11;ELEC;S08;1;29.84;0.1228;M
T00942;1;K9010;kitchen_chair;oak;2;117.78;98.97;64.78;2015-10-01;KITC;S04;0;0.0;0.0;
T00943;1;O4011;office_chair;basic;1;186.95;157.1;102.82;2016-03-28;OFFI;S07;0;0.0;0.0;
T00943;2;L1051;rug;shaggy;1;296.59;249.23;163.12;2016-03-28;LIVI;S05;0;0.0;0.0;
T00944;1;O4030;filing_cabinet;metal;1;273.03;229.44;150.17;2016-04-01;OFFI;S07;1;35.5;0.13;A
T00945;1;D2003;dining_table;kompakt;1;584.58;491.25;321.52;2017-02-22;DINI;S02;0;0.0;0.0;
T00945;2;D2011;dining_chair;fabric;2;120.25;101.05;66.14;2017-02-22;DINI;S03;0;0.0;0.0;
T00945;3;D2031;table_extension;walnut;1;145.36;122.15;79.95;2017-02-22;DINI;S04;0;0.0;0.0;
T00946;1;L1011;armchair;luna;1;449.92;378.09;247.46;2015-10-10;LIVI;S03;0;0.0;0.0;
T00947;1;K9010;kitchen_chair;oak;6;123.42;103.71;67.88;2017-02-24;KITC;S04;0;0.0;0.0;
T00948;1;D2030;table_extension;oak;1;119.63;100.53;65.8;2017-01-05;DINI;S04;0;0.0;0.0;
T00949;1;D2001;dining_table;oak;1;889.37;747.37;489.15;2015-12-24;DINI;S04;2;136.52;0.1535;A
T00949;2;D2011;dining_chair;fabric;4;113.95;95.76;62.67;2015-12-24;DINI;S03;1;12.82;0.1126;B
T00950;1;O4001;desk;oak;1;380.4;319.67;209.22;2015-12-23;OFFI;S04;0;0.0;0.0;
T00950;2;O4010;office_chair;ergo;1;363.96;305.85;200.18;2015-12-23;OFFI;S07;0;0.0;0.0;
T00951;1;B3003;bed;kompakt;1;780.8;656.14;429.44;2016-08-21;BEDR;S02;1;79.58;0.1019;M
T00951;2;B3011;mattress;premium;1;873.18;733.77;480.25;2016-08-21;BEDR;S06;0;0.0;0.0;
T00952;1;L1051;rug;shaggy;1;313.38;263.34;172.36;2016-09-29;LIVI;S05;0;0.0;0.0;
T00953;1;D2011;dining_chair;fabric;2;117.04;98.35;64.37;2016-11-25;DINI;S03;0;0.0;0.0;
T00954;1;U1002;garden_chair;metal;4;90.49;76.04;49.77;2016-09-06;OUTD;S09;0;0.0;0.0;
T00955;1;L1003;sofa;kompakt;1;821.66;690.47;451.91;2015-12-17;LIVI;S02;0;0.0;0.0;
T00955;2;D2012;dining_chair;leather;6;194.38;163.35;106.91;2015-12-17;DINI;S01;0;0.0;0.0;
T00956;1;G5031;led_strip;basic;1;19.85;16.68;10.92;2015-12-21;LIGH;S08;0;0.0;0.0;
T00957;1;D2001;dining_table;oak;1;937.24;787.6;515.48;2015-10-18;DINI;S04;0;0.0;0.0;
T00958;1;G5011;table_lamp;modern;1;51.24;43.06;28.18;2015-12-16;LIGH;S05;2;5.36;0.1047;A
T00959;1;L1041;ottoman;kompakt;1;152.21;127.91;83.72;2017-05-20;LIVI;S02;0;0.0;0.0;
T00960;1;B3002;bed;milano;1;1641.67;1379.55;902.92;2015-07-28;BEDR;S01;0;0.0;0.0;
T00960;2;B3011;mattress;premium;1;922.33;775.07;507.28;2015-07-28;BEDR;S06;0;0.0;0.0;
T00961;1;B3001;bed;harmony;1;1124.41;944.88;618.43;2015-08-08;BEDR;S01;0;0.0;0.0;
T00961;2;B3011;mattress;premium;1;897.88;754.52;493.83;2015-08-08;BEDR;S06;0;0.0;0.0;
T00961;3;K9010;kitchen_chair;oak;6;121.69;102.26;66.93;2015-08-08;KITC;S04;0;0.0;0.0;
T00961;4;L1051;rug;shaggy;1;295.16;248.03;162.34;2015-08-08;LIVI;S05;0;0.0;0.0;
T00962;1;U1001;garden_chair;rattan;2;120.11;100.93;66.06;2017-03-16;OUTD;S09;0;0.0;0.0;
T00963;1;B3040;wardrobe;harmony;1;1062.48;892.84;584.36;2016-12-28;BEDR;S01;0;0.0;0.0;
T00964;1;D2030;table_extension;oak;1;121.89;102.43;67.04;2016-04-10;DINI;S04;1;11.69;0.0959;M
T00965;1;E6001;tv;smart55;1;759.24;638.02;417.58;2016-12-26;ELEC;S08;0;0.0;0.0;
T00966;1;G5020;ceiling_light;modern;1;164.25;138.03;90.34;2015-07-07;LIGH;S05;0;0.0;0.0;
T00967;1;L1021;coffee_table;glass;1;275.39;231.42;151.47;2017-01-06;LIVI;S04;2;50.73;0.1842;K
T00967;2;G5031;led_strip;basic;1;18.65;15.67;10.26;2017-01-06;LIGH;S08;0;0.0;0.0;
T00968;1;D2001;dining_table;oak;1;857.34;720.45;471.53;2015-11-02;DINI;S04;0;0.0;0.0;
T00968;2;D2012;dining_chair;leather;1;207.73;174.56;114.25;2015-11-02;DINI;S01;1;14.84;0.0714;A
T00969;1;O4011;office_chair;basic;1;173.48;145.78;95.42;2017-03-16;OFFI;S07;0;0.0;0.0;
T00969;2;B3030;nightstand;harmony;1;180.51;151.69;99.28;2017-03-16;BEDR;S01;0;0.0;0.0;
T00970;1;E6001;tv;smart55;1;804.32;675.9;442.37;2016-11-23;ELEC;S08;0;0.0;0.0;
T00970;2;E6020;speakers;stereo;1;176.4;148.24;97.02;2016-11-23;ELEC;S08;0;0.0;0.0;
T00970;3;L1041;ottoman;kompakt;1;159.17;133.76;87.54;2016-11-23;LIVI;S02;0;0.0;0.0;
T00971;1;L1001;sofa;harmony;1;1202.05;1010.13;661.13;2016-12-25;LIVI;S01;0;0.0;0.0;
T00971;2;L1021;coffee_table;glass;1;283.87;238.55;156.13;2016-12-25;LIVI;S04;0;0.0;0.0;
T00972;1;K9001;kitchen_table;oak;1;441.56;371.06;242.86;2015-10-11;KITC;S04;0;0.0;0.0;
T00972;2;K9010;kitchen_chair;oak;2;119.58;100.49;65.77;2015-10-11;KITC;S04;0;0.0;0.0;
T00972;3;B3030;nightstand;harmony;2;181.43;152.46;99.79;2015-10-11;BEDR;S01;0;0.0;0.0;
T00972;4;B3001;bed;harmony;1;1123.53;944.14;617.94;2015-10-11;BEDR;S01;0;0.0;0.0;
T00972;5;B3011;mattress;premium;1;890.83;748.6;489.96;2015-10-11;BEDR;S06;0;0.0;0.0;
T00972;6;B3020;headboard;harmony;1;278.91;234.38;153.4;2015-10-11;BEDR;S01;0;0.0;0.0;
T00973;1;D2012;dining_chair;leather;2;208.42;175.14;114.63;2016-01-12;DINI;S01;0;0.0;0.0;
T00974;1;B3010;mattress;comfort;1;609.13;511.87;335.02;2015-09-18;BEDR;S06;0;0.0;0.0;
T00975;1;E6001;tv;smart55;1;822.63;691.29;452.45;2016-03-23;ELEC;S08;0;0.0;0.0;
T00975;2;E6010;soundbar;compact;1;240.77;202.33;132.42;2016-03-23;ELEC;S08;0;0.0;0.0;
T00975;3;U1002;garden_chair;metal;4;92.85;78.02;51.07;2016-03-23;OUTD;S09;0;0.0;0.0;
T00976;1;L1051;rug;shaggy;1;299.0;251.26;164.45;2016-05-23;LIVI;S05;0;0.0;0.0;
T00976;2;K9001;kitchen_table;oak;1;439.77;369.55;241.87;2016-05-23;KITC;S04;0;0.0;0.0;
T00976;3;K9011;kitchen_chair;fabric;4;103.39;86.88;56.86;2016-05-23;KITC;S03;1;8.62;0.0834;A
T00977;1;D2010;dining_chair;oak;6;146.66;123.24;80.66;2015-09-07;DINI;S04;0;0.0;0.0;
T00977;2;G5010;table_lamp;luna;2;76.9;64.62;42.29;2015-09-07;LIGH;S03;2;10.68;0.1389;A
T00978;1;L1001;sofa;harmony;1;1175.95;988.2;646.77;2015-07-06;LIVI;S01;0;0.0;0.0;
T00978;2;B3003;bed;kompakt;1;742.47;623.92;408.36;2015-07-06;BEDR;S02;1;38.76;0.0522;A
T00978;3;B3020;headboard;harmony;1;284.02;238.68;156.21;2015-07-06;BEDR;S01;0;0.0;0.0;
T00979;1;C7010;vase;ceramic;3;37.82;31.78;20.8;2016-05-13;DECO;S05;0;0.0;0.0;
T00979;2;L1011;armchair;luna;1;469.3;394.37;258.12;2016-05-13;LIVI;S03;1;54.24;0.1156;M
T00979;3;L1040;ottoman;luna;1;228.18;191.75;125.5;2016-05-13;LIVI;S03;0;0.0;0.0;
T00980;1;G5020;ceiling_light;modern;1;169.06;142.07;92.98;2016-08-07;LIGH;S05;0;0.0;0.0;
T00980;2;G5011;table_lamp;modern;1;49.11;41.27;27.01;2016-08-07;LIGH;S05;0;0.0;0.0;
T00981;1;C7010;vase;ceramic;1;38.15;32.06;20.98;2016-02-09;DECO;S05;0;0.0;0.0;
T00982;1;C7010;vase;ceramic;1;40.21;33.79;22.12;2016-05-23;DECO;S05;0;0.0;0.0;
T00983;1;S8010;cabinet;oak;1;564.02;473.97;310.21;2017-02-27;STOR;S04;0;0.0;0.0;
T00984;1;K9011;kitchen_chair;fabric;4;101.07;84.93;55.59;2015-11-05;KITC;S03;0;0.0;0.0;
T00985;1;B3003;bed;kompakt;1;780.03;655.49;429.02;2016-07-29;BEDR;S02;0;0.0;0.0;
T00986;1;L1001;sofa;harmony;1;1207.31;1014.55;664.02;2017-05-12;LIVI;S01;0;0.0;0.0;
T00986;2;L1021;coffee_table;glass;1;291.45;244.92;160.3;2017-05-12;LIVI;S04;1;22.97;0.0788;A
T00986;3;L1011;armchair;luna;1;449.03;377.33;246.97;2017-05-12;LIVI;S03;2;48.99;0.1091;K
T00987;1;K9002;kitchen_table;kompakt;1;302.51;254.21;166.38;2015-07-08;KITC;S02;0;0.0;0.0;
T00987;2;K9011;kitchen_chair;fabric;6;98.16;82.49;53.99;2015-07-08;KITC;S03;0;0.0;0.0;
T00988;1;S8001;dresser;harmony;1;384.38;323.01;211.41;2016-08-14;STOR;S01;0;0.0;0.0;
T00988;2;E6001;tv;smart55;1;774.78;651.08;426.13;2016-08-14;ELEC;S08;1;96.01;0.1239;B
T00989;1;L1020;coffee_table;oak;1;337.92;283.97;185.86;2015-12-16;LIVI;S04;0;0.0;0.0;
T00989;2;D2010;dining_chair;oak;2;156.07;131.15;85.84;2015-12-16;DINI;S04;0;0.0;0.0;
T00990;1;E6020;speakers;stereo;1;183.36;154.08;100.85;2016-07-20;ELEC;S08;0;0.0;0.0;
T00991;1;G5001;floor_lamp;luna;1;122.56;102.99;67.41;2016-07-03;LIGH;S03;0;0.0;0.0;
T00992;1;L1030;side_table;oak;1;116.62;98.0;64.14;2015-12-10;LIVI;S04;1;9.38;0.0805;M
T00992;2;E6010;soundbar;compact;1;242.62;203.88;133.44;2015-12-10;ELEC;S08;1;18.12;0.0747;B
T00993;1;B3001;bed;harmony;1;1147.76;964.51;631.27;2016-04-29;BEDR;S01;0;0.0;0.0;
T00993;2;G5001;floor_lamp;luna;1;117.81;99.0;64.8;2016-04-29;LIGH;S03;2;15.16;0.1287;K
T00994;1;D2010;dining_chair;oak;2;150.25;126.26;82.64;2015-07-17;DINI;S04;0;0.0;0.0;
T00995;1;L1001;sofa;harmony;1;1215.47;1021.41;668.51;2016-02-10;LIVI;S01;0;0.0;0.0;
T00995;2;L1050;rug;berber;1;180.37;151.57;99.2;2016-02-10;LIVI;S05;1;17.25;0.0957;B
T00996;1;C7001;mirror;round;1;118.13;99.27;64.97;2015-12-09;DECO;S05;0;0.0;0.0;
T00996;2;G5010;table_lamp;luna;1;75.45;63.4;41.5;2015-12-09;LIGH;S03;0;0.0;0.0;
T00997;1;K9021;bar_stool;metal;1;110.56;92.9;60.81;2015-08-26;KITC;S07;0;0.0;0.0;
T00997;2;B3003;bed;kompakt;1;720.17;605.18;396.09;2015-08-26;BEDR;S02;0;0.0;0.0;
T00997;3;B3011;mattress;premium;1;905.39;760.83;497.97;2015-08-26;BEDR;S06;0;0.0;0.0;
T00997;4;B3030;nightstand;harmony;1;183.06;153.83;100.68;2015-08-26;BEDR;S01;1;20.16;0.1101;A
T00997;5;B3020;headboard;harmony;1;284.01;238.66;156.21;2015-08-26;BEDR;S01;0;0.0;0.0;
T00998;1;L1003;sofa;kompakt;1;800.36;672.57;440.2;2015-11-21;LIVI;S02;0;0.0;0.0;
T00998;2;B3031;nightstand;kompakt;2;114.33;96.08;62.88;2015-11-21;BEDR;S02;0;0.0;0.0;
T00999;1;B3002;bed;milano;1;1579.71;1327.49;868.84;2016-10-17;BEDR;S01;0;0.0;0.0;
T00999;2;B3010;mattress;comfort;1;583.89;490.66;321.14;2016-10-17;BEDR;S06;0;0.0;0.0;
T00999;3;B3031;nightstand;kompakt;2;116.89;98.22;64.29;2016-10-17;BEDR;S02;1;17.3;0.148;A
T00999;4;B3020;headboard;harmony;1;268.39;225.54;147.61;2016-10-17;BEDR;S01;0;0.0;0.0;
T01000;1;L1051;rug;shaggy;1;300.91;252.86;165.5;2016-02-05;LIVI;S05;0;0.0;0.0;
T01001;1;D2010;dining_chair;oak;6;155.31;130.51;85.42;2015-11-30;DINI;S04;0;0.0;0.0;
T01002;1;B3011;mattress;premium;1;933.99;784.87;513.7;2016-06-23;BEDR;S06;0;0.0;0.0;
T01002;2;O4020;bookshelf;oak;1;245.25;206.1;134.89;2016-06-23;OFFI;S04;2;18.97;0.0773;K
T01003;1;E6010;soundbar;compact;1;255.88;215.02;140.73;2016-03-26;ELEC;S08;0;0.0;0.0;
T01003;2;G5020;ceiling_light;modern;1;162.84;136.84;89.56;2016-03-26;LIGH;S05;0;0.0;0.0;
T01004;1;C7001;mirror;round;1;119.07;100.06;65.49;2015-10-02;DECO;S05;0;0.0;0.0;
T01004;2;D2003;dining_table;kompakt;1;569.73;478.77;313.35;2015-10-02;DINI;S02;0;0.0;0.0;
T01004;3;D2012;dining_chair;leather;4;198.8;167.05;109.34;2015-10-02;DINI;S01;0;0.0;0.0;
T01004;4;D2030;table_extension;oak;1;117.32;98.59;64.52;2015-10-02;DINI;S04;0;0.0;0.0;
T01005;1;D2010;dining_chair;oak;2;146.67;123.25;80.67;2015-12-17;DINI;S04;0;0.0;0.0;
T01006;1;B3003;bed;kompakt;1;770.49;647.47;423.77;2015-09-21;BEDR;S02;0;0.0;0.0;
T01006;2;B3010;mattress;comfort;1;569.29;478.39;313.11;2015-09-21;BEDR;S06;0;0.0;0.0;
T01006;3;B3030;nightstand;harmony;1;171.05;143.74;94.08;2015-09-21;BEDR;S01;0;0.0;0.0;
T01007;1;S8001;dresser;harmony;1;387.64;325.75;213.2;2017-06-26;STOR;S01;0;0.0;0.0;
T01008;1;B3031;nightstand;kompakt;1;117.37;98.63;64.55;2015-07-29;BEDR;S02;0;0.0;0.0;
T01008;2;K9021;bar_stool;metal;1;109.34;91.88;60.14;2015-07-29;KITC;S07;0;0.0;0.0;
T01008;3;D2031;table_extension;walnut;1;148.71;124.97;81.79;2015-07-29;DINI;S04;0;0.0;0.0;
T01009;1;O4001;desk;oak;1;405.39;340.66;222.96;2015-08-25;OFFI;S04;0;0.0;0.0;
T01009;2;O4011;office_chair;basic;1;183.02;153.8;100.66;2015-08-25;OFFI;S07;0;0.0;0.0;
T01010;1;B3003;bed;kompakt;1;770.65;647.6;423.86;2016-01-17;BEDR;S02;0;0.0;0.0;
T01010;2;B3011;mattress;premium;1;866.39;728.06;476.52;2016-01-17;BEDR;S06;0;0.0;0.0;
T01011;1;L1050;rug;berber;1;183.2;153.95;100.76;2015-11-26;LIVI;S05;0;0.0;0.0;
T01012;1;L1011;armchair;luna;1;456.43;383.56;251.04;2016-01-14;LIVI;S03;0;0.0;0.0;
T01013;1;C7030;curtain;linen;1;75.86;63.75;41.72;2016-12-25;DECO;S05;2;11.52;0.1519;A
T01013;2;O4011;office_chair;basic;1;183.52;154.22;100.94;2016-12-25;OFFI;S07;0;0.0;0.0;
T01013;3;L1010;armchair;harmony;1;579.81;487.23;318.9;2016-12-25;LIVI;S01;0;0.0;0.0;
T01014;1;S8010;cabinet;oak;1;554.27;465.77;304.85;2015-10-20;STOR;S04;0;0.0;0.0;
T01015;1;U1002;garden_chair;metal;4;86.61;72.78;47.63;2017-02-03;OUTD;S09;0;0.0;0.0;
T01016;1;D2020;sideboard;oak;1;672.04;564.74;369.62;2015-08-30;DINI;S04;0;0.0;0.0;
T01016;2;S8020;shoe_rack;compact;1;111.66;93.83;61.41;2015-08-30;STOR;S02;0;0.0;0.0;
T01017;1;O4020;bookshelf;oak;1;251.5;211.34;138.32;2016-10-24;OFFI;S04;0;0.0;0.0;
T01018;1;L1050;rug;berber;1;181.97;152.91;100.08;2016-02-04;LIVI;S05;0;0.0;0.0;
T01019;1;C7002;mirror;framed;1;160.95;135.25;88.52;2016-04-24;DECO;S05;0;0.0;0.0;
T01020;1;S8020;shoe_rack;compact;1;106.96;89.89;58.83;2016-01-09;STOR;S02;1;13.82;0.1292;M
T01020;2;U1010;garden_table;rattan;1;307.25;258.19;168.99;2016-01-09;OUTD;S09;1;27.17;0.0884;A
T01020;3;U1002;garden_chair;metal;2;91.12;76.57;50.11;2016-01-09;OUTD;S09;1;12.54;0.1376;B
T01021;1;K9011;kitchen_chair;fabric;6;94.69;79.57;52.08;2015-08-05;KITC;S03;0;0.0;0.0;
T01022;1;L1011;armchair;luna;1;444.07;373.16;244.24;2016-12-09;LIVI;S03;0;0.0;0.0;
T01023;1;E6011;soundbar;premium;1;406.76;341.81;223.72;2016-08-18;ELEC;S08;0;0.0;0.0;
T01024;1;L1030;side_table;oak;1;120.18;100.99;66.1;2016-10-16;LIVI;S04;0;0.0;0.0;
T01025;1;C7002;mirror;framed;1;174.02;146.24;95.71;2015-07-14;DECO;S05;2;18.91;0.1086;K
T01026;1;L1021;coffee_table;glass;1;280.31;235.56;154.17;2015-11-18;LIVI;S04;0;0.0;0.0;
T01027;1;S8020;shoe_rack;compact;1;110.62;92.96;60.84;2015-10-18;STOR;S02;0;0.0;0.0;
T01027;2;D2003;dining_table;kompakt;1;621.45;522.23;341.8;2015-10-18;DINI;S02;0;0.0;0.0;
T01027;3;D2010;dining_chair;oak;4;141.89;119.23;78.04;2015-10-18;DINI;S04;0;0.0;0.0;
T01027;4;D2031;table_extension;walnut;1;154.66;129.96;85.06;2015-10-18;DINI;S04;0;0.0;0.0;
T01027;5;L1003;sofa;kompakt;1;772.79;649.41;425.04;2015-10-18;LIVI;S02;0;0.0;0.0;
T01027;6;L1010;armchair;harmony;1;612.29;514.53;336.76;2015-10-18;LIVI;S01;1;69.45;0.1134;A
T01028;1;B3030;nightstand;harmony;1;180.76;151.9;99.42;2015-07-19;BEDR;S01;0;0.0;0.0;
T01029;1;C7010;vase;ceramic;1;38.59;32.42;21.22;2016-07-24;DECO;S05;0;0.0;0.0;
T01029;2;C7001;mirror;round;1;115.89;97.39;63.74;2016-07-24;DECO;S05;0;0.0;0.0;
T01030;1;D2012;dining_chair;leather;2;206.99;173.94;113.84;2015-07-27;DINI;S01;0;0.0;0.0;
T01031;1;U1001;garden_chair;rattan;2;122.73;103.14;67.5;2016-11-21;OUTD;S09;0;0.0;0.0;
T01032;1;D2002;dining_table;walnut;1;1268.34;1065.83;697.58;2016-03-08;DINI;S04;0;0.0;0.0;
T01032;2;D2011;dining_chair;fabric;2;123.37;103.68;67.86;2016-03-08;DINI;S03;0;0.0;0.0;
T01033;1;E6020;speakers;stereo;1;176.22;148.08;96.92;2016-06-12;ELEC;S08;0;0.0;0.0;
T01034;1;B3020;headboard;harmony;1;275.65;231.64;151.61;2016-04-25;BEDR;S01;0;0.0;0.0;
T01034;2;U1001;garden_chair;rattan;2;116.4;97.81;64.02;2016-04-25;OUTD;S09;0;0.0;0.0;
T01035;1;C7030;curtain;linen;1;81.09;68.15;44.6;2016-07-23;DECO;S05;0;0.0;0.0;
T01035;2;D2001;dining_table;oak;1;916.56;770.22;504.11;2016-07-23;DINI;S04;0;0.0;0.0;
T01035;3;D2011;dining_chair;fabric;4;118.39;99.49;65.11;2016-07-23;DINI;S03;0;0.0;0.0;
T01035;4;D2020;sideboard;oak;1;635.7;534.2;349.64;2016-07-23;DINI;S04;0;0.0;0.0;
T01035;5;L1010;armchair;harmony;1;588.8;494.79;323.84;2016-07-23;LIVI;S01;2;71.37;0.1212;K
T01036;1;G5031;led_strip;basic;1;19.39;16.3;10.67;2016-12-10;LIGH;S08;0;0.0;0.0;
T01036;2;L1001;sofa;harmony;1;1183.25;994.33;650.79;2016-12-10;LIVI;S01;0;0.0;0.0;
T01037;1;B3031;nightstand;kompakt;2;119.41;100.34;65.67;2016-03-29;BEDR;S02;1;10.63;0.089;M
T01038;1;L1003;sofa;kompakt;1;801.6;673.61;440.88;2017-02-24;LIVI;S02;0;0.0;0.0;
T01038;2;L1020;coffee_table;oak;1;353.84;297.34;194.61;2017-02-24;LIVI;S04;0;0.0;0.0;
T01038;3;L1011;armchair;luna;1;453.35;380.97;249.34;2017-02-24;LIVI;S03;0;0.0;0.0;
T01039;1;U1002;garden_chair;metal;2;92.4;77.65;50.82;2016-07-02;OUTD;S09;0;0.0;0.0;
T01040;1;L1030;side_table;oak;1;118.15;99.28;64.98;2016-01-22;LIVI;S04;1;15.79;0.1336;A
T01041;1;U1002;garden_chair;metal;4;86.74;72.89;47.71;2016-06-04;OUTD;S09;0;0.0;0.0;
T01042;1;L1001;sofa;harmony;1;1192.85;1002.4;656.07;2016-06-26;LIVI;S01;0;0.0;0.0;
T01042;2;L1010;armchair;harmony;1;622.34;522.98;342.29;2016-06-26;LIVI;S01;0;0.0;0.0;
T01043;1;K9020;bar_stool;oak;1;137.5;115.54;75.62;2015-07-22;KITC;S04;0;0.0;0.0;
T01043;2;G5001;floor_lamp;luna;1;122.76;103.16;67.52;2015-07-22;LIGH;S03;0;0.0;0.0;
T01044;1;K9002;kitchen_table;kompakt;1;306.8;257.82;168.74;2016-01-07;KITC;S02;0;0.0;0.0;
T01044;2;K9011;kitchen_chair;fabric;1;94.83;79.69;52.16;2016-01-07;KITC;S03;0;0.0;0.0;
T01045;1;U1001;garden_chair;rattan;4;118.55;99.62;65.2;2017-06-25;OUTD;S09;0;0.0;0.0;
T01046;1;O4010;office_chair;ergo;1;333.1;279.92;183.2;2016-08-08;OFFI;S07;0;0.0;0.0;
T01047;1;L1030;side_table;oak;1;120.28;101.07;66.15;2017-04-19;LIVI;S04;0;0.0;0.0;
T01048;1;D2010;dining_chair;oak;6;147.41;123.87;81.07;2015-07-03;DINI;S04;0;0.0;0.0;
T01049;1;O4010;office_chair;ergo;1;363.95;305.84;200.17;2015-08-17;OFFI;S07;0;0.0;0.0;
T01049;2;C7001;mirror;round;1;124.89;104.95;68.69;2015-08-17;DECO;S05;0;0.0;0.0;
T01049;3;C7020;picture_frame;wood;3;19.68;16.54;10.82;2015-08-17;DECO;S05;1;1.92;0.0978;A
T01050;1;L1051;rug;shaggy;1;294.77;247.71;162.13;2017-01-26;LIVI;S05;0;0.0;0.0;
T01051;1;D2030;table_extension;oak;1;116.88;98.22;64.28;2016-12-03;DINI;S04;0;0.0;0.0;
T01052;1;G5031;led_strip;basic;1;19.61;16.47;10.78;2016-11-05;LIGH;S08;0;0.0;0.0;
T01052;2;L1021;coffee_table;glass;1;265.9;223.45;146.25;2016-11-05;LIVI;S04;0;0.0;0.0;
T01053;1;B3001;bed;harmony;1;1090.7;916.56;599.89;2017-01-30;BEDR;S01;0;0.0;0.0;
T01053;2;B3010;mattress;comfort;1;601.49;505.45;330.82;2017-01-30;BEDR;S06;0;0.0;0.0;
T01053;3;B3030;nightstand;harmony;1;174.03;146.25;95.72;2017-01-30;BEDR;S01;0;0.0;0.0;
T01053;4;B3020;headboard;harmony;1;277.93;233.55;152.86;2017-01-30;BEDR;S01;0;0.0;0.0;
T01054;1;O4010;office_chair;ergo;1;348.31;292.7;191.57;2016-06-06;OFFI;S07;0;0.0;0.0;
T01054;2;D2012;dining_chair;leather;4;203.56;171.06;111.96;2016-06-06;DINI;S01;0;0.0;0.0;
T01054;3;B3040;wardrobe;harmony;1;1093.41;918.83;601.37;2016-06-06;BEDR;S01;0;0.0;0.0;
T01055;1;U1020;parasol;basic;1;118.97;99.98;65.43;2017-04-25;OUTD;S09;0;0.0;0.0;
T01056;1;B3010;mattress;comfort;1;603.05;506.77;331.68;2016-04-04;BEDR;S06;0;0.0;0.0;
T01056;2;L1040;ottoman;luna;1;226.69;190.5;124.68;2016-04-04;LIVI;S03;0;0.0;0.0;
T01057;1;S8020;shoe_rack;compact;1;112.92;94.89;62.11;2015-12-25;STOR;S02;2;10.0;0.0886;K
T01058;1;D2010;dining_chair;oak;1;152.49;128.14;83.87;2016-03-16;DINI;S04;0;0.0;0.0;
T01059;1;O4020;bookshelf;oak;1;253.87;213.33;139.63;2016-09-19;OFFI;S04;0;0.0;0.0;
T01060;1;D2012;dining_chair;leather;4;207.84;174.65;114.31;2017-02-12;DINI;S01;0;0.0;0.0;
T01061;1;G5031;led_strip;basic;1;19.41;16.31;10.68;2016-09-30;LIGH;S08;0;0.0;0.0;
T01062;1;B3001;bed;harmony;1;1144.55;961.8;629.5;2016-01-15;BEDR;S01;0;0.0;0.0;
T01062;2;B3010;mattress;comfort;1;575.49;483.61;316.52;2016-01-15;BEDR;S06;0;0.0;0.0;
T01062;3;B3030;nightstand;harmony;2;175.87;147.79;96.73;2016-01-15;BEDR;S01;1;20.73;0.1179;B
T01063;1;B3031;nightstand;kompakt;2;114.53;96.25;62.99;2017-06-24;BEDR;S02;0;0.0;0.0;
T01064;1;D2011;dining_chair;fabric;4;113.34;95.25;62.34;2016-08-26;DINI;S03;0;0.0;0.0;
T01065;1;U1020;parasol;basic;1;118.94;99.95;65.42;2016-04-19;OUTD;S09;0;0.0;0.0;
T01066;1;L1002;sofa;milano;1;1843.26;1548.96;1013.8;2017-04-20;LIVI;S01;0;0.0;0.0;
T01066;2;L1010;armchair;harmony;1;614.23;516.16;337.83;2017-04-20;LIVI;S01;0;0.0;0.0;
T01066;3;U1020;parasol;basic;1;118.57;99.64;65.21;2017-04-20;OUTD;S09;0;0.0;0.0;
T01067;1;D2003;dining_table;kompakt;1;598.94;503.31;329.42;2017-05-16;DINI;S02;0;0.0;0.0;
T01067;2;D2010;dining_chair;oak;6;148.21;124.55;81.52;2017-05-16;DINI;S04;0;0.0;0.0;
T01068;1;L1002;sofa;milano;1;1843.1;1548.82;1013.71;2016-07-15;LIVI;S01;1;162.34;0.0881;M
T01069;1;L1020;coffee_table;oak;1;357.51;300.43;196.63;2015-10-07;LIVI;S04;2;71.12;0.1989;A
T01070;1;L1041;ottoman;kompakt;1;161.98;136.12;89.09;2017-01-24;LIVI;S02;0;0.0;0.0;
T01070;2;D2020;sideboard;oak;1;670.14;563.14;368.58;2017-01-24;DINI;S04;2;111.42;0.1663;K
T01071;1;B3002;bed;milano;1;1567.84;1317.51;862.31;2017-01-22;BEDR;S01;0;0.0;0.0;
T01071;2;B3011;mattress;premium;1;915.48;769.31;503.51;2017-01-22;BEDR;S06;0;0.0;0.0;
T01072;1;D2011;dining_chair;fabric;1;116.06;97.53;63.83;2016-10-24;DINI;S03;0;0.0;0.0;
T01073;1;G5001;floor_lamp;luna;1;117.39;98.64;64.56;2017-06-02;LIGH;S03;0;0.0;0.0;
T01074;1;D2003;dining_table;kompakt;1;601.35;505.34;330.74;2015-11-02;DINI;S02;1;53.64;0.0892;M
T01074;2;D2011;dining_chair;fabric;4;124.77;104.85;68.62;2015-11-02;DINI;S03;0;0.0;0.0;
T01075;1;K9001;kitchen_table;oak;1;464.84;390.63;255.66;2016-12-15;KITC;S04;1;63.8;0.1372;M
T01075;2;K9011;kitchen_chair;fabric;1;101.54;85.33;55.85;2016-12-15;KITC;S03;1;11.39;0.1121;M
T01076;1;L1003;sofa;kompakt;1;773.23;649.77;425.27;2016-09-12;LIVI;S02;0;0.0;0.0;
T01076;2;L1010;armchair;harmony;1;575.18;483.34;316.35;2016-09-12;LIVI;S01;1;61.0;0.1061;M
T01076;3;U1020;parasol;basic;1;114.0;95.8;62.7;2016-09-12;OUTD;S09;0;0.0;0.0;
T01076;4;B3030;nightstand;harmony;2;182.64;153.48;100.45;2016-09-12;BEDR;S01;0;0.0;0.0;
T01077;1;L1040;ottoman;luna;1;210.27;176.7;115.65;2016-04-21;LIVI;S03;1;24.23;0.1152;B
T01078;1;C7001;mirror;round;1;115.96;97.45;63.78;2015-09-08;DECO;S05;0;0.0;0.0;
T01079;1;B3020;headboard;harmony;1;274.61;230.76;151.03;2016-05-10;BEDR;S01;0;0.0;0.0;
T01079;2;K9011;kitchen_chair;fabric;2;99.6;83.69;54.78;2016-05-10;KITC;S03;0;0.0;0.0;
T01080;1;O4010;office_chair;ergo;1;364.4;306.22;200.42;2015-07-10;OFFI;S07;1;30.5;0.0837;M
T01081;1;L1011;armchair;luna;1;432.64;363.56;237.95;2017-01-18;LIVI;S03;0;0.0;0.0;
T01081;2;D2010;dining_chair;oak;4;149.45;125.59;82.2;2017-01-18;DINI;S04;0;0.0;0.0;
T01082;1;L1003;sofa;kompakt;1;811.52;681.95;446.34;2017-05-31;LIVI;S02;0;0.0;0.0;
T01082;2;L1050;rug;berber;1;187.5;157.56;103.13;2017-05-31;LIVI;S05;0;0.0;0.0;
T01083;1;O4010;office_chair;ergo;1;333.43;280.19;183.39;2015-08-13;OFFI;S07;0;0.0;0.0;
T01084;1;L1051;rug;shaggy;1;301.3;253.2;165.72;2016-08-30;LIVI;S05;0;0.0;0.0;
T01085;1;S8020;shoe_rack;compact;1;111.47;93.67;61.31;2017-03-03;STOR;S02;0;0.0;0.0;
T01085;2;L1001;sofa;harmony;1;1176.29;988.48;646.96;2017-03-03;LIVI;S01;2;173.27;0.1473;K
T01086;1;L1010;armchair;harmony;1;595.82;500.69;327.7;2016-09-15;LIVI;S01;0;0.0;0.0;
T01087;1;C7002;mirror;framed;1;172.42;144.89;94.83;2016-08-17;DECO;S05;0;0.0;0.0;
T01088;1;C7001;mirror;round;1;124.58;104.69;68.52;2016-07-09;DECO;S05;0;0.0;0.0;
T01088;2;K9002;kitchen_table;kompakt;1;290.55;244.16;159.8;2016-07-09;KITC;S02;2;22.14;0.0762;A
T01088;3;K9011;kitchen_chair;fabric;1;98.65;82.9;54.26;2016-07-09;KITC;S03;0;0.0;0.0;
T01089;1;B3030;nightstand;harmony;2;184.69;155.2;101.58;2016-03-02;BEDR;S01;0;0.0;0.0;
T01089;2;B3040;wardrobe;harmony;1;1045.47;878.55;575.01;2016-03-02;BEDR;S01;0;0.0;0.0;
T01090;1;O4002;desk;compact;1;258.05;216.85;141.93;2016-04-28;OFFI;S02;0;0.0;0.0;
T01090;2;O4011;office_chair;basic;1;182.01;152.95;100.1;2016-04-28;OFFI;S07;0;0.0;0.0;
T01091;1;G5031;led_strip;basic;1;18.93;15.91;10.41;2017-03-09;LIGH;S08;0;0.0;0.0;
T01092;1;B3030;nightstand;harmony;2;181.61;152.62;99.89;2016-02-07;BEDR;S01;0;0.0;0.0;
T01093;1;D2031;table_extension;walnut;1;155.88;130.99;85.74;2016-09-19;DINI;S04;1;16.54;0.1061;M
T01094;1;E6011;soundbar;premium;1;417.99;351.25;229.89;2016-04-19;ELEC;S08;0;0.0;0.0;
T01095;1;O4010;office_chair;ergo;1;352.64;296.34;193.95;2016-06-15;OFFI;S07;0;0.0;0.0;
T01096;1;L1021;coffee_table;glass;1;284.26;238.88;156.35;2015-07-26;LIVI;S04;0;0.0;0.0;
T01097;1;D2001;dining_table;oak;1;921.87;774.68;507.03;2016-01-13;DINI;S04;0;0.0;0.0;
T01097;2;D2011;dining_chair;fabric;2;119.75;100.63;65.86;2016-01-13;DINI;S03;1;14.44;0.1206;B
T01098;1;E6002;tv;smart65;1;1168.71;982.11;642.79;2016-04-16;ELEC;S08;0;0.0;0.0;
T01099;1;K9011;kitchen_chair;fabric;4;100.66;84.59;55.36;2016-02-04;KITC;S03;0;0.0;0.0;
T01100;1;D2001;dining_table;oak;1;878.66;738.37;483.26;2015-08-18;DINI;S04;0;0.0;0.0;
T01100;2;D2011;dining_chair;fabric;6;115.85;97.36;63.72;2015-08-18;DINI;S03;0;0.0;0.0;
T01101;1;O4030;filing_cabinet;metal;1;261.63;219.85;143.89;2015-10-09;OFFI;S07;0;0.0;0.0;
T01102;1;L1001;sofa;harmony;1;1225.3;1029.66;673.91;2017-06-21;LIVI;S01;2;127.02;0.1037;A
T01102;2;L1020;coffee_table;oak;1;366.42;307.91;201.53;2017-06-21;LIVI;S04;0;0.0;0.0;
T01102;3;D2012;dining_chair;leather;4;194.07;163.08;106.74;2017-06-21;DINI;S01;0;0.0;0.0;
T01103;1;K9011;kitchen_chair;fabric;1;94.81;79.67;52.15;2015-08-30;KITC;S03;0;0.0;0.0;
T01103;2;B3002;bed;milano;1;1675.26;1407.79;921.4;2015-08-30;BEDR;S01;0;0.0;0.0;
T01103;3;L1010;armchair;harmony;1;610.43;512.97;335.74;2015-08-30;LIVI;S01;0;0.0;0.0;
T01104;1;G5010;table_lamp;luna;1;79.99;67.22;44.0;2016-07-08;LIGH;S03;0;0.0;0.0;
T01105;1;E6011;soundbar;premium;1;402.64;338.35;221.45;2016-11-17;ELEC;S08;0;0.0;0.0;
T01106;1;D2003;dining_table;kompakt;1;587.33;493.55;323.03;2015-11-14;DINI;S02;0;0.0;0.0;
T01106;2;D2010;dining_chair;oak;6;150.9;126.81;83.0;2015-11-14;DINI;S04;0;0.0;0.0;
T01107;1;L1011;armchair;luna;1;449.4;377.65;247.17;2017-02-17;LIVI;S03;0;0.0;0.0;
T01108;1;C7030;curtain;linen;1;79.33;66.66;43.63;2016-07-08;DECO;S05;0;0.0;0.0;
T01109;1;B3031;nightstand;kompakt;1;121.47;102.07;66.81;2016-06-28;BEDR;S02;0;0.0;0.0;
T01109;2;D2031;table_extension;walnut;1;156.24;131.3;85.93;2016-06-28;DINI;S04;2;18.18;0.1163;K
T01109;3;S8020;shoe_rack;compact;1;109.26;91.82;60.09;2016-06-28;STOR;S02;0;0.0;0.0;
T01110;1;G5011;table_lamp;modern;1;51.05;42.9;28.08;2015-07-29;LIGH;S05;0;0.0;0.0;
T01110;2;B3040;wardrobe;harmony;1;1113.2;935.46;612.26;2015-07-29;BEDR;S01;0;0.0;0.0;
T01111;1;L1030;side_table;oak;1;117.37;98.63;64.56;2016-01-18;LIVI;S04;0;0.0;0.0;
T01112;1;G5011;table_lamp;modern;1;49.61;41.69;27.29;2015-11-02;LIGH;S05;0;0.0;0.0;
T01112;2;L1021;coffee_table;glass;1;280.58;235.78;154.32;2015-11-02;LIVI;S04;0;0.0;0.0;
T01113;1;C7030;curtain;linen;1;80.05;67.26;44.02;2016-07-16;DECO;S05;0;0.0;0.0;
T01114;1;B3003;bed;kompakt;1;717.06;602.57;394.38;2015-07-17;BEDR;S02;0;0.0;0.0;
T01114;2;B3031;nightstand;kompakt;1;115.72;97.25;63.65;2015-07-17;BEDR;S02;0;0.0;0.0;
T01114;3;B3020;headboard;harmony;1;287.64;241.71;158.2;2015-07-17;BEDR;S01;1;23.76;0.0826;B
T01115;1;C7001;mirror;round;1;121.67;102.24;66.92;2015-11-23;DECO;S05;0;0.0;0.0;
T01116;1;K9011;kitchen_chair;fabric;2;98.85;83.07;54.37;2016-07-21;KITC;S03;0;0.0;0.0;
T01117;1;E6020;speakers;stereo;1;179.52;150.86;98.74;2017-02-12;ELEC;S08;0;0.0;0.0;
T01118;1;G5031;led_strip;basic;1;18.4;15.46;10.12;2016-03-09;LIGH;S08;1;1.85;0.1007;A
T01119;1;U1010;garden_table;rattan;1;291.06;244.59;160.08;2016-07-20;OUTD;S09;0;0.0;0.0;
T01119;2;U1002;garden_chair;metal;2;84.64;71.13;46.55;2016-07-20;OUTD;S09;0;0.0;0.0;
T01120;1;E6002;tv;smart65;1;1223.07;1027.79;672.69;2015-10-12;ELEC;S08;0;0.0;0.0;
T01120;2;E6011;soundbar;premium;1;393.45;330.63;216.4;2015-10-12;ELEC;S08;1;45.69;0.1161;B
T01120;3;C7001;mirror;round;1;122.44;102.89;67.34;2015-10-12;DECO;S05;2;10.37;0.0847;K
T01121;1;G5010;table_lamp;luna;1;81.44;68.44;44.79;2016-02-21;LIGH;S03;0;0.0;0.0;
T01122;1;E6011;soundbar;premium;1;414.75;348.53;228.11;2017-01-29;ELEC;S08;0;0.0;0.0;
T01123;1;S8010;cabinet;oak;1;545.08;458.05;299.8;2016-02-01;STOR;S04;0;0.0;0.0;
T01124;1;B3011;mattress;premium;1;868.71;730.01;477.79;2015-12-21;BEDR;S06;0;0.0;0.0;
T01124;2;C7010;vase;ceramic;2;40.25;33.82;22.14;2015-12-21;DECO;S05;0;0.0;0.0;
T01125;1;L1003;sofa;kompakt;1;825.75;693.9;454.16;2015-11-24;LIVI;S02;0;0.0;0.0;
T01125;2;D2010;dining_chair;oak;4;155.94;131.04;85.77;2015-11-24;DINI;S04;2;29.41;0.1886;K
T01126;1;D2010;dining_chair;oak;4;147.57;124.01;81.16;2017-03-28;DINI;S04;0;0.0;0.0;
T01126;2;U1001;garden_chair;rattan;2;113.38;95.28;62.36;2017-03-28;OUTD;S09;2;10.6;0.0935;K
T01126;3;O4002;desk;compact;1;236.69;198.9;130.18;2017-03-28;OFFI;S02;1;32.27;0.1363;A
T01126;4;O4010;office_chair;ergo;1;334.88;281.41;184.18;2017-03-28;OFFI;S07;0;0.0;0.0;
T01127;1;L1051;rug;shaggy;1;297.95;250.38;163.87;2015-08-12;LIVI;S05;0;0.0;0.0;
T01127;2;L1003;sofa;kompakt;1;771.29;648.14;424.21;2015-08-12;LIVI;S02;0;0.0;0.0;
T01128;1;L1003;sofa;kompakt;1;819.39;688.56;450.66;2016-05-23;LIVI;S02;1;105.68;0.129;B
T01128;2;L1021;coffee_table;glass;1;287.74;241.8;158.26;2016-05-23;LIVI;S04;0;0.0;0.0;
T01129;1;K9001;kitchen_table;oak;1;448.45;376.85;246.65;2016-09-20;KITC;S04;0;0.0;0.0;
T01130;1;S8020;shoe_rack;compact;1;111.51;93.7;61.33;2016-10-09;STOR;S02;2;13.64;0.1223;A
T01131;1;O4011;office_chair;basic;1;176.79;148.57;97.24;2015-08-05;OFFI;S07;2;13.51;0.0764;A
T01131;2;D2003;dining_table;kompakt;1;573.66;482.07;315.51;2015-08-05;DINI;S02;0;0.0;0.0;
T01131;3;D2011;dining_chair;fabric;1;115.2;96.8;63.36;2015-08-05;DINI;S03;0;0.0;0.0;
T01132;1;B3031;nightstand;kompakt;2;120.71;101.43;66.39;2016-01-18;BEDR;S02;0;0.0;0.0;
T01133;1;C7020;picture_frame;wood;3;18.3;15.38;10.07;2016-10-25;DECO;S05;2;3.36;0.1838;A
T01133;2;K9010;kitchen_chair;oak;1;120.24;101.04;66.13;2016-10-25;KITC;S04;0;0.0;0.0;
T01134;1;E6020;speakers;stereo;1;171.42;144.05;94.28;2016-02-20;ELEC;S08;0;0.0;0.0;
T01135;1;L1002;sofa;milano;1;1754.04;1473.98;964.72;2016-07-05;LIVI;S01;0;0.0;0.0;
T01136;1;E6002;tv;smart65;1;1232.29;1035.54;677.76;2017-04-06;ELEC;S08;0;0.0;0.0;
T01136;2;E6010;soundbar;compact;1;239.49;201.26;131.72;2017-04-06;ELEC;S08;0;0.0;0.0;
T01136;3;O4010;office_chair;ergo;1;355.75;298.95;195.66;2017-04-06;OFFI;S07;0;0.0;0.0;
T01137;1;B3040;wardrobe;harmony;1;1143.28;960.74;628.81;2016-04-22;BEDR;S01;0;0.0;0.0;
T01137;2;D2001;dining_table;oak;1;864.91;726.82;475.7;2016-04-22;DINI;S04;0;0.0;0.0;
T01137;3;D2011;dining_chair;fabric;1;115.33;96.92;63.43;2016-04-22;DINI;S03;0;0.0;0.0;
T01137;4;D2030;table_extension;oak;1;113.26;95.18;62.29;2016-04-22;DINI;S04;0;0.0;0.0;
T01138;1;L1003;sofa;kompakt;1;820.39;689.41;451.22;2015-11-10;LIVI;S02;0;0.0;0.0;
T01138;2;L1011;armchair;luna;1;443.68;372.84;244.03;2015-11-10;LIVI;S03;0;0.0;0.0;
T01138;3;D2001;dining_table;oak;1;859.04;721.88;472.47;2015-11-10;DINI;S04;2;65.43;0.0762;A
T01138;4;D2020;sideboard;oak;1;616.9;518.4;339.29;2015-11-10;DINI;S04;0;0.0;0.0;
T01139;1;S8010;cabinet;oak;1;542.73;456.08;298.5;2015-07-20;STOR;S04;0;0.0;0.0;
T01139;2;K9001;kitchen_table;oak;1;467.39;392.76;257.06;2015-07-20;KITC;S04;0;0.0;0.0;
T01139;3;K9010;kitchen_chair;oak;2;119.18;100.15;65.55;2015-07-20;KITC;S04;0;0.0;0.0;
T01140;1;E6001;tv;smart55;1;772.66;649.3;424.97;2015-11-18;ELEC;S08;0;0.0;0.0;
T01141;1;S8001;dresser;harmony;1;374.82;314.98;206.15;2015-12-12;STOR;S01;0;0.0;0.0;
T01141;2;O4011;office_chair;basic;1;170.7;143.44;93.88;2015-12-12;OFFI;S07;0;0.0;0.0;
T01141;3;D2001;dining_table;oak;1;916.82;770.43;504.25;2015-12-12;DINI;S04;0;0.0;0.0;
T01141;4;D2011;dining_chair;fabric;2;114.31;96.06;62.87;2015-12-12;DINI;S03;0;0.0;0.0;
T01141;5;D2030;table_extension;oak;1;120.89;101.59;66.49;2015-12-12;DINI;S04;0;0.0;0.0;
T01142;1;B3031;nightstand;kompakt;2;113.76;95.6;62.57;2016-03-12;BEDR;S02;1;6.35;0.0558;B
T01143;1;L1001;sofa;harmony;1;1160.07;974.85;638.04;2017-05-16;LIVI;S01;0;0.0;0.0;
T01143;2;L1011;armchair;luna;1;437.21;367.41;240.47;2017-05-16;LIVI;S03;0;0.0;0.0;
T01143;3;L1051;rug;shaggy;1;303.38;254.94;166.86;2017-05-16;LIVI;S05;0;0.0;0.0;
T01143;4;D2003;dining_table;kompakt;1;582.55;489.54;320.4;2017-05-16;DINI;S02;1;72.72;0.1248;B
T01143;5;D2010;dining_chair;oak;4;142.13;119.44;78.17;2017-05-16;DINI;S04;1;15.28;0.1075;M
T01144;1;L1001;sofa;harmony;1;1222.13;1027.0;672.17;2016-07-03;LIVI;S01;1;88.66;0.0725;B
T01144;2;C7020;picture_frame;wood;3;19.0;15.97;10.45;2016-07-03;DECO;S05;0;0.0;0.0;
T01145;1;E6001;tv;smart55;1;827.68;695.53;455.23;2015-11-25;ELEC;S08;0;0.0;0.0;
T01146;1;K9010;kitchen_chair;oak;2;116.68;98.05;64.18;2016-08-29;KITC;S04;0;0.0;0.0;
T01147;1;B3003;bed;kompakt;1;718.72;603.97;395.3;2016-10-06;BEDR;S02;2;107.58;0.1497;K
T01147;2;B3011;mattress;premium;1;925.45;777.69;509.0;2016-10-06;BEDR;S06;0;0.0;0.0;
T01147;3;B3030;nightstand;harmony;1;182.24;153.14;100.23;2016-10-06;BEDR;S01;0;0.0;0.0;
T01148;1;D2001;dining_table;oak;1;935.24;785.92;514.38;2015-07-25;DINI;S04;0;0.0;0.0;
T01148;2;D2030;table_extension;oak;1;122.41;102.86;67.32;2015-07-25;DINI;S04;0;0.0;0.0;
T01148;3;G5020;ceiling_light;modern;1;165.77;139.3;91.17;2015-07-25;LIGH;S05;0;0.0;0.0;
T01149;1;D2002;dining_table;walnut;1;1322.43;1111.28;727.33;2016-12-30;DINI;S04;0;0.0;0.0;
T01149;2;D2011;dining_chair;fabric;4;114.65;96.34;63.06;2016-12-30;DINI;S03;0;0.0;0.0;
T01149;3;D2031;table_extension;walnut;1;146.55;123.15;80.6;2016-12-30;DINI;S04;0;0.0;0.0;
T01150;1;B3020;headboard;harmony;1;292.29;245.63;160.76;2017-02-18;BEDR;S01;0;0.0;0.0;
T01151;1;B3001;bed;harmony;1;1152.24;968.27;633.73;2016-08-17;BEDR;S01;0;0.0;0.0;
T01151;2;B3010;mattress;comfort;1;607.53;510.53;334.14;2016-08-17;BEDR;S06;0;0.0;0.0;
T01152;1;E6001;tv;smart55;1;760.0;638.66;418.0;2015-07-08;ELEC;S08;2;106.22;0.1398;K
T01152;2;E6020;speakers;stereo;1;187.22;157.32;102.97;2015-07-08;ELEC;S08;0;0.0;0.0;
T01153;1;C7030;curtain;linen;1;77.7;65.29;42.73;2016-09-17;DECO;S05;0;0.0;0.0;
T01154;1;B3001;bed;harmony;1;1085.09;911.84;596.8;2016-06-23;BEDR;S01;0;0.0;0.0;
T01154;2;B3010;mattress;comfort;1;612.22;514.47;336.72;2016-06-23;BEDR;S06;0;0.0;0.0;
T01155;1;D2001;dining_table;oak;1;882.72;741.78;485.49;2016-03-10;DINI;S04;0;0.0;0.0;
T01155;2;D2010;dining_chair;oak;4;142.2;119.5;78.21;2016-03-10;DINI;S04;0;0.0;0.0;
T01155;3;D2030;table_extension;oak;1;124.18;104.35;68.3;2016-03-10;DINI;S04;0;0.0;0.0;
T01156;1;C7030;curtain;linen;1;80.78;67.88;44.43;2017-06-24;DECO;S05;0;0.0;0.0;
T01157;1;D2010;dining_chair;oak;6;144.75;121.64;79.61;2016-10-07;DINI;S04;0;0.0;0.0;
T01158;1;L1041;ottoman;kompakt;1;160.22;134.64;88.12;2015-11-02;LIVI;S02;0;0.0;0.0;
T01158;2;G5010;table_lamp;luna;2;75.92;63.8;41.76;2015-11-02;LIGH;S03;2;14.52;0.1913;K
T01159;1;G5001;floor_lamp;luna;1;119.43;100.36;65.69;2016-03-11;LIGH;S03;0;0.0;0.0;
T01160;1;B3040;wardrobe;harmony;1;1116.44;938.19;614.04;2017-04-16;BEDR;S01;0;0.0;0.0;
T01161;1;G5011;table_lamp;modern;2;50.01;42.02;27.5;2016-11-18;LIGH;S05;0;0.0;0.0;
T01162;1;L1001;sofa;harmony;1;1140.71;958.58;627.39;2016-06-09;LIVI;S01;0;0.0;0.0;
T01163;1;U1010;garden_table;rattan;1;301.16;253.08;165.64;2017-01-06;OUTD;S09;1;27.0;0.0896;M
T01163;2;L1010;armchair;harmony;1;626.56;526.52;344.61;2017-01-06;LIVI;S01;0;0.0;0.0;
T01164;1;B3040;wardrobe;harmony;1;1062.64;892.98;584.45;2016-02-03;BEDR;S01;0;0.0;0.0;
T01164;2;D2012;dining_chair;leather;4;192.53;161.79;105.89;2016-02-03;DINI;S01;0;0.0;0.0;
T01164;3;C7010;vase;ceramic;2;39.06;32.82;21.48;2016-02-03;DECO;S05;0;0.0;0.0;
T01165;1;L1021;coffee_table;glass;1;284.5;239.07;156.47;2015-09-16;LIVI;S04;0;0.0;0.0;
T01165;2;G5010;table_lamp;luna;1;78.98;66.37;43.44;2015-09-16;LIGH;S03;0;0.0;0.0;
T01165;3;C7010;vase;ceramic;1;37.63;31.63;20.7;2015-09-16;DECO;S05;0;0.0;0.0;
T01166;1;G5010;table_lamp;luna;2;76.15;63.99;41.88;2015-09-23;LIGH;S03;0;0.0;0.0;
T01167;1;U1010;garden_table;rattan;1;292.56;245.85;160.91;2017-03-27;OUTD;S09;0;0.0;0.0;
T01167;2;G5030;led_strip;smart;1;40.74;34.24;22.41;2017-03-27;LIGH;S08;1;3.5;0.0859;B
T01168;1;D2011;dining_chair;fabric;6;113.18;95.11;62.25;2016-03-29;DINI;S03;0;0.0;0.0;
T01169;1;O4002;desk;compact;1;239.7;201.43;131.84;2016-10-17;OFFI;S02;0;0.0;0.0;
T01169;2;O4010;office_chair;ergo;1;342.09;287.47;188.15;2016-10-17;OFFI;S07;0;0.0;0.0;
T01169;3;O4020;bookshelf;oak;1;260.21;218.66;143.11;2016-10-17;OFFI;S04;0;0.0;0.0;
T01170;1;B3002;bed;milano;1;1552.68;1304.78;853.98;2017-05-20;BEDR;S01;0;0.0;0.0;
T01170;2;B3030;nightstand;harmony;2;176.53;148.35;97.09;2017-05-20;BEDR;S01;0;0.0;0.0;
T01171;1;S8020;shoe_rack;compact;1;105.05;88.28;57.78;2017-04-16;STOR;S02;0;0.0;0.0;
T01172;1;K9002;kitchen_table;kompakt;1;304.26;255.68;167.34;2015-07-06;KITC;S02;0;0.0;0.0;
T01172;2;K9010;kitchen_chair;oak;6;113.57;95.44;62.47;2015-07-06;KITC;S04;0;0.0;0.0;
T01173;1;D2030;table_extension;oak;1;122.46;102.91;67.35;2016-05-19;DINI;S04;0;0.0;0.0;
T01174;1;E6011;soundbar;premium;1;401.42;337.33;220.78;2016-03-13;ELEC;S08;0;0.0;0.0;
T01175;1;L1020;coffee_table;oak;1;362.71;304.8;199.49;2016-07-07;LIVI;S04;0;0.0;0.0;
T01175;2;K9010;kitchen_chair;oak;4;116.83;98.18;64.26;2016-07-07;KITC;S04;1;8.05;0.0689;B
T01175;3;S8001;dresser;harmony;1;368.39;309.57;202.61;2016-07-07;STOR;S01;0;0.0;0.0;
T01176;1;E6010;soundbar;compact;1;253.01;212.61;139.15;2016-04-23;ELEC;S08;1;28.07;0.111;A
T01177;1;L1003;sofa;kompakt;1;776.57;652.58;427.11;2017-03-17;LIVI;S02;1;48.06;0.0619;A
T01177;2;L1020;coffee_table;oak;1;342.19;287.55;188.2;2017-03-17;LIVI;S04;0;0.0;0.0;
T01178;1;K9021;bar_stool;metal;1;110.99;93.27;61.04;2017-01-26;KITC;S07;0;0.0;0.0;
T01179;1;C7002;mirror;framed;1;167.67;140.9;92.22;2015-07-01;DECO;S05;0;0.0;0.0;
T01179;2;E6020;speakers;stereo;1;182.61;153.45;100.44;2015-07-01;ELEC;S08;0;0.0;0.0;
T01180;1;D2001;dining_table;oak;1;916.84;770.46;504.26;2015-07-29;DINI;S04;0;0.0;0.0;
T01180;2;D2010;dining_chair;oak;4;151.43;127.25;83.29;2015-07-29;DINI;S04;0;0.0;0.0;
T01180;3;D2030;table_extension;oak;1;121.85;102.4;67.02;2015-07-29;DINI;S04;0;0.0;0.0;
T01180;4;D2020;sideboard;oak;1;664.45;558.36;365.45;2015-07-29;DINI;S04;0;0.0;0.0;
T01180;5;O4002;desk;compact;1;238.13;200.11;130.97;2015-07-29;OFFI;S02;0;0.0;0.0;
T01180;6;O4020;bookshelf;oak;1;249.69;209.82;137.33;2015-07-29;OFFI;S04;0;0.0;0.0;
T01181;1;D2020;sideboard;oak;1;667.27;560.73;367.0;2016-07-08;DINI;S04;0;0.0;0.0;
T01182;1;L1050;rug;berber;1;187.13;157.25;102.92;2016-09-27;LIVI;S05;0;0.0;0.0;
T01183;1;L1001;sofa;harmony;1;1185.68;996.37;652.13;2017-02-20;LIVI;S01;0;0.0;0.0;
T01183;2;L1020;coffee_table;oak;1;364.03;305.91;200.22;2017-02-20;LIVI;S04;0;0.0;0.0;
T01184;1;K9001;kitchen_table;oak;1;466.43;391.96;256.54;2015-09-22;KITC;S04;0;0.0;0.0;
T01184;2;K9011;kitchen_chair;fabric;2;103.1;86.64;56.7;2015-09-22;KITC;S03;0;0.0;0.0;
T01185;1;U1010;garden_table;rattan;1;298.2;250.59;164.01;2017-06-17;OUTD;S09;0;0.0;0.0;
T01185;2;U1001;garden_chair;rattan;4;115.71;97.23;63.64;2017-06-17;OUTD;S09;0;0.0;0.0;
T01186;1;O4020;bookshelf;oak;1;241.23;202.71;132.68;2015-12-21;OFFI;S04;0;0.0;0.0;
T01187;1;C7001;mirror;round;1;113.6;95.46;62.48;2017-03-14;DECO;S05;2;17.12;0.1507;A
T01188;1;B3011;mattress;premium;1;934.09;784.95;513.75;2017-03-09;BEDR;S06;1;93.32;0.0999;B
T01188;2;L1051;rug;shaggy;1;293.18;246.37;161.25;2017-03-09;LIVI;S05;0;0.0;0.0;
T01189;1;C7030;curtain;linen;1;75.53;63.47;41.54;2015-09-30;DECO;S05;0;0.0;0.0;
T01190;1;B3010;mattress;comfort;1;628.19;527.89;345.51;2016-06-05;BEDR;S06;0;0.0;0.0;
T01191;1;O4011;office_chair;basic;1;179.88;151.16;98.93;2016-12-22;OFFI;S07;1;19.88;0.1105;A
T01192;1;L1021;coffee_table;glass;1;265.79;223.35;146.19;2016-07-06;LIVI;S04;0;0.0;0.0;
T01193;1;U1020;parasol;basic;1;117.17;98.46;64.44;2016-09-29;OUTD;S09;0;0.0;0.0;
T01193;2;S8020;shoe_rack;compact;1;114.17;95.94;62.79;2016-09-29;STOR;S02;0;0.0;0.0;
T01194;1;C7030;curtain;linen;1;76.82;64.55;42.25;2016-08-22;DECO;S05;0;0.0;0.0;
T01195;1;L1001;sofa;harmony;1;1240.39;1042.34;682.21;2016-03-12;LIVI;S01;0;0.0;0.0;
T01195;2;L1020;coffee_table;oak;1;331.82;278.84;182.5;2016-03-12;LIVI;S04;0;0.0;0.0;
T01196;1;K9010;kitchen_chair;oak;6;116.74;98.1;64.21;2015-12-07;KITC;S04;0;0.0;0.0;
T01197;1;U1002;garden_chair;metal;4;88.04;73.98;48.42;2016-05-23;OUTD;S09;0;0.0;0.0;
T01198;1;O4010;office_chair;ergo;1;344.09;289.15;189.25;2017-01-15;OFFI;S07;0;0.0;0.0;
T01199;1;B3031;nightstand;kompakt;2;118.66;99.72;65.26;2016-05-23;BEDR;S02;0;0.0;0.0;
T01200;1;B3030;nightstand;harmony;2;184.79;155.28;101.63;2016-01-09;BEDR;S01;0;0.0;0.0;
T01200;2;G5011;table_lamp;modern;1;49.88;41.92;27.43;2016-01-09;LIGH;S05;0;0.0;0.0;
T01201;1;C7030;curtain;linen;1;78.98;66.37;43.44;2017-01-10;DECO;S05;2;6.74;0.0853;A
T01202;1;L1020;coffee_table;oak;1;356.88;299.9;196.29;2017-02-07;LIVI;S04;0;0.0;0.0;
T01203;1;O4002;desk;compact;1;237.09;199.24;130.4;2015-07-15;OFFI;S02;0;0.0;0.0;
T01203;2;O4010;office_chair;ergo;1;358.19;301.0;197.01;2015-07-15;OFFI;S07;0;0.0;0.0;
T01203;3;O4020;bookshelf;oak;1;252.37;212.08;138.8;2015-07-15;OFFI;S04;0;0.0;0.0;
T01204;1;L1051;rug;shaggy;1;301.28;253.18;165.7;2016-12-02;LIVI;S05;0;0.0;0.0;
T01204;2;K9021;bar_stool;metal;1;110.6;92.94;60.83;2016-12-02;KITC;S07;0;0.0;0.0;
T01205;1;L1003;sofa;kompakt;1;805.77;677.12;443.17;2015-10-13;LIVI;S02;0;0.0;0.0;
T01205;2;L1030;side_table;oak;1;115.44;97.01;63.49;2015-10-13;LIVI;S04;0;0.0;0.0;
T01205;3;B3031;nightstand;kompakt;2;120.75;101.47;66.41;2015-10-13;BEDR;S02;0;0.0;0.0;
T01206;1;L1001;sofa;harmony;1;1149.07;965.6;631.99;2017-01-02;LIVI;S01;0;0.0;0.0;
T01206;2;L1020;coffee_table;oak;1;356.86;299.88;196.27;2017-01-02;LIVI;S04;0;0.0;0.0;
T01207;1;L1050;rug;berber;1;184.54;155.08;101.5;2016-07-05;LIVI;S05;0;0.0;0.0;
T01208;1;L1020;coffee_table;oak;1;352.87;296.53;194.08;2016-05-16;LIVI;S04;0;0.0;0.0;
T01208;2;B3010;mattress;comfort;1;606.57;509.72;333.61;2016-05-16;BEDR;S06;0;0.0;0.0;
T01209;1;B3031;nightstand;kompakt;2;115.8;97.31;63.69;2016-06-20;BEDR;S02;1;16.42;0.1418;M
T01210;1;D2011;dining_chair;fabric;6;120.41;101.19;66.23;2016-05-03;DINI;S03;0;0.0;0.0;
T01211;1;S8020;shoe_rack;compact;1;104.06;87.45;57.23;2016-11-19;STOR;S02;0;0.0;0.0;
T01212;1;B3020;headboard;harmony;1;270.56;227.36;148.81;2015-07-27;BEDR;S01;0;0.0;0.0;
T01212;2;C7001;mirror;round;1;122.33;102.8;67.28;2015-07-27;DECO;S05;0;0.0;0.0;
T01213;1;B3002;bed;milano;1;1656.91;1392.36;911.3;2016-04-24;BEDR;S01;0;0.0;0.0;
T01213;2;B3011;mattress;premium;1;872.0;732.77;479.6;2016-04-24;BEDR;S06;0;0.0;0.0;
T01213;3;B3020;headboard;harmony;1;272.17;228.71;149.69;2016-04-24;BEDR;S01;0;0.0;0.0;
T01214;1;O4010;office_chair;ergo;1;345.43;290.28;189.99;2015-11-05;OFFI;S07;0;0.0;0.0;
T01214;2;C7030;curtain;linen;1;78.87;66.28;43.38;2015-11-05;DECO;S05;0;0.0;0.0;
T01215;1;K9011;kitchen_chair;fabric;1;94.74;79.61;52.11;2016-12-28;KITC;S03;2;13.78;0.1455;A
T01215;2;L1003;sofa;kompakt;1;779.28;654.86;428.61;2016-12-28;LIVI;S02;0;0.0;0.0;
T01215;3;G5011;table_lamp;modern;2;48.7;40.92;26.78;2016-12-28;LIGH;S05;1;6.67;0.1369;A
T01216;1;E6001;tv;smart55;1;763.22;641.36;419.77;2016-03-08;ELEC;S08;0;0.0;0.0;
T01217;1;C7010;vase;ceramic;1;37.12;31.19;20.41;2017-01-26;DECO;S05;0;0.0;0.0;
T01217;2;O4020;bookshelf;oak;1;250.23;210.28;137.63;2017-01-26;OFFI;S04;0;0.0;0.0;
T01218;1;L1041;ottoman;kompakt;1;165.66;139.21;91.12;2016-09-23;LIVI;S02;0;0.0;0.0;
T01219;1;G5020;ceiling_light;modern;1;176.64;148.44;97.15;2016-11-22;LIGH;S05;1;22.07;0.1249;A
T01220;1;B3030;nightstand;harmony;2;181.73;152.71;99.95;2015-11-01;BEDR;S01;0;0.0;0.0;
T01220;2;B3010;mattress;comfort;1;599.56;503.83;329.76;2015-11-01;BEDR;S06;0;0.0;0.0;
T01221;1;L1003;sofa;kompakt;1;800.48;672.67;440.26;2015-07-15;LIVI;S02;2;151.13;0.1888;A
T01221;2;L1050;rug;berber;1;182.58;153.43;100.42;2015-07-15;LIVI;S05;0;0.0;0.0;
T01221;3;E6030;dvd_player;basic;1;67.23;56.49;36.98;2015-07-15;ELEC;S08;0;0.0;0.0;
T01222;1;O4011;office_chair;basic;1;180.01;151.27;99.01;2016-06-11;OFFI;S07;0;0.0;0.0;
T01223;1;D2001;dining_table;oak;1;860.62;723.21;473.34;2016-11-06;DINI;S04;0;0.0;0.0;
T01223;2;D2031;table_extension;walnut;1;154.11;129.5;84.76;2016-11-06;DINI;S04;0;0.0;0.0;
T01224;1;O4001;desk;oak;1;386.01;324.38;212.31;2017-05-06;OFFI;S04;0;0.0;0.0;
T01224;2;O4020;bookshelf;oak;1;244.63;205.58;134.55;2017-05-06;OFFI;S04;1;26.15;0.1069;B
T01225;1;B3010;mattress;comfort;1;618.05;519.37;339.93;2016-07-11;BEDR;S06;0;0.0;0.0;
T01226;1;B3010;mattress;comfort;1;574.25;482.57;315.84;2016-04-27;BEDR;S06;0;0.0;0.0;
T01227;1;B3010;mattress;comfort;1;597.16;501.82;328.44;2017-01-16;BEDR;S06;0;0.0;0.0;
T01228;1;O4020;bookshelf;oak;1;238.12;200.1;130.97;2016-01-03;OFFI;S04;0;0.0;0.0;
T01228;2;L1021;coffee_table;glass;1;282.25;237.18;155.23;2016-01-03;LIVI;S04;0;0.0;0.0;
T01228;3;O4010;office_chair;ergo;1;359.55;302.14;197.75;2016-01-03;OFFI;S07;0;0.0;0.0;
T01229;1;D2001;dining_table;oak;1;892.87;750.31;491.08;2016-11-11;DINI;S04;0;0.0;0.0;
T01229;2;D2010;dining_chair;oak;2;155.47;130.65;85.51;2016-11-11;DINI;S04;1;19.71;0.1268;B
T01229;3;K9002;kitchen_table;kompakt;1;289.86;243.58;159.43;2016-11-11;KITC;S02;1;18.61;0.0642;A
T01230;1;B3001;bed;harmony;1;1092.48;918.05;600.87;2016-07-08;BEDR;S01;1;117.78;0.1078;B
T01230;2;B3011;mattress;premium;1;898.7;755.21;494.28;2016-07-08;BEDR;S06;0;0.0;0.0;
T01231;1;L1003;sofa;kompakt;1;764.82;642.7;420.65;2016-11-18;LIVI;S02;2;140.66;0.1839;A
T01231;2;L1050;rug;berber;1;189.9;159.58;104.45;2016-11-18;LIVI;S05;0;0.0;0.0;
T01231;3;G5011;table_lamp;modern;1;50.63;42.55;27.85;2016-11-18;LIGH;S05;0;0.0;0.0;
T01232;1;G5011;table_lamp;modern;1;50.55;42.48;27.8;2016-09-03;LIGH;S05;0;0.0;0.0;
T01233;1;D2001;dining_table;oak;1;916.79;770.41;504.23;2017-06-14;DINI;S04;0;0.0;0.0;
T01233;2;D2011;dining_chair;fabric;4;118.74;99.78;65.31;2017-06-14;DINI;S03;0;0.0;0.0;
T01233;3;D2020;sideboard;oak;1;662.1;556.39;364.15;2017-06-14;DINI;S04;2;110.36;0.1667;A
T01234;1;O4030;filing_cabinet;metal;1;256.36;215.43;141.0;2015-12-11;OFFI;S07;0;0.0;0.0;
T01235;1;L1051;rug;shaggy;1;306.69;257.72;168.68;2016-10-20;LIVI;S05;1;32.95;0.1074;A
T01235;2;D2011;dining_chair;fabric;4;121.98;102.5;67.09;2016-10-20;DINI;S03;0;0.0;0.0;
T01236;1;B3031;nightstand;kompakt;2;121.35;101.98;66.75;2016-06-30;BEDR;S02;0;0.0;0.0;
T01236;2;C7030;curtain;linen;1;81.59;68.56;44.87;2016-06-30;DECO;S05;1;8.0;0.098;B
T01237;1;S8020;shoe_rack;compact;1;104.31;87.65;57.37;2016-02-01;STOR;S02;0;0.0;0.0;
T01238;1;C7020;picture_frame;wood;2;19.2;16.13;10.56;2017-06-20;DECO;S05;1;2.59;0.1347;A
T01239;1;B3003;bed;kompakt;1;759.9;638.57;417.95;2017-01-09;BEDR;S02;0;0.0;0.0;
T01239;2;B3011;mattress;premium;1;928.7;780.42;510.79;2017-01-09;BEDR;S06;0;0.0;0.0;
T01239;3;B3031;nightstand;kompakt;2;115.14;96.76;63.33;2017-01-09;BEDR;S02;0;0.0;0.0;
T01240;1;B3040;wardrobe;harmony;1;1152.48;968.47;633.86;2016-11-18;BEDR;S01;2;182.07;0.158;A
T01240;2;L1001;sofa;harmony;1;1212.41;1018.83;666.83;2016-11-18;LIVI;S01;0;0.0;0.0;
T01240;3;L1010;armchair;harmony;1;622.75;523.32;342.51;2016-11-18;LIVI;S01;0;0.0;0.0;
T01240;4;L1050;rug;berber;1;180.22;151.44;99.12;2016-11-18;LIVI;S05;0;0.0;0.0;
T01241;1;D2003;dining_table;kompakt;1;598.81;503.2;329.35;2017-06-02;DINI;S02;0;0.0;0.0;
T01241;2;D2010;dining_chair;oak;4;143.93;120.95;79.16;2017-06-02;DINI;S04;0;0.0;0.0;
T01241;3;D2031;table_extension;walnut;1;145.5;122.27;80.03;2017-06-02;DINI;S04;0;0.0;0.0;
T01241;4;C7030;curtain;linen;1;76.46;64.25;42.05;2017-06-02;DECO;S05;0;0.0;0.0;
T01241;5;L1002;sofa;milano;1;1792.88;1506.62;986.08;2017-06-02;LIVI;S01;0;0.0;0.0;
T01242;1;B3031;nightstand;kompakt;2;115.6;97.15;63.58;2017-06-19;BEDR;S02;0;0.0;0.0;
T01242;2;K9020;bar_stool;oak;1;140.89;118.39;77.49;2017-06-19;KITC;S04;0;0.0;0.0;
T01242;3;L1050;rug;berber;1;184.26;154.84;101.34;2017-06-19;LIVI;S05;0;0.0;0.0;
T01243;1;C7020;picture_frame;wood;1;18.85;15.84;10.37;2016-08-29;DECO;S05;0;0.0;0.0;
T01244;1;L1040;ottoman;luna;1;227.44;191.13;125.09;2017-02-05;LIVI;S03;0;0.0;0.0;
T01245;1;B3030;nightstand;harmony;2;174.69;146.8;96.08;2016-04-15;BEDR;S01;0;0.0;0.0;
T01246;1;U1020;parasol;basic;1;114.68;96.37;63.08;2016-12-25;OUTD;S09;0;0.0;0.0;
T01246;2;E6030;dvd_player;basic;1;66.76;56.1;36.72;2016-12-25;ELEC;S08;1;8.79;0.1316;M
T01247;1;U1002;garden_chair;metal;2;86.18;72.42;47.4;2016-07-17;OUTD;S09;0;0.0;0.0;
T01248;1;S8010;cabinet;oak;1;535.25;449.79;294.39;2016-01-15;STOR;S04;0;0.0;0.0;
T01249;1;L1003;sofa;kompakt;1;777.35;653.24;427.54;2017-05-18;LIVI;S02;1;69.1;0.0889;B
T01250;1;D2011;dining_chair;fabric;1;121.91;102.44;67.05;2016-08-31;DINI;S03;0;0.0;0.0;
T01250;2;L1020;coffee_table;oak;1;340.8;286.39;187.44;2016-08-31;LIVI;S04;0;0.0;0.0;
T01251;1;L1020;coffee_table;oak;1;346.56;291.23;190.61;2017-06-14;LIVI;S04;0;0.0;0.0;
T01252;1;G5030;led_strip;smart;1;37.21;31.27;20.47;2017-05-30;LIGH;S08;0;0.0;0.0;
T01252;2;O4002;desk;compact;1;253.59;213.1;139.48;2017-05-30;OFFI;S02;0;0.0;0.0;
T01252;3;O4010;office_chair;ergo;1;334.29;280.92;183.86;2017-05-30;OFFI;S07;0;0.0;0.0;
T01253;1;L1020;coffee_table;oak;1;353.72;297.25;194.55;2015-09-17;LIVI;S04;0;0.0;0.0;
T01253;2;E6030;dvd_player;basic;1;71.11;59.75;39.11;2015-09-17;ELEC;S08;0;0.0;0.0;
T01254;1;K9011;kitchen_chair;fabric;2;100.06;84.08;55.03;2016-12-02;KITC;S03;0;0.0;0.0;
T01254;2;L1003;sofa;kompakt;1;830.64;698.02;456.85;2016-12-02;LIVI;S02;0;0.0;0.0;
T01255;1;G5020;ceiling_light;modern;1;167.16;140.47;91.94;2015-12-25;LIGH;S05;0;0.0;0.0;
T01255;2;B3030;nightstand;harmony;1;173.77;146.03;95.58;2015-12-25;BEDR;S01;0;0.0;0.0;
T01256;1;D2010;dining_chair;oak;1;151.91;127.65;83.55;2016-10-04;DINI;S04;2;17.96;0.1182;K
T01257;1;C7020;picture_frame;wood;4;19.12;16.07;10.52;2015-10-16;DECO;S05;0;0.0;0.0;
T01258;1;D2020;sideboard;oak;1;672.17;564.85;369.69;2017-01-11;DINI;S04;0;0.0;0.0;
T01258;2;L1020;coffee_table;oak;1;361.61;303.88;198.89;2017-01-11;LIVI;S04;1;26.39;0.073;B
T01259;1;C7030;curtain;linen;1;75.53;63.47;41.54;2015-08-23;DECO;S05;0;0.0;0.0;
T01260;1;D2003;dining_table;kompakt;1;570.41;479.34;313.73;2016-07-15;DINI;S02;0;0.0;0.0;
T01260;2;D2011;dining_chair;fabric;2;116.77;98.12;64.22;2016-07-15;DINI;S03;0;0.0;0.0;
T01260;3;C7001;mirror;round;1;118.73;99.77;65.3;2016-07-15;DECO;S05;0;0.0;0.0;
T01261;1;G5011;table_lamp;modern;2;51.1;42.94;28.11;2015-12-08;LIGH;S05;0;0.0;0.0;
T01262;1;O4011;office_chair;basic;1;186.73;156.91;102.7;2015-08-18;OFFI;S07;2;21.29;0.114;K
T01262;2;G5001;floor_lamp;luna;1;122.6;103.03;67.43;2015-08-18;LIGH;S03;0;0.0;0.0;
T01263;1;O4001;desk;oak;1;390.85;328.44;214.97;2016-09-24;OFFI;S04;0;0.0;0.0;
T01264;1;K9010;kitchen_chair;oak;2;122.44;102.89;67.34;2016-04-04;KITC;S04;0;0.0;0.0;
T01264;2;D2031;table_extension;walnut;1;149.08;125.28;81.99;2016-04-04;DINI;S04;0;0.0;0.0;
T01265;1;L1021;coffee_table;glass;1;275.56;231.57;151.56;2016-08-11;LIVI;S04;1;31.96;0.116;A
T01265;2;G5001;floor_lamp;luna;1;118.7;99.74;65.28;2016-08-11;LIGH;S03;0;0.0;0.0;
T01266;1;U1001;garden_chair;rattan;2;115.55;97.1;63.55;2017-05-10;OUTD;S09;0;0.0;0.0;
T01266;2;S8010;cabinet;oak;1;573.06;481.57;315.18;2017-05-10;STOR;S04;0;0.0;0.0;
T01267;1;K9011;kitchen_chair;fabric;2;103.83;87.25;57.11;2016-07-15;KITC;S03;0;0.0;0.0;
T01267;2;K9021;bar_stool;metal;1;105.59;88.73;58.08;2016-07-15;KITC;S07;2;16.2;0.1534;K
T01267;3;O4010;office_chair;ergo;1;350.27;294.34;192.65;2016-07-15;OFFI;S07;0;0.0;0.0;
T01268;1;K9021;bar_stool;metal;1;107.96;90.72;59.38;2016-07-12;KITC;S07;0;0.0;0.0;
T01269;1;K9002;kitchen_table;kompakt;1;302.23;253.98;166.23;2016-07-10;KITC;S02;0;0.0;0.0;
T01270;1;D2001;dining_table;oak;1;864.66;726.6;475.56;2016-11-28;DINI;S04;2;76.94;0.089;A
T01270;2;D2011;dining_chair;fabric;6;120.3;101.09;66.16;2016-11-28;DINI;S03;0;0.0;0.0;
T01270;3;D2030;table_extension;oak;1;119.72;100.61;65.85;2016-11-28;DINI;S04;0;0.0;0.0;
T01270;4;D2020;sideboard;oak;1;671.52;564.31;369.34;2016-11-28;DINI;S04;0;0.0;0.0;
T01271;1;C7002;mirror;framed;1;175.91;147.83;96.75;2016-08-17;DECO;S05;0;0.0;0.0;
T01272;1;L1002;sofa;milano;1;1854.3;1558.23;1019.86;2016-03-12;LIVI;S01;0;0.0;0.0;
T01273;1;K9010;kitchen_chair;oak;6;121.02;101.7;66.56;2017-01-21;KITC;S04;0;0.0;0.0;
T01274;1;U1001;garden_chair;rattan;2;117.85;99.04;64.82;2016-03-04;OUTD;S09;0;0.0;0.0;
T01275;1;B3010;mattress;comfort;1;591.68;497.21;325.42;2017-03-12;BEDR;S06;0;0.0;0.0;
T01275;2;U1010;garden_table;rattan;1;313.8;263.7;172.59;2017-03-12;OUTD;S09;0;0.0;0.0;
T01275;3;U1020;parasol;basic;1;123.32;103.63;67.83;2017-03-12;OUTD;S09;1;12.56;0.1018;M
T01275;4;L1001;sofa;harmony;1;1193.69;1003.1;656.53;2017-03-12;LIVI;S01;0;0.0;0.0;
T01276;1;U1001;garden_chair;rattan;4;116.45;97.85;64.05;2016-04-20;OUTD;S09;0;0.0;0.0;
T01277;1;S8001;dresser;harmony;1;374.06;314.34;205.74;2017-03-11;STOR;S01;0;0.0;0.0;
T01277;2;B3011;mattress;premium;1;866.04;727.77;476.32;2017-03-11;BEDR;S06;0;0.0;0.0;
T01278;1;B3003;bed;kompakt;1;742.61;624.04;408.43;2015-12-16;BEDR;S02;0;0.0;0.0;
T01278;2;B3011;mattress;premium;1;874.75;735.08;481.11;2015-12-16;BEDR;S06;0;0.0;0.0;
T01278;3;B3030;nightstand;harmony;1;176.23;148.09;96.93;2015-12-16;BEDR;S01;1;16.42;0.0932;M
T01279;1;B3002;bed;milano;1;1602.2;1346.39;881.21;2016-01-27;BEDR;S01;0;0.0;0.0;
T01279;2;B3031;nightstand;kompakt;2;120.87;101.57;66.48;2016-01-27;BEDR;S02;0;0.0;0.0;
T01279;3;D2012;dining_chair;leather;2;203.15;170.72;111.73;2016-01-27;DINI;S01;0;0.0;0.0;
T01279;4;L1010;armchair;harmony;1;628.87;528.46;345.88;2016-01-27;LIVI;S01;0;0.0;0.0;
T01280;1;O4020;bookshelf;oak;1;250.31;210.35;137.67;2016-05-01;OFFI;S04;0;0.0;0.0;
T01280;2;O4011;office_chair;basic;1;182.19;153.1;100.2;2016-05-01;OFFI;S07;0;0.0;0.0;
T01281;1;C7030;curtain;linen;1;80.36;67.53;44.2;2016-06-15;DECO;S05;0;0.0;0.0;
T01282;1;B3010;mattress;comfort;1;609.01;511.78;334.96;2015-08-01;BEDR;S06;0;0.0;0.0;
T01282;2;L1011;armchair;luna;1;465.5;391.18;256.03;2015-08-01;LIVI;S03;0;0.0;0.0;
T01283;1;B3011;mattress;premium;1;886.57;745.02;487.62;2015-10-26;BEDR;S06;0;0.0;0.0;
T01284;1;O4001;desk;oak;1;385.67;324.09;212.12;2017-02-04;OFFI;S04;0;0.0;0.0;
T01284;2;O4010;office_chair;ergo;1;347.01;291.6;190.86;2017-02-04;OFFI;S07;0;0.0;0.0;
T01285;1;O4010;office_chair;ergo;1;364.86;306.61;200.67;2016-10-08;OFFI;S07;0;0.0;0.0;
T01285;2;L1010;armchair;harmony;1;590.27;496.03;324.65;2016-10-08;LIVI;S01;0;0.0;0.0;
T01286;1;L1011;armchair;luna;1;468.3;393.53;257.57;2017-04-19;LIVI;S03;1;65.86;0.1406;B
T01286;2;D2002;dining_table;walnut;1;1256.2;1055.63;690.91;2017-04-19;DINI;S04;0;0.0;0.0;
T01286;3;D2010;dining_chair;oak;2;152.24;127.93;83.73;2017-04-19;DINI;S04;0;0.0;0.0;
T01287;1;L1030;side_table;oak;1;113.62;95.48;62.49;2016-06-15;LIVI;S04;0;0.0;0.0;
T01287;2;L1021;coffee_table;glass;1;284.32;238.92;156.38;2016-06-15;LIVI;S04;0;0.0;0.0;
T01288;1;D2002;dining_table;walnut;1;1268.52;1065.98;697.68;2016-03-07;DINI;S04;0;0.0;0.0;
T01288;2;D2010;dining_chair;oak;4;145.28;122.08;79.9;2016-03-07;DINI;S04;1;19.29;0.1328;A
T01288;3;D2031;table_extension;walnut;1;150.32;126.32;82.67;2016-03-07;DINI;S04;0;0.0;0.0;
T01289;1;E6002;tv;smart65;1;1208.65;1015.67;664.76;2015-07-26;ELEC;S08;0;0.0;0.0;
T01289;2;E6020;speakers;stereo;1;177.66;149.3;97.72;2015-07-26;ELEC;S08;0;0.0;0.0;
T01289;3;K9011;kitchen_chair;fabric;6;99.99;84.02;54.99;2015-07-26;KITC;S03;0;0.0;0.0;
T01290;1;L1001;sofa;harmony;1;1216.71;1022.45;669.19;2017-04-06;LIVI;S01;0;0.0;0.0;
T01290;2;L1050;rug;berber;1;179.87;151.15;98.93;2017-04-06;LIVI;S05;0;0.0;0.0;
T01290;3;B3040;wardrobe;harmony;1;1062.25;892.64;584.24;2017-04-06;BEDR;S01;0;0.0;0.0;
T01290;4;D2001;dining_table;oak;1;920.17;773.25;506.09;2017-04-06;DINI;S04;0;0.0;0.0;
T01290;5;D2011;dining_chair;fabric;4;115.17;96.78;63.35;2017-04-06;DINI;S03;0;0.0;0.0;
T01290;6;D2031;table_extension;walnut;1;143.97;120.98;79.18;2017-04-06;DINI;S04;0;0.0;0.0;
T01291;1;S8010;cabinet;oak;1;555.38;466.7;305.46;2017-06-15;STOR;S04;0;0.0;0.0;
T01292;1;D2012;dining_chair;leather;2;190.87;160.4;104.98;2016-10-14;DINI;S01;1;16.73;0.0877;B
T01293;1;C7002;mirror;framed;1;171.52;144.13;94.34;2016-07-17;DECO;S05;0;0.0;0.0;
T01294;1;L1020;coffee_table;oak;1;341.79;287.22;187.98;2017-01-13;LIVI;S04;0;0.0;0.0;
T01295;1;G5030;led_strip;smart;1;39.36;33.07;21.65;2016-06-16;LIGH;S08;0;0.0;0.0;
T01295;2;L1003;sofa;kompakt;1;819.54;688.69;450.75;2016-06-16;LIVI;S02;0;0.0;0.0;
T01295;3;L1011;armchair;luna;1;432.71;363.62;237.99;2016-06-16;LIVI;S03;0;0.0;0.0;
T01296;1;B3040;wardrobe;harmony;1;1134.35;953.24;623.89;2017-03-17;BEDR;S01;0;0.0;0.0;
T01297;1;D2002;dining_table;walnut;1;1260.03;1058.85;693.02;2015-08-27;DINI;S04;0;0.0;0.0;
T01297;2;D2010;dining_chair;oak;1;144.97;121.82;79.73;2015-08-27;DINI;S04;0;0.0;0.0;
T01298;1;D2010;dining_chair;oak;6;149.65;125.76;82.31;2015-07-06;DINI;S04;0;0.0;0.0;
T01299;1;L1003;sofa;kompakt;1;784.6;659.33;431.53;2016-06-21;LIVI;S02;2;63.21;0.0806;A
T01299;2;L1021;coffee_table;glass;1;274.9;231.01;151.19;2016-06-21;LIVI;S04;0;0.0;0.0;
T01299;3;L1050;rug;berber;1;181.94;152.89;100.07;2016-06-21;LIVI;S05;0;0.0;0.0;
T01300;1;D2011;dining_chair;fabric;4;119.02;100.02;65.46;2015-08-15;DINI;S03;0;0.0;0.0;
T01301;1;D2010;dining_chair;oak;2;153.99;129.4;84.69;2016-11-20;DINI;S04;0;0.0;0.0;
T01301;2;K9021;bar_stool;metal;1;105.33;88.51;57.93;2016-11-20;KITC;S07;0;0.0;0.0;
T01301;3;B3010;mattress;comfort;1;598.37;502.83;329.1;2016-11-20;BEDR;S06;1;73.56;0.1229;M
T01302;1;E6020;speakers;stereo;1;179.0;150.42;98.45;2016-11-22;ELEC;S08;2;34.7;0.1939;K
T01303;1;C7020;picture_frame;wood;1;19.71;16.57;10.84;2017-02-10;DECO;S05;0;0.0;0.0;
T01304;1;D2001;dining_table;oak;1;885.4;744.03;486.97;2017-03-12;DINI;S04;0;0.0;0.0;
T01304;2;D2011;dining_chair;fabric;4;116.0;97.48;63.8;2017-03-12;DINI;S03;0;0.0;0.0;
T01304;3;D2020;sideboard;oak;1;638.29;536.37;351.06;2017-03-12;DINI;S04;0;0.0;0.0;
T01305;1;L1040;ottoman;luna;1;223.21;187.57;122.76;2016-07-05;LIVI;S03;0;0.0;0.0;
T01306;1;S8020;shoe_rack;compact;1;108.05;90.8;59.43;2017-03-20;STOR;S02;0;0.0;0.0;
T01306;2;G5010;table_lamp;luna;1;75.33;63.3;41.43;2017-03-20;LIGH;S03;0;0.0;0.0;
T01306;3;U1002;garden_chair;metal;2;89.07;74.85;48.99;2017-03-20;OUTD;S09;0;0.0;0.0;
T01307;1;L1050;rug;berber;1;183.25;153.99;100.79;2016-06-11;LIVI;S05;0;0.0;0.0;
T01308;1;O4001;desk;oak;1;399.75;335.92;219.86;2016-09-20;OFFI;S04;1;28.0;0.07;M
T01308;2;O4020;bookshelf;oak;1;257.1;216.05;141.4;2016-09-20;OFFI;S04;0;0.0;0.0;
T01308;3;L1003;sofa;kompakt;1;829.57;697.12;456.26;2016-09-20;LIVI;S02;0;0.0;0.0;
T01308;4;L1010;armchair;harmony;1;606.64;509.78;333.65;2016-09-20;LIVI;S01;1;40.75;0.0672;A
T01308;5;L1040;ottoman;luna;1;225.59;189.57;124.07;2016-09-20;LIVI;S03;0;0.0;0.0;
T01309;1;L1041;ottoman;kompakt;1;153.1;128.65;84.2;2016-08-15;LIVI;S02;2;9.09;0.0594;K
T01310;1;K9011;kitchen_chair;fabric;4;96.9;81.43;53.29;2017-02-17;KITC;S03;0;0.0;0.0;
T01311;1;L1051;rug;shaggy;1;300.0;252.1;165.0;2015-08-17;LIVI;S05;0;0.0;0.0;
T01312;1;L1030;side_table;oak;1;116.53;97.92;64.09;2017-01-23;LIVI;S04;0;0.0;0.0;
T01312;2;L1041;ottoman;kompakt;1;158.27;133.0;87.05;2017-01-23;LIVI;S02;0;0.0;0.0;
T01313;1;B3010;mattress;comfort;1;619.28;520.4;340.6;2015-12-31;BEDR;S06;0;0.0;0.0;
T01313;2;G5020;ceiling_light;modern;1;163.06;137.03;89.68;2015-12-31;LIGH;S05;2;27.39;0.168;K
T01314;1;L1041;ottoman;kompakt;1;160.82;135.14;88.45;2016-08-22;LIVI;S02;0;0.0;0.0;
T01315;1;B3001;bed;harmony;1;1148.14;964.82;631.48;2016-04-20;BEDR;S01;0;0.0;0.0;
T01315;2;B3010;mattress;comfort;1;615.1;516.89;338.3;2016-04-20;BEDR;S06;0;0.0;0.0;
T01315;3;B3030;nightstand;harmony;2;186.91;157.07;102.8;2016-04-20;BEDR;S01;0;0.0;0.0;
T01316;1;L1020;coffee_table;oak;1;334.25;280.88;183.83;2016-11-06;LIVI;S04;0;0.0;0.0;
T01317;1;L1040;ottoman;luna;1;227.46;191.15;125.11;2016-01-29;LIVI;S03;0;0.0;0.0;
T01318;1;L1002;sofa;milano;1;1769.65;1487.1;973.31;2017-03-02;LIVI;S01;0;0.0;0.0;
T01319;1;S8001;dresser;harmony;1;370.43;311.28;203.74;2016-02-01;STOR;S01;0;0.0;0.0;
T01320;1;L1003;sofa;kompakt;1;825.96;694.09;454.28;2017-01-03;LIVI;S02;2;86.8;0.1051;A
T01320;2;L1020;coffee_table;oak;1;357.71;300.6;196.74;2017-01-03;LIVI;S04;0;0.0;0.0;
T01320;3;O4010;office_chair;ergo;1;339.33;285.15;186.63;2017-01-03;OFFI;S07;0;0.0;0.0;
T01321;1;K9001;kitchen_table;oak;1;455.86;383.07;250.72;2015-09-03;KITC;S04;0;0.0;0.0;
T01321;2;K9010;kitchen_chair;oak;6;121.79;102.34;66.98;2015-09-03;KITC;S04;0;0.0;0.0;
T01322;1;S8001;dresser;harmony;1;392.54;329.86;215.89;2017-01-10;STOR;S01;0;0.0;0.0;
T01322;2;B3003;bed;kompakt;1;774.88;651.16;426.19;2017-01-10;BEDR;S02;0;0.0;0.0;
T01322;3;B3010;mattress;comfort;1;606.43;509.61;333.54;2017-01-10;BEDR;S06;0;0.0;0.0;
T01322;4;B3030;nightstand;harmony;2;175.06;147.11;96.28;2017-01-10;BEDR;S01;0;0.0;0.0;
T01322;5;B3020;headboard;harmony;1;291.69;245.11;160.43;2017-01-10;BEDR;S01;1;21.39;0.0733;B
T01323;1;L1011;armchair;luna;1;427.82;359.51;235.3;2015-07-09;LIVI;S03;0;0.0;0.0;
T01324;1;E6001;tv;smart55;1;790.52;664.3;434.79;2016-12-20;ELEC;S08;0;0.0;0.0;
T01324;2;E6020;speakers;stereo;1;179.36;150.72;98.65;2016-12-20;ELEC;S08;0;0.0;0.0;
T01325;1;K9010;kitchen_chair;oak;2;113.09;95.04;62.2;2017-02-01;KITC;S04;1;9.11;0.0806;B
T01326;1;U1020;parasol;basic;1;114.51;96.23;62.98;2017-02-24;OUTD;S09;0;0.0;0.0;
T01327;1;D2031;table_extension;walnut;1;141.78;119.15;77.98;2016-01-15;DINI;S04;1;18.32;0.1292;M
T01327;2;B3010;mattress;comfort;1;612.39;514.62;336.82;2016-01-15;BEDR;S06;0;0.0;0.0;
T01327;3;D2002;dining_table;walnut;1;1312.29;1102.76;721.76;2016-01-15;DINI;S04;0;0.0;0.0;
T01327;4;D2011;dining_chair;fabric;1;113.76;95.59;62.57;2016-01-15;DINI;S03;0;0.0;0.0;
T01327;5;D2020;sideboard;oak;1;623.4;523.87;342.87;2016-01-15;DINI;S04;0;0.0;0.0;
T01328;1;B3030;nightstand;harmony;2;184.5;155.04;101.48;2015-08-25;BEDR;S01;0;0.0;0.0;
T01329;1;B3010;mattress;comfort;1;589.85;495.67;324.42;2016-10-19;BEDR;S06;0;0.0;0.0;
T01329;2;B3001;bed;harmony;1;1115.79;937.64;613.68;2016-10-19;BEDR;S01;0;0.0;0.0;
T01330;1;S8001;dresser;harmony;1;364.28;306.11;200.35;2015-08-06;STOR;S01;0;0.0;0.0;
T01331;1;L1051;rug;shaggy;1;309.43;260.03;170.19;2016-10-10;LIVI;S05;0;0.0;0.0;
T01331;2;E6010;soundbar;compact;1;247.54;208.02;136.15;2016-10-10;ELEC;S08;0;0.0;0.0;
T01331;3;O4020;bookshelf;oak;1;240.37;201.99;132.2;2016-10-10;OFFI;S04;0;0.0;0.0;
T01332;1;B3011;mattress;premium;1;907.38;762.5;499.06;2016-05-11;BEDR;S06;0;0.0;0.0;
T01333;1;D2012;dining_chair;leather;4;198.9;167.14;109.39;2015-11-24;DINI;S01;0;0.0;0.0;
T01333;2;C7010;vase;ceramic;1;38.54;32.39;21.2;2015-11-24;DECO;S05;1;5.67;0.1472;M
T01333;3;L1003;sofa;kompakt;1;821.08;689.98;451.59;2015-11-24;LIVI;S02;0;0.0;0.0;
T01334;1;L1051;rug;shaggy;1;291.13;244.64;160.12;2017-06-19;LIVI;S05;1;34.08;0.1171;A
T01335;1;D2010;dining_chair;oak;4;152.19;127.89;83.7;2016-10-03;DINI;S04;0;0.0;0.0;
T01336;1;S8010;cabinet;oak;1;535.96;450.39;294.78;2016-04-30;STOR;S04;2;42.09;0.0785;K
T01337;1;G5001;floor_lamp;luna;1;114.14;95.92;62.78;2015-09-12;LIGH;S03;0;0.0;0.0;
T01338;1;O4001;desk;oak;1;392.5;329.83;215.87;2016-10-24;OFFI;S04;0;0.0;0.0;
T01338;2;O4011;office_chair;basic;1;175.18;147.21;96.35;2016-10-24;OFFI;S07;0;0.0;0.0;
T01339;1;C7001;mirror;round;1;118.95;99.96;65.42;2015-08-27;DECO;S05;0;0.0;0.0;
T01340;1;D2011;dining_chair;fabric;6;116.86;98.2;64.27;2015-07-20;DINI;S03;0;0.0;0.0;
T01341;1;G5031;led_strip;basic;1;18.48;15.53;10.17;2017-02-21;LIGH;S08;0;0.0;0.0;
T01342;1;B3031;nightstand;kompakt;2;113.96;95.77;62.68;2015-07-24;BEDR;S02;0;0.0;0.0;
T01342;2;E6001;tv;smart55;1;807.69;678.73;444.23;2015-07-24;ELEC;S08;0;0.0;0.0;
T01343;1;L1050;rug;berber;1;186.16;156.44;102.39;2016-06-21;LIVI;S05;0;0.0;0.0;
T01344;1;B3010;mattress;comfort;1;602.77;506.53;331.52;2016-04-21;BEDR;S06;0;0.0;0.0;
T01345;1;D2001;dining_table;oak;1;881.14;740.46;484.63;2017-03-01;DINI;S04;0;0.0;0.0;
T01345;2;D2010;dining_chair;oak;4;151.32;127.16;83.22;2017-03-01;DINI;S04;0;0.0;0.0;
T01345;3;D2020;sideboard;oak;1;674.25;566.59;370.84;2017-03-01;DINI;S04;0;0.0;0.0;
T01345;4;B3010;mattress;comfort;1;609.15;511.89;335.03;2017-03-01;BEDR;S06;0;0.0;0.0;
T01346;1;B3020;headboard;harmony;1;275.22;231.27;151.37;2015-10-29;BEDR;S01;0;0.0;0.0;
T01346;2;L1001;sofa;harmony;1;1193.22;1002.71;656.27;2015-10-29;LIVI;S01;1;174.49;0.1462;B
T01346;3;L1020;coffee_table;oak;1;361.01;303.37;198.56;2015-10-29;LIVI;S04;0;0.0;0.0;
T01347;1;D2010;dining_chair;oak;4;144.57;121.49;79.51;2017-06-04;DINI;S04;0;0.0;0.0;
T01348;1;D2001;dining_table;oak;1;927.75;779.62;510.26;2015-11-23;DINI;S04;0;0.0;0.0;
T01348;2;D2010;dining_chair;oak;2;153.19;128.73;84.26;2015-11-23;DINI;S04;0;0.0;0.0;
T01349;1;L1021;coffee_table;glass;1;279.57;234.93;153.76;2017-06-03;LIVI;S04;0;0.0;0.0;
T01350;1;B3020;headboard;harmony;1;266.57;224.01;146.61;2016-07-02;BEDR;S01;0;0.0;0.0;
T01350;2;G5001;floor_lamp;luna;1;117.23;98.51;64.48;2016-07-02;LIGH;S03;0;0.0;0.0;
T01351;1;D2012;dining_chair;leather;6;190.93;160.45;105.01;2017-03-14;DINI;S01;0;0.0;0.0;
T01351;2;O4020;bookshelf;oak;1;251.3;211.18;138.22;2017-03-14;OFFI;S04;0;0.0;0.0;
T01352;1;L1003;sofa;kompakt;1;827.6;695.46;455.18;2017-03-27;LIVI;S02;0;0.0;0.0;
T01352;2;L1020;coffee_table;oak;1;365.21;306.9;200.86;2017-03-27;LIVI;S04;0;0.0;0.0;
T01353;1;K9002;kitchen_table;kompakt;1;305.38;256.62;167.96;2015-12-12;KITC;S02;0;0.0;0.0;
T01353;2;D2031;table_extension;walnut;1;147.87;124.26;81.33;2015-12-12;DINI;S04;2;13.84;0.0936;K
T01354;1;K9011;kitchen_chair;fabric;1;97.12;81.61;53.42;2017-03-01;KITC;S03;0;0.0;0.0;
T01355;1;S8020;shoe_rack;compact;1;110.33;92.71;60.68;2016-04-28;STOR;S02;0;0.0;0.0;
T01356;1;G5020;ceiling_light;modern;1;170.37;143.17;93.7;2016-04-30;LIGH;S05;0;0.0;0.0;
T01356;2;D2030;table_extension;oak;1;118.69;99.74;65.28;2016-04-30;DINI;S04;0;0.0;0.0;
T01356;3;D2011;dining_chair;fabric;1;124.18;104.35;68.3;2016-04-30;DINI;S03;0;0.0;0.0;
T01357;1;O4020;bookshelf;oak;1;252.71;212.36;138.99;2016-10-31;OFFI;S04;0;0.0;0.0;
T01357;2;L1001;sofa;harmony;1;1142.11;959.75;628.16;2016-10-31;LIVI;S01;0;0.0;0.0;
T01357;3;L1020;coffee_table;oak;1;343.61;288.75;188.98;2016-10-31;LIVI;S04;0;0.0;0.0;
T01358;1;L1002;sofa;milano;1;1710.51;1437.41;940.78;2015-07-20;LIVI;S01;0;0.0;0.0;
T01359;1;D2012;dining_chair;leather;4;201.5;169.33;110.82;2017-05-24;DINI;S01;0;0.0;0.0;
T01359;2;L1050;rug;berber;1;182.88;153.68;100.58;2017-05-24;LIVI;S05;0;0.0;0.0;
T01360;1;B3031;nightstand;kompakt;1;116.5;97.9;64.08;2017-06-12;BEDR;S02;0;0.0;0.0;
T01361;1;B3003;bed;kompakt;1;750.38;630.57;412.71;2016-12-20;BEDR;S02;0;0.0;0.0;
T01361;2;G5010;table_lamp;luna;2;82.67;69.47;45.47;2016-12-20;LIGH;S03;0;0.0;0.0;
T01362;1;U1020;parasol;basic;1;121.67;102.24;66.92;2017-04-07;OUTD;S09;0;0.0;0.0;
T01363;1;D2002;dining_table;walnut;1;1324.4;1112.94;728.42;2017-05-13;DINI;S04;0;0.0;0.0;
T01363;2;D2011;dining_chair;fabric;4;115.21;96.82;63.37;2017-05-13;DINI;S03;0;0.0;0.0;
T01363;3;G5030;led_strip;smart;1;37.4;31.43;20.57;2017-05-13;LIGH;S08;0;0.0;0.0;
T01364;1;O4020;bookshelf;oak;1;243.2;204.37;133.76;2017-05-20;OFFI;S04;1;24.93;0.1025;A
T01365;1;G5020;ceiling_light;modern;1;175.99;147.89;96.79;2017-04-14;LIGH;S05;1;19.98;0.1135;M
T01366;1;B3011;mattress;premium;1;923.2;775.8;507.76;2016-10-03;BEDR;S06;0;0.0;0.0;
T01367;1;L1050;rug;berber;1;181.93;152.89;100.06;2016-07-25;LIVI;S05;0;0.0;0.0;
T01368;1;K9001;kitchen_table;oak;1;451.05;379.04;248.08;2015-11-29;KITC;S04;0;0.0;0.0;
T01368;2;K9010;kitchen_chair;oak;4;124.38;104.52;68.41;2015-11-29;KITC;S04;2;21.84;0.1756;A
T01369;1;B3001;bed;harmony;1;1110.97;933.59;611.03;2017-04-17;BEDR;S01;0;0.0;0.0;
T01369;2;B3010;mattress;comfort;1;569.25;478.36;313.09;2017-04-17;BEDR;S06;0;0.0;0.0;
T01369;3;B3020;headboard;harmony;1;275.56;231.57;151.56;2017-04-17;BEDR;S01;0;0.0;0.0;
T01370;1;L1002;sofa;milano;1;1879.84;1579.7;1033.91;2017-02-08;LIVI;S01;0;0.0;0.0;
T01370;2;L1021;coffee_table;glass;1;276.15;232.06;151.88;2017-02-08;LIVI;S04;2;18.26;0.0661;A
T01371;1;L1001;sofa;harmony;1;1158.69;973.69;637.28;2017-02-01;LIVI;S01;0;0.0;0.0;
T01371;2;L1011;armchair;luna;1;438.04;368.1;240.92;2017-02-01;LIVI;S03;0;0.0;0.0;
T01372;1;L1020;coffee_table;oak;1;347.5;292.02;191.13;2017-02-15;LIVI;S04;0;0.0;0.0;
T01373;1;D2010;dining_chair;oak;6;147.59;124.02;81.17;2017-05-26;DINI;S04;0;0.0;0.0;
T01373;2;G5011;table_lamp;modern;2;50.72;42.62;27.9;2017-05-26;LIGH;S05;1;3.9;0.0769;B
T01374;1;S8010;cabinet;oak;1;575.53;483.64;316.54;2017-06-20;STOR;S04;0;0.0;0.0;
T01374;2;G5031;led_strip;basic;1;19.46;16.35;10.7;2017-06-20;LIGH;S08;0;0.0;0.0;
T01375;1;C7002;mirror;framed;1;166.45;139.87;91.55;2017-05-28;DECO;S05;0;0.0;0.0;
T01376;1;C7001;mirror;round;1;122.43;102.89;67.34;2016-12-17;DECO;S05;0;0.0;0.0;
T01376;2;S8010;cabinet;oak;1;529.23;444.73;291.08;2016-12-17;STOR;S04;0;0.0;0.0;
T01377;1;G5020;ceiling_light;modern;1;166.62;140.02;91.64;2017-03-03;LIGH;S05;0;0.0;0.0;
T01377;2;U1020;parasol;basic;1;119.48;100.4;65.71;2017-03-03;OUTD;S09;0;0.0;0.0;
T01378;1;D2002;dining_table;walnut;1;1290.98;1084.85;710.04;2017-04-09;DINI;S04;1;121.76;0.0943;B
T01378;2;D2010;dining_chair;oak;6;154.14;129.53;84.78;2017-04-09;DINI;S04;0;0.0;0.0;
T01378;3;D2020;sideboard;oak;1;665.64;559.36;366.1;2017-04-09;DINI;S04;0;0.0;0.0;
T01379;1;E6020;speakers;stereo;1;178.8;150.25;98.34;2015-08-30;ELEC;S08;0;0.0;0.0;
T01380;1;D2003;dining_table;kompakt;1;588.95;494.92;323.92;2015-07-18;DINI;S02;0;0.0;0.0;
T01380;2;D2010;dining_chair;oak;2;155.57;130.73;85.56;2015-07-18;DINI;S04;0;0.0;0.0;
T01381;1;L1020;coffee_table;oak;1;334.13;280.78;183.77;2017-01-02;LIVI;S04;0;0.0;0.0;
T01382;1;K9010;kitchen_chair;oak;2;118.42;99.51;65.13;2017-01-29;KITC;S04;0;0.0;0.0;
T01383;1;L1050;rug;berber;1;181.6;152.6;99.88;2015-12-30;LIVI;S05;0;0.0;0.0;
T01384;1;G5030;led_strip;smart;1;39.07;32.83;21.49;2016-10-03;LIGH;S08;0;0.0;0.0;
T01384;2;D2003;dining_table;kompakt;1;573.55;481.97;315.45;2016-10-03;DINI;S02;2;43.71;0.0762;K
T01384;3;D2030;table_extension;oak;1;116.09;97.55;63.85;2016-10-03;DINI;S04;0;0.0;0.0;
T01384;4;L1003;sofa;kompakt;1;831.59;698.82;457.38;2016-10-03;LIVI;S02;0;0.0;0.0;
T01385;1;K9011;kitchen_chair;fabric;6;94.65;79.54;52.06;2015-08-27;KITC;S03;0;0.0;0.0;
T01386;1;L1003;sofa;kompakt;1;781.16;656.44;429.64;2016-05-30;LIVI;S02;0;0.0;0.0;
T01387;1;L1001;sofa;harmony;1;1180.38;991.92;649.21;2016-09-12;LIVI;S01;0;0.0;0.0;
T01388;1;L1051;rug;shaggy;1;307.07;258.05;168.89;2016-02-21;LIVI;S05;0;0.0;0.0;
T01389;1;S8020;shoe_rack;compact;1;109.35;91.89;60.14;2016-03-04;STOR;S02;0;0.0;0.0;
T01390;1;O4011;office_chair;basic;1;184.44;154.99;101.44;2016-02-18;OFFI;S07;1;10.2;0.0553;B
T01391;1;G5031;led_strip;basic;1;18.78;15.78;10.33;2015-09-27;LIGH;S08;0;0.0;0.0;
T01392;1;B3040;wardrobe;harmony;1;1053.88;885.61;579.63;2016-08-27;BEDR;S01;0;0.0;0.0;
T01393;1;K9020;bar_stool;oak;1;137.03;115.15;75.37;2016-11-26;KITC;S04;1;12.18;0.0889;B
T01394;1;L1020;coffee_table;oak;1;346.77;291.4;190.72;2016-07-07;LIVI;S04;0;0.0;0.0;
T01394;2;E6001;tv;smart55;1;836.11;702.62;459.86;2016-07-07;ELEC;S08;0;0.0;0.0;
T01395;1;E6010;soundbar;compact;1;245.65;206.43;135.11;2017-05-27;ELEC;S08;0;0.0;0.0;
T01396;1;O4010;office_chair;ergo;1;335.96;282.32;184.78;2016-10-17;OFFI;S07;0;0.0;0.0;
T01396;2;B3010;mattress;comfort;1;623.08;523.59;342.69;2016-10-17;BEDR;S06;1;51.32;0.0824;A
T01396;3;U1020;parasol;basic;1;123.6;103.86;67.98;2016-10-17;OUTD;S09;0;0.0;0.0;
T01397;1;G5011;table_lamp;modern;1;49.56;41.65;27.26;2016-11-08;LIGH;S05;0;0.0;0.0;
T01398;1;D2011;dining_chair;fabric;4;117.69;98.9;64.73;2017-02-01;DINI;S03;0;0.0;0.0;
T01399;1;L1020;coffee_table;oak;1;336.65;282.9;185.16;2015-12-22;LIVI;S04;0;0.0;0.0;
T01399;2;O4020;bookshelf;oak;1;246.93;207.5;135.81;2015-12-22;OFFI;S04;0;0.0;0.0;
T01400;1;G5010;table_lamp;luna;1;75.19;63.18;41.35;2015-11-17;LIGH;S03;0;0.0;0.0;
T01400;2;L1011;armchair;luna;1;445.83;374.65;245.21;2015-11-17;LIVI;S03;0;0.0;0.0;
T01401;1;L1041;ottoman;kompakt;1;155.93;131.03;85.76;2016-09-18;LIVI;S02;0;0.0;0.0;
T01402;1;L1010;armchair;harmony;1;592.49;497.89;325.87;2016-02-25;LIVI;S01;0;0.0;0.0;
T01403;1;L1051;rug;shaggy;1;293.01;246.23;161.16;2016-12-07;LIVI;S05;0;0.0;0.0;
T01403;2;U1020;parasol;basic;1;114.04;95.83;62.72;2016-12-07;OUTD;S09;1;11.59;0.1016;A
T01403;3;S8001;dresser;harmony;1;372.46;312.99;204.85;2016-12-07;STOR;S01;0;0.0;0.0;
T01404;1;S8010;cabinet;oak;1;547.92;460.44;301.36;2015-11-06;STOR;S04;0;0.0;0.0;
T01405;1;E6020;speakers;stereo;1;181.54;152.56;99.85;2015-07-09;ELEC;S08;1;11.83;0.0652;M
T01406;1;L1003;sofa;kompakt;1;830.77;698.13;456.92;2017-05-22;LIVI;S02;0;0.0;0.0;
T01406;2;L1050;rug;berber;1;189.46;159.21;104.2;2017-05-22;LIVI;S05;0;0.0;0.0;
T01407;1;L1020;coffee_table;oak;1;337.54;283.65;185.65;2016-04-09;LIVI;S04;0;0.0;0.0;
T01407;2;E6002;tv;smart65;1;1147.49;964.28;631.12;2016-04-09;ELEC;S08;0;0.0;0.0;
T01407;3;E6011;soundbar;premium;1;397.66;334.16;218.71;2016-04-09;ELEC;S08;2;36.38;0.0915;A
T01407;4;E6020;speakers;stereo;1;179.33;150.7;98.63;2016-04-09;ELEC;S08;0;0.0;0.0;
T01408;1;D2011;dining_chair;fabric;6;117.01;98.33;64.35;2016-09-20;DINI;S03;0;0.0;0.0;
T01409;1;D2020;sideboard;oak;1;636.29;534.7;349.96;2015-08-01;DINI;S04;0;0.0;0.0;
T01410;1;U1001;garden_chair;rattan;2;117.69;98.9;64.73;2017-04-10;OUTD;S09;0;0.0;0.0;
T01411;1;L1030;side_table;oak;1;120.83;101.54;66.46;2016-06-24;LIVI;S04;0;0.0;0.0;
T01412;1;L1010;armchair;harmony;1;583.97;490.73;321.18;2015-11-05;LIVI;S01;0;0.0;0.0;
T01413;1;D2003;dining_table;kompakt;1;623.42;523.88;342.88;2016-08-11;DINI;S02;0;0.0;0.0;
T01413;2;D2012;dining_chair;leather;4;197.24;165.75;108.48;2016-08-11;DINI;S01;0;0.0;0.0;
T01414;1;D2020;sideboard;oak;1;668.25;561.55;367.54;2015-10-15;DINI;S04;0;0.0;0.0;
T01415;1;S8001;dresser;harmony;1;362.71;304.8;199.49;2015-08-15;STOR;S01;0;0.0;0.0;
T01416;1;D2030;table_extension;oak;1;121.65;102.23;66.91;2016-11-05;DINI;S04;0;0.0;0.0;
T01416;2;E6001;tv;smart55;1;776.84;652.8;427.26;2016-11-05;ELEC;S08;0;0.0;0.0;
T01417;1;K9002;kitchen_table;kompakt;1;311.48;261.75;171.31;2016-12-09;KITC;S02;1;36.85;0.1183;B
T01417;2;K9010;kitchen_chair;oak;2;124.59;104.7;68.52;2016-12-09;KITC;S04;0;0.0;0.0;
T01417;3;L1041;ottoman;kompakt;1;161.76;135.94;88.97;2016-12-09;LIVI;S02;0;0.0;0.0;
T01417;4;L1010;armchair;harmony;1;599.78;504.02;329.88;2016-12-09;LIVI;S01;0;0.0;0.0;
T01418;1;O4010;office_chair;ergo;1;355.9;299.07;195.74;2016-01-17;OFFI;S07;0;0.0;0.0;
T01419;1;B3010;mattress;comfort;1;576.6;484.54;317.13;2017-03-20;BEDR;S06;0;0.0;0.0;
T01420;1;L1003;sofa;kompakt;1;796.51;669.33;438.08;2017-05-23;LIVI;S02;0;0.0;0.0;
T01420;2;L1050;rug;berber;1;183.37;154.09;100.85;2017-05-23;LIVI;S05;0;0.0;0.0;
T01420;3;B3010;mattress;comfort;1;575.22;483.38;316.37;2017-05-23;BEDR;S06;0;0.0;0.0;
T01421;1;L1050;rug;berber;1;182.26;153.16;100.24;2015-07-19;LIVI;S05;1;12.32;0.0676;M
T01422;1;L1021;coffee_table;glass;1;291.38;244.85;160.26;2016-01-20;LIVI;S04;0;0.0;0.0;
T01422;2;B3010;mattress;comfort;1;600.88;504.94;330.48;2016-01-20;BEDR;S06;0;0.0;0.0;
T01423;1;U1002;garden_chair;metal;1;89.42;75.14;49.18;2017-02-14;OUTD;S09;0;0.0;0.0;
T01423;2;D2010;dining_chair;oak;6;146.6;123.2;80.63;2017-02-14;DINI;S04;0;0.0;0.0;
T01423;3;G5011;table_lamp;modern;2;47.63;40.03;26.2;2017-02-14;LIGH;S05;0;0.0;0.0;
T01424;1;G5010;table_lamp;luna;1;76.65;64.41;42.16;2015-07-30;LIGH;S03;0;0.0;0.0;
T01424;2;U1020;parasol;basic;1;114.89;96.54;63.19;2015-07-30;OUTD;S09;0;0.0;0.0;
T01425;1;B3020;headboard;harmony;1;274.84;230.96;151.16;2017-06-25;BEDR;S01;1;27.44;0.0999;M
T01425;2;B3001;bed;harmony;1;1064.74;894.74;585.61;2017-06-25;BEDR;S01;0;0.0;0.0;
T01425;3;B3011;mattress;premium;1;914.71;768.66;503.09;2017-06-25;BEDR;S06;0;0.0;0.0;
T01426;1;O4001;desk;oak;1;383.19;322.01;210.75;2015-10-30;OFFI;S04;0;0.0;0.0;
T01426;2;O4011;office_chair;basic;1;177.16;148.87;97.44;2015-10-30;OFFI;S07;0;0.0;0.0;
T01427;1;G5001;floor_lamp;luna;1;115.71;97.24;63.64;2017-03-08;LIGH;S03;0;0.0;0.0;
T01428;1;G5011;table_lamp;modern;1;48.95;41.13;26.92;2016-10-21;LIGH;S05;0;0.0;0.0;
T01428;2;D2011;dining_chair;fabric;4;121.69;102.26;66.93;2016-10-21;DINI;S03;0;0.0;0.0;
T01429;1;B3011;mattress;premium;1;925.98;778.14;509.29;2016-01-13;BEDR;S06;0;0.0;0.0;
T01429;2;L1011;armchair;luna;1;433.41;364.21;238.38;2016-01-13;LIVI;S03;0;0.0;0.0;
T01429;3;S8020;shoe_rack;compact;1;113.6;95.46;62.48;2016-01-13;STOR;S02;0;0.0;0.0;
T01430;1;B3040;wardrobe;harmony;1;1112.13;934.57;611.67;2016-12-13;BEDR;S01;0;0.0;0.0;
T01431;1;B3010;mattress;comfort;1;606.29;509.49;333.46;2017-03-30;BEDR;S06;2;111.88;0.1845;A
T01431;2;D2002;dining_table;walnut;1;1261.76;1060.31;693.97;2017-03-30;DINI;S04;0;0.0;0.0;
T01431;3;D2020;sideboard;oak;1;631.79;530.92;347.48;2017-03-30;DINI;S04;1;43.67;0.0691;M
T01431;4;L1041;ottoman;kompakt;1;153.5;128.99;84.42;2017-03-30;LIVI;S02;0;0.0;0.0;
T01432;1;L1050;rug;berber;1;195.95;164.66;107.77;2016-10-17;LIVI;S05;0;0.0;0.0;
T01433;1;D2003;dining_table;kompakt;1;591.91;497.4;325.55;2015-11-11;DINI;S02;0;0.0;0.0;
T01433;2;D2011;dining_chair;fabric;4;121.98;102.51;67.09;2015-11-11;DINI;S03;0;0.0;0.0;
T01434;1;O4001;desk;oak;1;387.97;326.02;213.38;2016-09-05;OFFI;S04;0;0.0;0.0;
T01434;2;O4020;bookshelf;oak;1;238.88;200.74;131.39;2016-09-05;OFFI;S04;0;0.0;0.0;
T01435;1;G5020;ceiling_light;modern;1;167.25;140.55;91.99;2016-03-17;LIGH;S05;1;20.51;0.1226;B
T01435;2;G5011;table_lamp;modern;1;49.73;41.79;27.35;2016-03-17;LIGH;S05;0;0.0;0.0;
T01436;1;G5031;led_strip;basic;1;19.85;16.68;10.92;2016-07-20;LIGH;S08;0;0.0;0.0;
T01436;2;K9011;kitchen_chair;fabric;6;103.07;86.62;56.69;2016-07-20;KITC;S03;0;0.0;0.0;
T01437;1;L1050;rug;berber;1;185.17;155.61;101.85;2017-04-07;LIVI;S05;0;0.0;0.0;
T01438;1;L1001;sofa;harmony;1;1241.34;1043.14;682.74;2016-10-09;LIVI;S01;0;0.0;0.0;
T01438;2;L1020;coffee_table;oak;1;365.55;307.19;201.05;2016-10-09;LIVI;S04;0;0.0;0.0;
T01438;3;B3011;mattress;premium;1;899.35;755.76;494.64;2016-10-09;BEDR;S06;0;0.0;0.0;
T01438;4;D2010;dining_chair;oak;1;149.66;125.77;82.31;2016-10-09;DINI;S04;0;0.0;0.0;
T01439;1;G5020;ceiling_light;modern;1;164.37;138.13;90.4;2017-01-25;LIGH;S05;0;0.0;0.0;
T01440;1;L1041;ottoman;kompakt;1;163.93;137.76;90.16;2017-03-07;LIVI;S02;0;0.0;0.0;
T01440;2;G5010;table_lamp;luna;1;81.66;68.62;44.91;2017-03-07;LIGH;S03;0;0.0;0.0;
T01441;1;O4001;desk;oak;1;410.82;345.23;225.95;2016-05-01;OFFI;S04;0;0.0;0.0;
T01442;1;C7030;curtain;linen;1;76.04;63.9;41.82;2016-11-28;DECO;S05;0;0.0;0.0;
T01443;1;C7010;vase;ceramic;1;38.01;31.94;20.91;2016-10-07;DECO;S05;0;0.0;0.0;
T01444;1;E6030;dvd_player;basic;1;67.04;56.34;36.87;2017-03-08;ELEC;S08;0;0.0;0.0;
T01445;1;E6001;tv;smart55;1;823.78;692.25;453.08;2016-09-04;ELEC;S08;0;0.0;0.0;
T01445;2;B3030;nightstand;harmony;2;173.28;145.61;95.3;2016-09-04;BEDR;S01;0;0.0;0.0;
T01445;3;K9001;kitchen_table;oak;1;466.09;391.67;256.35;2016-09-04;KITC;S04;0;0.0;0.0;
T01445;4;K9010;kitchen_chair;oak;1;116.11;97.58;63.86;2016-09-04;KITC;S04;0;0.0;0.0;
T01446;1;S8001;dresser;harmony;1;394.88;331.83;217.19;2016-09-09;STOR;S01;0;0.0;0.0;
T01447;1;D2002;dining_table;walnut;1;1240.1;1042.1;682.06;2016-04-03;DINI;S04;0;0.0;0.0;
T01447;2;D2011;dining_chair;fabric;4;123.22;103.55;67.77;2016-04-03;DINI;S03;0;0.0;0.0;
T01447;3;D2030;table_extension;oak;1;113.1;95.04;62.21;2016-04-03;DINI;S04;0;0.0;0.0;
T01448;1;D2010;dining_chair;oak;4;149.19;125.37;82.06;2016-04-11;DINI;S04;0;0.0;0.0;
T01448;2;B3040;wardrobe;harmony;1;1055.44;886.93;580.49;2016-04-11;BEDR;S01;0;0.0;0.0;
T01449;1;O4010;office_chair;ergo;1;337.84;283.9;185.81;2017-06-11;OFFI;S07;0;0.0;0.0;
T01449;2;D2002;dining_table;walnut;1;1282.82;1078.0;705.55;2017-06-11;DINI;S04;0;0.0;0.0;
T01449;3;D2010;dining_chair;oak;2;155.76;130.89;85.67;2017-06-11;DINI;S04;0;0.0;0.0;
T01449;4;D2020;sideboard;oak;1;651.73;547.67;358.45;2017-06-11;DINI;S04;1;75.87;0.1164;B
T01449;5;L1041;ottoman;kompakt;1;156.18;131.25;85.9;2017-06-11;LIVI;S02;0;0.0;0.0;
T01450;1;O4001;desk;oak;1;382.3;321.26;210.27;2015-07-21;OFFI;S04;0;0.0;0.0;
T01450;2;O4011;office_chair;basic;1;179.61;150.93;98.79;2015-07-21;OFFI;S07;0;0.0;0.0;
T01451;1;O4030;filing_cabinet;metal;1;280.75;235.92;154.41;2015-08-30;OFFI;S07;0;0.0;0.0;
T01452;1;D2011;dining_chair;fabric;2;116.25;97.69;63.94;2017-05-06;DINI;S03;0;0.0;0.0;
T01453;1;E6010;soundbar;compact;1;247.02;207.58;135.86;2015-08-30;ELEC;S08;0;0.0;0.0;
T01453;2;D2030;table_extension;oak;1;124.83;104.9;68.66;2015-08-30;DINI;S04;0;0.0;0.0;
T01453;3;L1051;rug;shaggy;1;304.36;255.77;167.4;2015-08-30;LIVI;S05;1;34.36;0.1129;A
T01454;1;O4020;bookshelf;oak;1;247.07;207.62;135.89;2015-12-30;OFFI;S04;2;22.68;0.0918;A
T01455;1;L1040;ottoman;luna;1;221.27;185.94;121.7;2016-06-07;LIVI;S03;0;0.0;0.0;
T01456;1;D2020;sideboard;oak;1;647.07;543.76;355.89;2016-04-18;DINI;S04;0;0.0;0.0;
T01457;1;C7010;vase;ceramic;2;40.1;33.7;22.06;2016-10-08;DECO;S05;0;0.0;0.0;
T01458;1;C7002;mirror;framed;1;167.19;140.49;91.95;2017-03-27;DECO;S05;0;0.0;0.0;
T01458;2;B3010;mattress;comfort;1;623.68;524.1;343.02;2017-03-27;BEDR;S06;1;40.98;0.0657;B
T01458;3;G5030;led_strip;smart;1;37.85;31.8;20.82;2017-03-27;LIGH;S08;0;0.0;0.0;
T01459;1;K9010;kitchen_chair;oak;4;121.19;101.84;66.65;2016-08-24;KITC;S04;0;0.0;0.0;
T01460;1;L1021;coffee_table;glass;1;287.21;241.35;157.97;2016-10-04;LIVI;S04;0;0.0;0.0;
T01460;2;L1040;ottoman;luna;1;218.49;183.61;120.17;2016-10-04;LIVI;S03;0;0.0;0.0;
T01461;1;E6010;soundbar;compact;1;251.09;211.0;138.1;2016-07-12;ELEC;S08;1;27.21;0.1084;M
T01461;2;C7002;mirror;framed;1;169.34;142.3;93.14;2016-07-12;DECO;S05;0;0.0;0.0;
T01462;1;C7001;mirror;round;1;121.72;102.29;66.95;2017-02-25;DECO;S05;2;14.11;0.1159;A
T01463;1;G5011;table_lamp;modern;2;49.13;41.28;27.02;2015-12-16;LIGH;S05;0;0.0;0.0;
T01464;1;O4010;office_chair;ergo;1;342.85;288.11;188.57;2015-09-10;OFFI;S07;0;0.0;0.0;
T01465;1;K9010;kitchen_chair;oak;2;115.34;96.92;63.44;2016-06-24;KITC;S04;0;0.0;0.0;
T01466;1;L1021;coffee_table;glass;1;283.61;238.33;155.99;2016-04-29;LIVI;S04;0;0.0;0.0;
T01467;1;D2001;dining_table;oak;1;917.12;770.69;504.42;2015-07-02;DINI;S04;0;0.0;0.0;
T01467;2;D2012;dining_chair;leather;4;190.4;160.0;104.72;2015-07-02;DINI;S01;0;0.0;0.0;
T01467;3;D2031;table_extension;walnut;1;147.76;124.17;81.27;2015-07-02;DINI;S04;1;11.44;0.0774;B
T01468;1;L1030;side_table;oak;1;116.71;98.08;64.19;2016-07-10;LIVI;S04;0;0.0;0.0;
T01469;1;L1011;armchair;luna;1;447.35;375.93;246.04;2017-05-06;LIVI;S03;0;0.0;0.0;
T01469;2;D2002;dining_table;walnut;1;1272.56;1069.38;699.91;2017-05-06;DINI;S04;0;0.0;0.0;
T01469;3;D2012;dining_chair;leather;4;195.04;163.9;107.27;2017-05-06;DINI;S01;0;0.0;0.0;
T01469;4;D2030;table_extension;oak;1;124.16;104.34;68.29;2017-05-06;DINI;S04;0;0.0;0.0;
T01469;5;D2020;sideboard;oak;1;649.81;546.06;357.4;2017-05-06;DINI;S04;0;0.0;0.0;
T01470;1;E6020;speakers;stereo;1;182.04;152.98;100.12;2015-12-14;ELEC;S08;0;0.0;0.0;
T01470;2;O4001;desk;oak;1;412.11;346.31;226.66;2015-12-14;OFFI;S04;0;0.0;0.0;
T01470;3;O4011;office_chair;basic;1;172.84;145.24;95.06;2015-12-14;OFFI;S07;0;0.0;0.0;
T01471;1;D2003;dining_table;kompakt;1;584.53;491.2;321.49;2016-11-17;DINI;S02;0;0.0;0.0;
T01471;2;D2010;dining_chair;oak;4;147.48;123.94;81.12;2016-11-17;DINI;S04;0;0.0;0.0;
T01472;1;L1011;armchair;luna;1;470.24;395.16;258.63;2017-02-19;LIVI;S03;0;0.0;0.0;
T01473;1;L1021;coffee_table;glass;1;277.22;232.95;152.47;2016-02-01;LIVI;S04;0;0.0;0.0;
T01473;2;G5011;table_lamp;modern;2;47.04;39.53;25.87;2016-02-01;LIGH;S05;0;0.0;0.0;
T01474;1;C7010;vase;ceramic;1;39.84;33.48;21.91;2016-10-12;DECO;S05;1;2.67;0.0671;M
T01474;2;D2012;dining_chair;leather;2;200.61;168.58;110.34;2016-10-12;DINI;S01;0;0.0;0.0;
T01474;3;U1001;garden_chair;rattan;1;123.18;103.51;67.75;2016-10-12;OUTD;S09;0;0.0;0.0;
T01475;1;D2030;table_extension;oak;1;114.81;96.48;63.15;2017-01-18;DINI;S04;1;14.9;0.1298;B
T01475;2;L1021;coffee_table;glass;1;271.57;228.21;149.37;2017-01-18;LIVI;S04;0;0.0;0.0;
T01475;3;O4011;office_chair;basic;1;176.88;148.64;97.28;2017-01-18;OFFI;S07;0;0.0;0.0;
T01476;1;O4010;office_chair;ergo;1;356.66;299.71;196.16;2016-05-20;OFFI;S07;0;0.0;0.0;
T01477;1;L1021;coffee_table;glass;1;274.14;230.37;150.78;2017-02-17;LIVI;S04;0;0.0;0.0;
T01478;1;O4002;desk;compact;1;244.78;205.7;134.63;2016-04-17;OFFI;S02;0;0.0;0.0;
T01478;2;O4011;office_chair;basic;1;178.45;149.96;98.15;2016-04-17;OFFI;S07;0;0.0;0.0;
T01478;3;O4020;bookshelf;oak;1;239.05;200.88;131.48;2016-04-17;OFFI;S04;0;0.0;0.0;
T01479;1;O4010;office_chair;ergo;1;352.47;296.19;193.86;2015-10-07;OFFI;S07;0;0.0;0.0;
T01480;1;C7010;vase;ceramic;2;37.63;31.62;20.7;2016-06-23;DECO;S05;0;0.0;0.0;
T01480;2;D2010;dining_chair;oak;1;144.43;121.37;79.44;2016-06-23;DINI;S04;0;0.0;0.0;
T01481;1;K9002;kitchen_table;kompakt;1;311.93;262.12;171.56;2016-12-01;KITC;S02;0;0.0;0.0;
T01481;2;K9011;kitchen_chair;fabric;1;95.5;80.25;52.53;2016-12-01;KITC;S03;0;0.0;0.0;
T01482;1;K9002;kitchen_table;kompakt;1;290.23;243.89;159.63;2015-08-22;KITC;S02;0;0.0;0.0;
T01482;2;D2011;dining_chair;fabric;6;123.11;103.46;67.71;2015-08-22;DINI;S03;0;0.0;0.0;
T01482;3;E6001;tv;smart55;1;801.4;673.44;440.77;2015-08-22;ELEC;S08;0;0.0;0.0;
T01482;4;E6020;speakers;stereo;1;175.02;147.07;96.26;2015-08-22;ELEC;S08;0;0.0;0.0;
T01483;1;G5010;table_lamp;luna;2;76.31;64.13;41.97;2015-12-05;LIGH;S03;0;0.0;0.0;
T01483;2;C7030;curtain;linen;1;76.11;63.96;41.86;2015-12-05;DECO;S05;0;0.0;0.0;
T01484;1;L1003;sofa;kompakt;1;838.67;704.77;461.27;2016-12-22;LIVI;S02;0;0.0;0.0;
T01484;2;L1020;coffee_table;oak;1;345.91;290.68;190.25;2016-12-22;LIVI;S04;1;24.99;0.0722;B
T01484;3;L1011;armchair;luna;1;434.61;365.22;239.04;2016-12-22;LIVI;S03;0;0.0;0.0;
T01485;1;C7020;picture_frame;wood;2;19.4;16.3;10.67;2016-07-07;DECO;S05;2;1.39;0.0719;A
T01486;1;K9010;kitchen_chair;oak;1;113.97;95.77;62.68;2015-12-08;KITC;S04;0;0.0;0.0;
T01487;1;O4010;office_chair;ergo;1;362.26;304.42;199.24;2015-12-28;OFFI;S07;0;0.0;0.0;
T01488;1;O4030;filing_cabinet;metal;1;273.88;230.15;150.63;2015-11-17;OFFI;S07;0;0.0;0.0;
T01488;2;D2010;dining_chair;oak;2;154.98;130.24;85.24;2015-11-17;DINI;S04;0;0.0;0.0;
T01489;1;L1001;sofa;harmony;1;1217.02;1022.71;669.36;2015-10-26;LIVI;S01;0;0.0;0.0;
T01489;2;L1050;rug;berber;1;181.52;152.54;99.84;2015-10-26;LIVI;S05;0;0.0;0.0;
T01490;1;S8020;shoe_rack;compact;1;106.13;89.18;58.37;2016-02-08;STOR;S02;1;10.11;0.0953;A
T01490;2;S8001;dresser;harmony;1;386.87;325.1;212.78;2016-02-08;STOR;S01;0;0.0;0.0;
T01490;3;D2012;dining_chair;leather;2;191.42;160.86;105.28;2016-02-08;DINI;S01;0;0.0;0.0;
T01491;1;D2010;dining_chair;oak;4;146.77;123.33;80.72;2017-03-17;DINI;S04;0;0.0;0.0;
T01492;1;E6010;soundbar;compact;1;240.22;201.87;132.12;2016-09-04;ELEC;S08;1;30.39;0.1265;B
T01492;2;U1001;garden_chair;rattan;2;113.31;95.22;62.32;2016-09-04;OUTD;S09;0;0.0;0.0;
T01493;1;D2011;dining_chair;fabric;6;114.87;96.53;63.18;2016-11-25;DINI;S03;1;11.53;0.1004;B
T01494;1;D2010;dining_chair;oak;4;155.32;130.52;85.43;2017-03-04;DINI;S04;0;0.0;0.0;
T01495;1;K9011;kitchen_chair;fabric;4;94.65;79.54;52.06;2015-11-17;KITC;S03;0;0.0;0.0;
T01496;1;O4011;office_chair;basic;1;180.31;151.52;99.17;2015-11-27;OFFI;S07;0;0.0;0.0;
T01497;1;U1020;parasol;basic;1;116.9;98.23;64.29;2016-11-07;OUTD;S09;0;0.0;0.0;
T01498;1;C7002;mirror;framed;1;171.99;144.53;94.59;2016-12-24;DECO;S05;0;0.0;0.0;
T01499;1;C7030;curtain;linen;1;78.8;66.22;43.34;2015-12-08;DECO;S05;0;0.0;0.0;
T01500;1;B3040;wardrobe;harmony;1;1136.76;955.26;625.22;2016-09-17;BEDR;S01;0;0.0;0.0;
T01501;1;D2002;dining_table;walnut;1;1313.78;1104.01;722.58;2016-04-14;DINI;S04;0;0.0;0.0;
T01501;2;D2012;dining_chair;leather;4;198.78;167.04;109.33;2016-04-14;DINI;S01;0;0.0;0.0;
T01501;3;D2030;table_extension;oak;1;119.99;100.84;66.0;2016-04-14;DINI;S04;0;0.0;0.0;
T01501;4;S8001;dresser;harmony;1;362.17;304.35;199.2;2016-04-14;STOR;S01;0;0.0;0.0;
T01501;5;L1030;side_table;oak;1;113.79;95.62;62.58;2016-04-14;LIVI;S04;0;0.0;0.0;
T01502;1;C7020;picture_frame;wood;1;18.2;15.29;10.01;2015-10-03;DECO;S05;0;0.0;0.0;
T01502;2;L1002;sofa;milano;1;1818.45;1528.11;1000.15;2015-10-03;LIVI;S01;0;0.0;0.0;
T01502;3;L1021;coffee_table;glass;1;284.38;238.97;156.41;2015-10-03;LIVI;S04;1;15.19;0.0534;A
T01502;4;L1051;rug;shaggy;1;290.57;244.18;159.82;2015-10-03;LIVI;S05;0;0.0;0.0;
T01503;1;B3010;mattress;comfort;1;580.45;487.78;319.25;2016-10-01;BEDR;S06;0;0.0;0.0;
T01504;1;K9002;kitchen_table;kompakt;1;295.58;248.39;162.57;2016-05-05;KITC;S02;0;0.0;0.0;
T01504;2;K9011;kitchen_chair;fabric;4;98.83;83.05;54.36;2016-05-05;KITC;S03;0;0.0;0.0;
T01505;1;O4011;office_chair;basic;1;177.67;149.3;97.72;2016-04-03;OFFI;S07;0;0.0;0.0;
T01506;1;B3011;mattress;premium;1;942.77;792.24;518.52;2016-09-20;BEDR;S06;0;0.0;0.0;
T01507;1;D2002;dining_table;walnut;1;1349.81;1134.29;742.39;2016-04-18;DINI;S04;0;0.0;0.0;
T01507;2;D2011;dining_chair;fabric;4;114.39;96.13;62.91;2016-04-18;DINI;S03;0;0.0;0.0;
T01508;1;B3001;bed;harmony;1;1058.16;889.21;581.99;2016-11-11;BEDR;S01;0;0.0;0.0;
T01508;2;B3010;mattress;comfort;1;610.76;513.25;335.92;2016-11-11;BEDR;S06;1;68.5;0.1122;A
T01508;3;B3030;nightstand;harmony;1;187.76;157.79;103.27;2016-11-11;BEDR;S01;2;22.58;0.1202;A
T01509;1;E6001;tv;smart55;1;807.86;678.87;444.32;2015-09-17;ELEC;S08;2;49.25;0.061;A
T01510;1;C7020;picture_frame;wood;1;18.58;15.62;10.22;2015-10-18;DECO;S05;0;0.0;0.0;
T01511;1;O4011;office_chair;basic;1;179.92;151.2;98.96;2017-02-04;OFFI;S07;0;0.0;0.0;
T01512;1;K9010;kitchen_chair;oak;6;117.22;98.5;64.47;2015-07-19;KITC;S04;0;0.0;0.0;
T01513;1;C7020;picture_frame;wood;2;19.31;16.22;10.62;2015-07-04;DECO;S05;0;0.0;0.0;
T01514;1;O4010;office_chair;ergo;1;332.12;279.1;182.67;2017-01-22;OFFI;S07;1;32.94;0.0992;M
T01515;1;E6011;soundbar;premium;1;390.29;327.98;214.66;2017-01-22;ELEC;S08;0;0.0;0.0;
T01515;2;B3011;mattress;premium;1;897.75;754.41;493.76;2017-01-22;BEDR;S06;0;0.0;0.0;
T01516;1;L1021;coffee_table;glass;1;274.84;230.96;151.16;2016-05-23;LIVI;S04;0;0.0;0.0;
T01516;2;S8001;dresser;harmony;1;378.71;318.25;208.29;2016-05-23;STOR;S01;0;0.0;0.0;
T01517;1;B3002;bed;milano;1;1545.86;1299.04;850.22;2016-03-17;BEDR;S01;0;0.0;0.0;
T01517;2;B3010;mattress;comfort;1;612.05;514.33;336.63;2016-03-17;BEDR;S06;0;0.0;0.0;
T01517;3;B3031;nightstand;kompakt;2;123.26;103.58;67.79;2016-03-17;BEDR;S02;0;0.0;0.0;
T01518;1;L1021;coffee_table;glass;1;267.77;225.02;147.27;2016-03-03;LIVI;S04;0;0.0;0.0;
T01519;1;L1010;armchair;harmony;1;619.11;520.26;340.51;2017-02-05;LIVI;S01;0;0.0;0.0;
T01520;1;O4001;desk;oak;1;416.21;349.76;228.92;2015-09-25;OFFI;S04;1;29.07;0.0698;M
T01520;2;O4010;office_chair;ergo;1;353.19;296.8;194.26;2015-09-25;OFFI;S07;0;0.0;0.0;
T01521;1;L1020;coffee_table;oak;1;343.6;288.74;188.98;2015-09-30;LIVI;S04;0;0.0;0.0;
T01521;2;C7002;mirror;framed;1;162.52;136.57;89.38;2015-09-30;DECO;S05;1;9.91;0.061;B
T01522;1;D2011;dining_chair;fabric;4;113.36;95.26;62.35;2016-03-31;DINI;S03;2;8.24;0.0727;A
T01522;2;E6001;tv;smart55;1;799.84;672.13;439.91;2016-03-31;ELEC;S08;0;0.0;0.0;
T01522;3;E6010;soundbar;compact;1;254.91;214.21;140.2;2016-03-31;ELEC;S08;0;0.0;0.0;
T01523;1;G5011;table_lamp;modern;1;47.95;40.29;26.37;2016-05-20;LIGH;S05;0;0.0;0.0;
T01523;2;C7030;curtain;linen;1;76.51;64.29;42.08;2016-05-20;DECO;S05;0;0.0;0.0;
T01523;3;B3003;bed;kompakt;1;746.52;627.33;410.59;2016-05-20;BEDR;S02;0;0.0;0.0;
T01523;4;B3011;mattress;premium;1;943.27;792.66;518.8;2016-05-20;BEDR;S06;0;0.0;0.0;
T01523;5;B3030;nightstand;harmony;2;178.46;149.97;98.16;2016-05-20;BEDR;S01;0;0.0;0.0;
T01523;6;B3020;headboard;harmony;1;268.36;225.51;147.6;2016-05-20;BEDR;S01;0;0.0;0.0;
T01524;1;D2031;table_extension;walnut;1;155.84;130.96;85.71;2016-04-16;DINI;S04;0;0.0;0.0;
T01525;1;L1041;ottoman;kompakt;1;160.53;134.9;88.29;2015-10-25;LIVI;S02;0;0.0;0.0;
T01526;1;L1050;rug;berber;1;180.99;152.09;99.55;2017-05-09;LIVI;S05;0;0.0;0.0;
T01527;1;U1010;garden_table;rattan;1;310.08;260.57;170.55;2017-02-01;OUTD;S09;0;0.0;0.0;
T01527;2;U1001;garden_chair;rattan;1;117.92;99.09;64.86;2017-02-01;OUTD;S09;0;0.0;0.0;
T01528;1;L1001;sofa;harmony;1;1186.02;996.66;652.31;2016-01-23;LIVI;S01;1;122.93;0.1036;M
T01529;1;E6020;speakers;stereo;1;178.88;150.32;98.39;2017-04-21;ELEC;S08;0;0.0;0.0;
T01530;1;L1051;rug;shaggy;1;299.5;251.68;164.73;2015-11-07;LIVI;S05;0;0.0;0.0;
T01530;2;O4010;office_chair;ergo;1;354.85;298.19;195.17;2015-11-07;OFFI;S07;0;0.0;0.0;
T01530;3;O4020;bookshelf;oak;1;241.88;203.26;133.04;2015-11-07;OFFI;S04;0;0.0;0.0;
T01531;1;D2031;table_extension;walnut;1;149.71;125.81;82.34;2017-02-25;DINI;S04;0;0.0;0.0;
T01532;1;B3011;mattress;premium;1;914.52;768.5;502.99;2015-09-06;BEDR;S06;0;0.0;0.0;
T01533;1;C7001;mirror;round;1;114.36;96.1;62.9;2016-12-19;DECO;S05;0;0.0;0.0;
T01534;1;L1020;coffee_table;oak;1;342.47;287.79;188.36;2016-01-19;LIVI;S04;2;25.2;0.0736;A
T01535;1;K9020;bar_stool;oak;1;141.84;119.19;78.01;2016-12-17;KITC;S04;0;0.0;0.0;
T01535;2;D2001;dining_table;oak;1;895.84;752.81;492.71;2016-12-17;DINI;S04;0;0.0;0.0;
T01535;3;D2031;table_extension;walnut;1;142.25;119.53;78.24;2016-12-17;DINI;S04;1;12.25;0.0861;A
T01535;4;D2020;sideboard;oak;1;627.28;527.12;345.0;2016-12-17;DINI;S04;0;0.0;0.0;
T01536;1;L1051;rug;shaggy;1;302.97;254.6;166.64;2016-07-24;LIVI;S05;0;0.0;0.0;
T01537;1;B3010;mattress;comfort;1;606.35;509.54;333.49;2016-03-04;BEDR;S06;1;43.75;0.0722;A
T01537;2;D2011;dining_chair;fabric;6;119.35;100.3;65.65;2016-03-04;DINI;S03;2;11.52;0.0965;K
T01538;1;D2012;dining_chair;leather;6;193.83;162.88;106.6;2016-03-01;DINI;S01;2;28.68;0.148;K
T01539;1;K9020;bar_stool;oak;1;145.95;122.64;80.27;2015-11-16;KITC;S04;0;0.0;0.0;
T01540;1;O4002;desk;compact;1;247.38;207.88;136.06;2017-04-21;OFFI;S02;0;0.0;0.0;
T01540;2;O4020;bookshelf;oak;1;249.35;209.54;137.14;2017-04-21;OFFI;S04;0;0.0;0.0;
T01541;1;K9011;kitchen_chair;fabric;2;103.39;86.88;56.86;2017-02-06;KITC;S03;0;0.0;0.0;
T01541;2;G5010;table_lamp;luna;1;77.56;65.18;42.66;2017-02-06;LIGH;S03;0;0.0;0.0;
T01542;1;G5031;led_strip;basic;1;19.53;16.41;10.74;2016-10-22;LIGH;S08;0;0.0;0.0;
T01543;1;D2012;dining_chair;leather;4;189.86;159.55;104.43;2015-07-06;DINI;S01;0;0.0;0.0;
T01544;1;L1001;sofa;harmony;1;1247.93;1048.68;686.36;2016-02-02;LIVI;S01;0;0.0;0.0;
T01545;1;O4001;desk;oak;1;398.45;334.84;219.15;2017-06-19;OFFI;S04;0;0.0;0.0;
T01545;2;O4010;office_chair;ergo;1;335.5;281.93;184.52;2017-06-19;OFFI;S07;1;40.3;0.1201;A
T01546;1;L1020;coffee_table;oak;1;333.7;280.42;183.54;2015-11-30;LIVI;S04;0;0.0;0.0;
T01547;1;L1030;side_table;oak;1;122.37;102.83;67.3;2015-07-31;LIVI;S04;0;0.0;0.0;
T01547;2;C7020;picture_frame;wood;3;19.45;16.35;10.7;2015-07-31;DECO;S05;1;2.4;0.1232;M
T01548;1;C7030;curtain;linen;1;76.73;64.48;42.2;2016-12-20;DECO;S05;0;0.0;0.0;
T01549;1;L1011;armchair;luna;1;427.62;359.34;235.19;2016-05-17;LIVI;S03;0;0.0;0.0;
T01550;1;U1001;garden_chair;rattan;1;117.85;99.03;64.82;2016-05-02;OUTD;S09;0;0.0;0.0;
T01551;1;O4030;filing_cabinet;metal;1;269.3;226.31;148.12;2015-07-08;OFFI;S07;0;0.0;0.0;
T01552;1;G5031;led_strip;basic;1;18.91;15.89;10.4;2016-11-04;LIGH;S08;0;0.0;0.0;
T01552;2;K9011;kitchen_chair;fabric;1;100.57;84.52;55.32;2016-11-04;KITC;S03;0;0.0;0.0;
T01552;3;D2001;dining_table;oak;1;876.36;736.43;482.0;2016-11-04;DINI;S04;0;0.0;0.0;
T01552;4;D2012;dining_chair;leather;4;208.84;175.5;114.86;2016-11-04;DINI;S01;0;0.0;0.0;
T01553;1;C7001;mirror;round;1;113.82;95.65;62.6;2015-11-11;DECO;S05;1;7.26;0.0638;M
T01554;1;G5001;floor_lamp;luna;1;115.73;97.25;63.65;2016-06-20;LIGH;S03;0;0.0;0.0;
T01555;1;D2031;table_extension;walnut;1;148.83;125.07;81.86;2016-04-11;DINI;S04;0;0.0;0.0;
T01555;2;L1010;armchair;harmony;1;605.39;508.73;332.97;2016-04-11;LIVI;S01;0;0.0;0.0;
T01556;1;C7020;picture_frame;wood;3;18.57;15.6;10.21;2016-04-12;DECO;S05;0;0.0;0.0;
T01557;1;D2011;dining_chair;fabric;4;118.43;99.52;65.13;2015-11-22;DINI;S03;0;0.0;0.0;
T01557;2;B3002;bed;milano;1;1674.69;1407.3;921.08;2015-11-22;BEDR;S01;0;0.0;0.0;
T01557;3;B3010;mattress;comfort;1;579.71;487.15;318.84;2015-11-22;BEDR;S06;2;112.54;0.1941;K
T01557;4;B3031;nightstand;kompakt;1;121.15;101.8;66.63;2015-11-22;BEDR;S02;0;0.0;0.0;
T01558;1;B3031;nightstand;kompakt;1;116.94;98.27;64.32;2016-05-14;BEDR;S02;0;0.0;0.0;
T01559;1;L1011;armchair;luna;1;464.04;389.95;255.22;2015-10-13;LIVI;S03;0;0.0;0.0;
T01560;1;D2011;dining_chair;fabric;1;117.97;99.14;64.88;2017-01-20;DINI;S03;0;0.0;0.0;
T01560;2;L1021;coffee_table;glass;1;275.37;231.41;151.46;2017-01-20;LIVI;S04;0;0.0;0.0;
T01560;3;K9010;kitchen_chair;oak;2;119.82;100.69;65.9;2017-01-20;KITC;S04;0;0.0;0.0;
T01561;1;O4010;office_chair;ergo;1;333.46;280.22;183.4;2015-08-21;OFFI;S07;0;0.0;0.0;
T01562;1;O4011;office_chair;basic;1;182.18;153.09;100.2;2017-02-01;OFFI;S07;0;0.0;0.0;
T01563;1;C7001;mirror;round;1;115.97;97.46;63.78;2017-03-15;DECO;S05;0;0.0;0.0;
T01564;1;E6002;tv;smart65;1;1193.46;1002.91;656.4;2015-11-30;ELEC;S08;0;0.0;0.0;
T01564;2;E6010;soundbar;compact;1;255.37;214.6;140.46;2015-11-30;ELEC;S08;1;21.7;0.085;B
T01565;1;D2010;dining_chair;oak;2;154.55;129.88;85.0;2015-10-28;DINI;S04;0;0.0;0.0;
T01566;1;O4002;desk;compact;1;257.2;216.13;141.46;2017-05-24;OFFI;S02;0;0.0;0.0;
T01566;2;O4020;bookshelf;oak;1;250.66;210.63;137.86;2017-05-24;OFFI;S04;0;0.0;0.0;
T01566;3;B3003;bed;kompakt;1;721.1;605.96;396.6;2017-05-24;BEDR;S02;0;0.0;0.0;
T01566;4;B3010;mattress;comfort;1;577.08;484.94;317.4;2017-05-24;BEDR;S06;0;0.0;0.0;
T01566;5;B3030;nightstand;harmony;1;184.7;155.21;101.59;2017-05-24;BEDR;S01;0;0.0;0.0;
T01566;6;B3020;headboard;harmony;1;275.34;231.38;151.44;2017-05-24;BEDR;S01;0;0.0;0.0;
T01567;1;B3031;nightstand;kompakt;2;117.1;98.4;64.4;2015-10-17;BEDR;S02;0;0.0;0.0;
T01568;1;O4010;office_chair;ergo;1;360.71;303.12;198.39;2015-08-03;OFFI;S07;0;0.0;0.0;
T01569;1;D2001;dining_table;oak;1;924.67;777.03;508.57;2016-04-30;DINI;S04;0;0.0;0.0;
T01569;2;D2010;dining_chair;oak;2;155.1;130.34;85.31;2016-04-30;DINI;S04;0;0.0;0.0;
T01569;3;D2020;sideboard;oak;1;646.25;543.07;355.44;2016-04-30;DINI;S04;0;0.0;0.0;
T01570;1;D2010;dining_chair;oak;2;145.52;122.28;80.03;2015-08-22;DINI;S04;0;0.0;0.0;
T01570;2;L1020;coffee_table;oak;1;359.6;302.18;197.78;2015-08-22;LIVI;S04;2;34.0;0.0945;K
T01570;3;K9020;bar_stool;oak;1;136.58;114.77;75.12;2015-08-22;KITC;S04;0;0.0;0.0;
T01571;1;C7030;curtain;linen;1;82.7;69.49;45.48;2017-05-07;DECO;S05;1;5.11;0.0618;A
T01572;1;U1020;parasol;basic;1;117.53;98.76;64.64;2016-04-19;OUTD;S09;0;0.0;0.0;
T01572;2;E6002;tv;smart65;1;1227.68;1031.66;675.22;2016-04-19;ELEC;S08;0;0.0;0.0;
T01572;3;E6010;soundbar;compact;1;240.12;201.78;132.07;2016-04-19;ELEC;S08;0;0.0;0.0;
T01573;1;K9001;kitchen_table;oak;1;470.78;395.61;258.93;2016-07-22;KITC;S04;1;36.75;0.0781;A
T01573;2;K9010;kitchen_chair;oak;2;120.9;101.59;66.49;2016-07-22;KITC;S04;0;0.0;0.0;
T01573;3;G5031;led_strip;basic;1;19.04;16.0;10.47;2016-07-22;LIGH;S08;2;2.3;0.1208;A
T01573;4;O4002;desk;compact;1;256.06;215.18;140.84;2016-07-22;OFFI;S02;0;0.0;0.0;
T01574;1;L1002;sofa;milano;1;1767.36;1485.18;972.05;2015-11-24;LIVI;S01;0;0.0;0.0;
T01574;2;L1051;rug;shaggy;1;294.32;247.33;161.87;2015-11-24;LIVI;S05;0;0.0;0.0;
T01575;1;G5001;floor_lamp;luna;1;118.08;99.23;64.94;2016-07-13;LIGH;S03;0;0.0;0.0;
T01576;1;G5010;table_lamp;luna;2;78.17;65.69;43.0;2015-09-16;LIGH;S03;0;0.0;0.0;
T01577;1;K9010;kitchen_chair;oak;4;121.33;101.96;66.73;2015-11-23;KITC;S04;1;7.64;0.063;M
T01578;1;U1001;garden_chair;rattan;4;120.32;101.11;66.18;2015-08-29;OUTD;S09;0;0.0;0.0;
T01579;1;U1020;parasol;basic;1;120.36;101.15;66.2;2017-06-02;OUTD;S09;0;0.0;0.0;
T01580;1;D2011;dining_chair;fabric;2;123.22;103.54;67.77;2017-01-25;DINI;S03;1;7.39;0.06;B
T01580;2;B3020;headboard;harmony;1;271.05;227.77;149.08;2017-01-25;BEDR;S01;0;0.0;0.0;
T01581;1;D2010;dining_chair;oak;1;152.56;128.2;83.91;2016-12-31;DINI;S04;0;0.0;0.0;
T01581;2;L1030;side_table;oak;1;114.82;96.48;63.15;2016-12-31;LIVI;S04;0;0.0;0.0;
T01582;1;O4030;filing_cabinet;metal;1;267.87;225.1;147.33;2015-10-19;OFFI;S07;0;0.0;0.0;
T01582;2;L1011;armchair;luna;1;438.48;368.47;241.17;2015-10-19;LIVI;S03;0;0.0;0.0;
T01583;1;B3002;bed;milano;1;1538.41;1292.79;846.13;2017-01-31;BEDR;S01;0;0.0;0.0;
T01583;2;B3010;mattress;comfort;1;602.31;506.15;331.27;2017-01-31;BEDR;S06;1;54.95;0.0912;M
T01584;1;D2011;dining_chair;fabric;6;120.49;101.25;66.27;2017-01-22;DINI;S03;0;0.0;0.0;
T01585;1;K9011;kitchen_chair;fabric;1;99.5;83.61;54.72;2016-08-04;KITC;S03;2;12.29;0.1235;K
T01586;1;O4002;desk;compact;1;240.75;202.31;132.41;2016-09-21;OFFI;S02;0;0.0;0.0;
T01586;2;O4010;office_chair;ergo;1;342.84;288.1;188.56;2016-09-21;OFFI;S07;0;0.0;0.0;
T01586;3;O4020;bookshelf;oak;1;244.41;205.38;134.42;2016-09-21;OFFI;S04;0;0.0;0.0;
T01586;4;D2012;dining_chair;leather;4;191.25;160.72;105.19;2016-09-21;DINI;S01;0;0.0;0.0;
T01587;1;L1051;rug;shaggy;1;288.84;242.72;158.86;2016-02-27;LIVI;S05;0;0.0;0.0;
T01588;1;L1003;sofa;kompakt;1;820.82;689.76;451.45;2016-07-20;LIVI;S02;0;0.0;0.0;
T01588;2;L1050;rug;berber;1;188.33;158.26;103.58;2016-07-20;LIVI;S05;1;12.41;0.0659;A
T01589;1;G5001;floor_lamp;luna;1;119.3;100.25;65.61;2016-12-28;LIGH;S03;0;0.0;0.0;
T01589;2;B3002;bed;milano;1;1628.06;1368.11;895.43;2016-12-28;BEDR;S01;0;0.0;0.0;
T01589;3;B3010;mattress;comfort;1;619.85;520.89;340.92;2016-12-28;BEDR;S06;2;73.7;0.1189;A
T01589;4;B3020;headboard;harmony;1;283.76;238.45;156.07;2016-12-28;BEDR;S01;0;0.0;0.0;
T01589;5;L1011;armchair;luna;1;467.19;392.6;256.95;2016-12-28;LIVI;S03;0;0.0;0.0;
T01590;1;B3010;mattress;comfort;1;617.44;518.86;339.59;2016-02-14;BEDR;S06;0;0.0;0.0;
T01590;2;C7030;curtain;linen;1;77.98;65.53;42.89;2016-02-14;DECO;S05;1;8.84;0.1134;B
T01591;1;G5010;table_lamp;luna;2;79.42;66.74;43.68;2017-06-22;LIGH;S03;1;10.8;0.136;B
T01592;1;L1041;ottoman;kompakt;1;160.92;135.23;88.51;2016-11-13;LIVI;S02;0;0.0;0.0;
T01593;1;K9002;kitchen_table;kompakt;1;296.79;249.4;163.23;2016-05-19;KITC;S02;0;0.0;0.0;
T01593;2;K9010;kitchen_chair;oak;2;118.48;99.56;65.16;2016-05-19;KITC;S04;0;0.0;0.0;
T01593;3;K9020;bar_stool;oak;1;135.86;114.17;74.72;2016-05-19;KITC;S04;0;0.0;0.0;
T01594;1;G5001;floor_lamp;luna;1;120.26;101.06;66.14;2016-01-31;LIGH;S03;0;0.0;0.0;
T01594;2;B3001;bed;harmony;1;1140.35;958.27;627.19;2016-01-31;BEDR;S01;0;0.0;0.0;
T01594;3;B3010;mattress;comfort;1;595.06;500.05;327.28;2016-01-31;BEDR;S06;0;0.0;0.0;
T01595;1;L1040;ottoman;luna;1;216.81;182.19;119.24;2016-10-22;LIVI;S03;2;34.3;0.1582;K
T01596;1;C7020;picture_frame;wood;2;19.69;16.54;10.83;2015-07-08;DECO;S05;0;0.0;0.0;
T01596;2;O4002;desk;compact;1;252.42;212.12;138.83;2015-07-08;OFFI;S02;0;0.0;0.0;
T01596;3;O4010;office_chair;ergo;1;353.76;297.28;194.57;2015-07-08;OFFI;S07;0;0.0;0.0;
T01597;1;L1041;ottoman;kompakt;1;156.09;131.16;85.85;2017-01-12;LIVI;S02;0;0.0;0.0;
T01598;1;L1020;coffee_table;oak;1;352.27;296.02;193.75;2016-04-12;LIVI;S04;0;0.0;0.0;
T01599;1;D2011;dining_chair;fabric;6;114.13;95.91;62.77;2015-12-13;DINI;S03;0;0.0;0.0;
T01600;1;G5011;table_lamp;modern;2;49.01;41.18;26.95;2015-07-27;LIGH;S05;0;0.0;0.0;
T01600;2;B3031;nightstand;kompakt;1;122.65;103.06;67.45;2015-07-27;BEDR;S02;2;22.87;0.1865;K
T01601;1;S8001;dresser;harmony;1;385.74;324.15;212.15;2016-02-08;STOR;S01;0;0.0;0.0;
T01602;1;B3003;bed;kompakt;1;772.01;648.75;424.61;2016-10-30;BEDR;S02;0;0.0;0.0;
T01602;2;B3010;mattress;comfort;1;599.36;503.66;329.65;2016-10-30;BEDR;S06;0;0.0;0.0;
T01602;3;B3030;nightstand;harmony;1;180.76;151.9;99.42;2016-10-30;BEDR;S01;0;0.0;0.0;
T01602;4;C7020;picture_frame;wood;2;19.47;16.36;10.71;2016-10-30;DECO;S05;0;0.0;0.0;
T01603;1;C7002;mirror;framed;1;175.37;147.37;96.45;2016-10-24;DECO;S05;0;0.0;0.0;
T01604;1;B3031;nightstand;kompakt;1;115.26;96.86;63.39;2017-02-27;BEDR;S02;0;0.0;0.0;
T01605;1;K9010;kitchen_chair;oak;4;123.31;103.62;67.82;2016-06-24;KITC;S04;0;0.0;0.0;
T01606;1;B3010;mattress;comfort;1;578.47;486.11;318.16;2015-11-16;BEDR;S06;0;0.0;0.0;
T01607;1;G5010;table_lamp;luna;2;77.89;65.45;42.84;2017-02-27;LIGH;S03;0;0.0;0.0;
T01607;2;L1030;side_table;oak;1;123.69;103.94;68.03;2017-02-27;LIVI;S04;1;12.68;0.1025;A
T01608;1;L1050;rug;berber;1;194.3;163.28;106.87;2016-01-19;LIVI;S05;0;0.0;0.0;
T01609;1;L1051;rug;shaggy;1;294.58;247.54;162.02;2015-11-23;LIVI;S05;0;0.0;0.0;
T01610;1;O4011;office_chair;basic;1;185.92;156.24;102.26;2016-11-19;OFFI;S07;0;0.0;0.0;
T01610;2;K9011;kitchen_chair;fabric;1;101.52;85.31;55.84;2016-11-19;KITC;S03;0;0.0;0.0;
T01610;3;E6001;tv;smart55;1;786.58;660.99;432.62;2016-11-19;ELEC;S08;0;0.0;0.0;
T01610;4;E6011;soundbar;premium;1;401.36;337.27;220.75;2016-11-19;ELEC;S08;0;0.0;0.0;
T01611;1;G5001;floor_lamp;luna;1;113.69;95.54;62.53;2015-08-23;LIGH;S03;1;10.37;0.0912;M
T01612;1;B3011;mattress;premium;1;914.7;768.65;503.08;2016-07-30;BEDR;S06;0;0.0;0.0;
T01613;1;K9001;kitchen_table;oak;1;429.52;360.94;236.24;2016-05-24;KITC;S04;0;0.0;0.0;
T01613;2;K9011;kitchen_chair;fabric;2;103.49;86.96;56.92;2016-05-24;KITC;S03;0;0.0;0.0;
T01614;1;B3010;mattress;comfort;1;592.89;498.22;326.09;2016-05-15;BEDR;S06;0;0.0;0.0;
T01614;2;G5020;ceiling_light;modern;1;172.47;144.93;94.86;2016-05-15;LIGH;S05;0;0.0;0.0;
T01614;3;B3040;wardrobe;harmony;1;1137.27;955.69;625.5;2016-05-15;BEDR;S01;0;0.0;0.0;
T01615;1;O4011;office_chair;basic;1;183.7;154.37;101.04;2016-07-05;OFFI;S07;0;0.0;0.0;
T01616;1;D2020;sideboard;oak;1;638.79;536.79;351.33;2016-06-17;DINI;S04;0;0.0;0.0;
T01616;2;K9002;kitchen_table;kompakt;1;290.24;243.9;159.63;2016-06-17;KITC;S02;0;0.0;0.0;
T01617;1;C7030;curtain;linen;1;81.28;68.3;44.7;2017-03-14;DECO;S05;1;10.84;0.1333;M
T01617;2;L1001;sofa;harmony;1;1214.48;1020.57;667.96;2017-03-14;LIVI;S01;0;0.0;0.0;
T01618;1;B3002;bed;milano;1;1653.47;1389.47;909.41;2017-06-11;BEDR;S01;2;187.37;0.1133;A
T01618;2;B3031;nightstand;kompakt;1;122.58;103.01;67.42;2017-06-11;BEDR;S02;0;0.0;0.0;
T01618;3;B3020;headboard;harmony;1;273.29;229.65;150.31;2017-06-11;BEDR;S01;0;0.0;0.0;
T01619;1;B3010;mattress;comfort;1;618.08;519.4;339.94;2016-11-21;BEDR;S06;0;0.0;0.0;
T01620;1;U1002;garden_chair;metal;4;90.79;76.3;49.94;2016-05-30;OUTD;S09;2;9.68;0.1066;K
T01620;2;O4020;bookshelf;oak;1;238.01;200.01;130.91;2016-05-30;OFFI;S04;2;41.83;0.1757;K
T01620;3;D2010;dining_chair;oak;4;141.56;118.96;77.86;2016-05-30;DINI;S04;0;0.0;0.0;
T01621;1;B3001;bed;harmony;1;1122.2;943.03;617.21;2015-12-09;BEDR;S01;0;0.0;0.0;
T01621;2;B3010;mattress;comfort;1;583.55;490.37;320.95;2015-12-09;BEDR;S06;0;0.0;0.0;
T01621;3;B3030;nightstand;harmony;2;185.66;156.02;102.12;2015-12-09;BEDR;S01;2;36.01;0.194;A
T01621;4;B3020;headboard;harmony;1;290.0;243.7;159.5;2015-12-09;BEDR;S01;0;0.0;0.0;
T01622;1;C7020;picture_frame;wood;1;18.6;15.63;10.23;2016-10-06;DECO;S05;0;0.0;0.0;
T01622;2;B3010;mattress;comfort;1;618.2;519.5;340.01;2016-10-06;BEDR;S06;0;0.0;0.0;
T01623;1;E6001;tv;smart55;1;800.73;672.88;440.4;2015-08-30;ELEC;S08;0;0.0;0.0;
T01624;1;E6010;soundbar;compact;1;253.64;213.15;139.5;2015-12-30;ELEC;S08;1;20.41;0.0805;A
T01624;2;B3002;bed;milano;1;1568.8;1318.32;862.84;2015-12-30;BEDR;S01;0;0.0;0.0;
T01624;3;B3010;mattress;comfort;1;618.65;519.88;340.26;2015-12-30;BEDR;S06;0;0.0;0.0;
T01625;1;K9002;kitchen_table;kompakt;1;313.74;263.65;172.56;2017-03-09;KITC;S02;1;29.18;0.093;A
T01626;1;D2011;dining_chair;fabric;6;117.77;98.97;64.77;2015-08-04;DINI;S03;0;0.0;0.0;
T01626;2;K9010;kitchen_chair;oak;4;117.53;98.76;64.64;2015-08-04;KITC;S04;0;0.0;0.0;
T01627;1;L1040;ottoman;luna;1;224.56;188.7;123.51;2017-04-28;LIVI;S03;0;0.0;0.0;
T01628;1;B3010;mattress;comfort;1;626.56;526.52;344.61;2015-09-16;BEDR;S06;0;0.0;0.0;
T01629;1;E6011;soundbar;premium;1;398.86;335.17;219.37;2015-12-19;ELEC;S08;0;0.0;0.0;
T01629;2;G5030;led_strip;smart;1;38.85;32.65;21.37;2015-12-19;LIGH;S08;0;0.0;0.0;
T01630;1;D2010;dining_chair;oak;4;150.18;126.2;82.6;2016-10-15;DINI;S04;0;0.0;0.0;
T01631;1;D2020;sideboard;oak;1;662.43;556.66;364.34;2016-01-05;DINI;S04;0;0.0;0.0;
T01632;1;L1001;sofa;harmony;1;1184.7;995.55;651.58;2015-09-17;LIVI;S01;0;0.0;0.0;
T01632;2;L1020;coffee_table;oak;1;340.64;286.26;187.35;2015-09-17;LIVI;S04;1;35.05;0.1029;M
T01632;3;L1010;armchair;harmony;1;583.53;490.36;320.94;2015-09-17;LIVI;S01;1;87.03;0.1491;A
T01632;4;G5010;table_lamp;luna;2;77.58;65.2;42.67;2015-09-17;LIGH;S03;0;0.0;0.0;
T01633;1;B3002;bed;milano;1;1583.53;1330.69;870.94;2016-07-10;BEDR;S01;0;0.0;0.0;
T01633;2;B3011;mattress;premium;1;931.24;782.55;512.18;2016-07-10;BEDR;S06;0;0.0;0.0;
T01634;1;G5020;ceiling_light;modern;1;168.6;141.68;92.73;2015-12-10;LIGH;S05;0;0.0;0.0;
T01635;1;O4002;desk;compact;1;259.0;217.65;142.45;2016-01-10;OFFI;S02;0;0.0;0.0;
T01635;2;O4011;office_chair;basic;1;185.53;155.91;102.04;2016-01-10;OFFI;S07;2;32.86;0.1771;A
T01636;1;E6010;soundbar;compact;1;251.42;211.28;138.28;2016-08-01;ELEC;S08;2;22.04;0.0877;K
T01637;1;B3040;wardrobe;harmony;1;1114.77;936.79;613.13;2017-03-14;BEDR;S01;0;0.0;0.0;
T01638;1;O4011;office_chair;basic;1;174.94;147.01;96.22;2017-01-30;OFFI;S07;0;0.0;0.0;
T01638;2;B3001;bed;harmony;1;1144.02;961.36;629.21;2017-01-30;BEDR;S01;0;0.0;0.0;
T01639;1;C7020;picture_frame;wood;2;19.24;16.16;10.58;2017-05-15;DECO;S05;0;0.0;0.0;
T01639;2;K9002;kitchen_table;kompakt;1;305.03;256.33;167.77;2017-05-15;KITC;S02;0;0.0;0.0;
T01639;3;K9011;kitchen_chair;fabric;2;99.52;83.63;54.74;2017-05-15;KITC;S03;0;0.0;0.0;
T01640;1;O4002;desk;compact;1;251.89;211.67;138.54;2016-04-21;OFFI;S02;0;0.0;0.0;
T01641;1;B3031;nightstand;kompakt;2;118.54;99.61;65.19;2017-06-08;BEDR;S02;0;0.0;0.0;
T01642;1;B3030;nightstand;harmony;1;186.54;156.75;102.59;2015-12-14;BEDR;S01;0;0.0;0.0;
T01642;2;O4010;office_chair;ergo;1;342.96;288.2;188.63;2015-12-14;OFFI;S07;0;0.0;0.0;
T01643;1;S8020;shoe_rack;compact;1;112.18;94.27;61.7;2017-02-14;STOR;S02;0;0.0;0.0;
T01644;1;K9010;kitchen_chair;oak;2;124.19;104.36;68.31;2016-12-21;KITC;S04;0;0.0;0.0;
T01644;2;C7010;vase;ceramic;1;40.62;34.14;22.34;2016-12-21;DECO;S05;1;4.99;0.1227;A
T01644;3;L1050;rug;berber;1;181.7;152.69;99.94;2016-12-21;LIVI;S05;0;0.0;0.0;
T01645;1;U1010;garden_table;rattan;1;286.64;240.87;157.65;2017-04-05;OUTD;S09;0;0.0;0.0;
T01645;2;U1001;garden_chair;rattan;2;116.87;98.21;64.28;2017-04-05;OUTD;S09;1;13.58;0.1162;M
T01646;1;L1001;sofa;harmony;1;1182.23;993.47;650.22;2016-12-19;LIVI;S01;1;84.94;0.0718;B
T01646;2;B3010;mattress;comfort;1;581.13;488.35;319.62;2016-12-19;BEDR;S06;0;0.0;0.0;
T01646;3;U1010;garden_table;rattan;1;297.38;249.9;163.56;2016-12-19;OUTD;S09;1;32.28;0.1085;M
T01646;4;U1001;garden_chair;rattan;2;113.17;95.1;62.24;2016-12-19;OUTD;S09;0;0.0;0.0;
T01647;1;C7020;picture_frame;wood;1;19.21;16.14;10.56;2015-11-26;DECO;S05;0;0.0;0.0;
T01648;1;B3003;bed;kompakt;1;779.56;655.09;428.76;2015-08-18;BEDR;S02;2;39.27;0.0504;K
T01648;2;B3010;mattress;comfort;1;593.84;499.02;326.61;2015-08-18;BEDR;S06;0;0.0;0.0;
T01648;3;B3020;headboard;harmony;1;280.14;235.41;154.07;2015-08-18;BEDR;S01;0;0.0;0.0;
T01649;1;L1051;rug;shaggy;1;304.75;256.09;167.61;2016-05-30;LIVI;S05;0;0.0;0.0;
T01650;1;K9001;kitchen_table;oak;1;471.26;396.02;259.19;2017-06-15;KITC;S04;0;0.0;0.0;
T01650;2;K9010;kitchen_chair;oak;4;121.24;101.88;66.68;2017-06-15;KITC;S04;0;0.0;0.0;
T01650;3;S8001;dresser;harmony;1;384.18;322.84;211.3;2017-06-15;STOR;S01;0;0.0;0.0;
T01651;1;B3020;headboard;harmony;1;285.83;240.19;157.21;2017-02-28;BEDR;S01;0;0.0;0.0;
T01652;1;L1040;ottoman;luna;1;210.24;176.67;115.63;2017-06-29;LIVI;S03;0;0.0;0.0;
T01653;1;B3001;bed;harmony;1;1141.17;958.97;627.64;2016-07-24;BEDR;S01;0;0.0;0.0;
T01653;2;B3010;mattress;comfort;1;590.9;496.56;325.0;2016-07-24;BEDR;S06;0;0.0;0.0;
T01654;1;K9011;kitchen_chair;fabric;2;103.27;86.78;56.8;2015-09-27;KITC;S03;0;0.0;0.0;
T01654;2;O4030;filing_cabinet;metal;1;262.73;220.78;144.5;2015-09-27;OFFI;S07;2;29.81;0.1135;K
T01655;1;L1002;sofa;milano;1;1819.86;1529.29;1000.92;2017-05-22;LIVI;S01;0;0.0;0.0;
T01655;2;L1021;coffee_table;glass;1;282.38;237.29;155.31;2017-05-22;LIVI;S04;0;0.0;0.0;
T01656;1;O4011;office_chair;basic;1;176.07;147.96;96.84;2016-03-28;OFFI;S07;0;0.0;0.0;
T01656;2;S8020;shoe_rack;compact;1;110.48;92.84;60.76;2016-03-28;STOR;S02;0;0.0;0.0;
T01657;1;K9021;bar_stool;metal;1;106.09;89.15;58.35;2016-02-24;KITC;S07;0;0.0;0.0;
T01658;1;L1010;armchair;harmony;1;572.88;481.42;315.09;2015-11-08;LIVI;S01;0;0.0;0.0;
T01659;1;C7030;curtain;linen;1;78.43;65.91;43.14;2016-04-27;DECO;S05;0;0.0;0.0;
T01660;1;D2011;dining_chair;fabric;2;117.12;98.42;64.42;2016-05-09;DINI;S03;0;0.0;0.0;
T01661;1;K9010;kitchen_chair;oak;4;114.78;96.45;63.13;2016-09-30;KITC;S04;2;7.91;0.0689;A
T01661;2;K9001;kitchen_table;oak;1;446.97;375.6;245.83;2016-09-30;KITC;S04;0;0.0;0.0;
T01661;3;L1001;sofa;harmony;1;1157.06;972.32;636.38;2016-09-30;LIVI;S01;2;157.15;0.1358;A
T01661;4;L1051;rug;shaggy;1;307.26;258.21;169.0;2016-09-30;LIVI;S05;1;43.56;0.1418;A
T01662;1;K9020;bar_stool;oak;1;136.81;114.97;75.25;2017-06-03;KITC;S04;1;8.52;0.0622;M
T01663;1;B3010;mattress;comfort;1;605.93;509.19;333.26;2015-12-04;BEDR;S06;1;60.05;0.0991;A
T01664;1;B3010;mattress;comfort;1;571.96;480.64;314.58;2017-05-24;BEDR;S06;0;0.0;0.0;
T01664;2;L1020;coffee_table;oak;1;350.22;294.3;192.62;2017-05-24;LIVI;S04;0;0.0;0.0;
T01665;1;D2020;sideboard;oak;1;660.72;555.23;363.39;2016-08-08;DINI;S04;0;0.0;0.0;
T01666;1;K9010;kitchen_chair;oak;6;121.84;102.38;67.01;2016-11-16;KITC;S04;1;16.84;0.1382;B
T01666;2;D2001;dining_table;oak;1;882.15;741.3;485.18;2016-11-16;DINI;S04;0;0.0;0.0;
T01666;3;D2010;dining_chair;oak;2;151.94;127.68;83.57;2016-11-16;DINI;S04;0;0.0;0.0;
T01666;4;D2031;table_extension;walnut;1;141.57;118.97;77.86;2016-11-16;DINI;S04;0;0.0;0.0;
T01666;5;D2020;sideboard;oak;1;666.59;560.16;366.62;2016-11-16;DINI;S04;0;0.0;0.0;
T01667;1;K9002;kitchen_table;kompakt;1;311.63;261.88;171.4;2017-06-29;KITC;S02;0;0.0;0.0;
T01667;2;K9010;kitchen_chair;oak;2;124.26;104.42;68.34;2017-06-29;KITC;S04;0;0.0;0.0;
T01668;1;B3011;mattress;premium;1;865.28;727.12;475.9;2016-09-11;BEDR;S06;0;0.0;0.0;
T01669;1;D2020;sideboard;oak;1;673.5;565.97;370.43;2016-01-09;DINI;S04;0;0.0;0.0;
T01669;2;C7010;vase;ceramic;2;37.62;31.62;20.69;2016-01-09;DECO;S05;0;0.0;0.0;
T01670;1;B3001;bed;harmony;1;1081.06;908.45;594.58;2016-11-23;BEDR;S01;0;0.0;0.0;
T01670;2;B3031;nightstand;kompakt;2;120.45;101.22;66.25;2016-11-23;BEDR;S02;0;0.0;0.0;
T01670;3;B3020;headboard;harmony;1;287.2;241.35;157.96;2016-11-23;BEDR;S01;1;16.67;0.0581;B
T01671;1;E6030;dvd_player;basic;1;67.37;56.61;37.05;2016-08-21;ELEC;S08;0;0.0;0.0;
T01672;1;B3001;bed;harmony;1;1066.05;895.84;586.33;2017-04-22;BEDR;S01;0;0.0;0.0;
T01672;2;B3011;mattress;premium;1;938.2;788.4;516.01;2017-04-22;BEDR;S06;0;0.0;0.0;
T01672;3;B3020;headboard;harmony;1;265.6;223.2;146.08;2017-04-22;BEDR;S01;0;0.0;0.0;
T01672;4;L1030;side_table;oak;1;113.43;95.32;62.39;2017-04-22;LIVI;S04;0;0.0;0.0;
T01673;1;C7020;picture_frame;wood;3;18.14;15.24;9.98;2016-08-22;DECO;S05;0;0.0;0.0;
T01674;1;G5031;led_strip;basic;1;19.0;15.97;10.45;2017-01-23;LIGH;S08;0;0.0;0.0;
T01674;2;D2010;dining_chair;oak;2;153.71;129.16;84.54;2017-01-23;DINI;S04;0;0.0;0.0;
T01675;1;L1011;armchair;luna;1;439.06;368.95;241.48;2017-01-26;LIVI;S03;0;0.0;0.0;
T01675;2;E6002;tv;smart65;1;1258.84;1057.85;692.36;2017-01-26;ELEC;S08;0;0.0;0.0;
T01676;1;K9010;kitchen_chair;oak;6;118.86;99.88;65.37;2016-07-01;KITC;S04;1;13.33;0.1121;B
T01677;1;C7020;picture_frame;wood;2;19.81;16.64;10.89;2017-03-03;DECO;S05;2;3.87;0.1952;K
T01678;1;G5001;floor_lamp;luna;1;120.28;101.08;66.15;2015-10-09;LIGH;S03;0;0.0;0.0;
T01679;1;L1002;sofa;milano;1;1853.16;1557.28;1019.24;2016-10-15;LIVI;S01;2;267.16;0.1442;K
T01679;2;L1021;coffee_table;glass;1;289.71;243.45;159.34;2016-10-15;LIVI;S04;0;0.0;0.0;
T01680;1;L1040;ottoman;luna;1;210.16;176.6;115.59;2017-05-22;LIVI;S03;0;0.0;0.0;
T01681;1;K9002;kitchen_table;kompakt;1;307.72;258.59;169.25;2015-11-24;KITC;S02;2;43.1;0.1401;A
T01681;2;K9010;kitchen_chair;oak;6;113.82;95.65;62.6;2015-11-24;KITC;S04;0;0.0;0.0;
T01681;3;C7001;mirror;round;1;119.03;100.03;65.47;2015-11-24;DECO;S05;0;0.0;0.0;
T01682;1;L1001;sofa;harmony;1;1219.84;1025.07;670.91;2016-01-28;LIVI;S01;0;0.0;0.0;
T01682;2;L1020;coffee_table;oak;1;360.85;303.23;198.47;2016-01-28;LIVI;S04;0;0.0;0.0;
T01683;1;D2011;dining_chair;fabric;6;124.93;104.98;68.71;2015-09-02;DINI;S03;0;0.0;0.0;
T01684;1;O4001;desk;oak;1;388.67;326.61;213.77;2016-04-30;OFFI;S04;0;0.0;0.0;
T01684;2;O4020;bookshelf;oak;1;248.62;208.93;136.74;2016-04-30;OFFI;S04;0;0.0;0.0;
T01684;3;U1002;garden_chair;metal;2;85.22;71.61;46.87;2016-04-30;OUTD;S09;0;0.0;0.0;
T01684;4;D2012;dining_chair;leather;2;204.52;171.87;112.49;2016-04-30;DINI;S01;0;0.0;0.0;
T01685;1;B3030;nightstand;harmony;1;183.13;153.89;100.72;2016-12-15;BEDR;S01;0;0.0;0.0;
T01685;2;C7020;picture_frame;wood;2;18.91;15.89;10.4;2016-12-15;DECO;S05;1;2.8;0.1482;B
T01686;1;K9020;bar_stool;oak;1;141.15;118.61;77.63;2017-01-16;KITC;S04;0;0.0;0.0;
T01687;1;O4001;desk;oak;1;416.01;349.59;228.81;2017-04-03;OFFI;S04;1;56.12;0.1349;A
T01687;2;O4011;office_chair;basic;1;174.16;146.35;95.79;2017-04-03;OFFI;S07;0;0.0;0.0;
T01688;1;U1002;garden_chair;metal;2;87.6;73.61;48.18;2016-05-03;OUTD;S09;0;0.0;0.0;
T01689;1;S8001;dresser;harmony;1;373.67;314.01;205.52;2016-12-20;STOR;S01;0;0.0;0.0;
T01690;1;L1030;side_table;oak;1;119.27;100.23;65.6;2016-08-05;LIVI;S04;2;19.35;0.1623;A
T01691;1;L1050;rug;berber;1;193.02;162.2;106.16;2017-04-17;LIVI;S05;0;0.0;0.0;
T01691;2;O4010;office_chair;ergo;1;338.96;284.84;186.43;2017-04-17;OFFI;S07;0;0.0;0.0;
T01692;1;K9001;kitchen_table;oak;1;455.52;382.79;250.54;2017-06-20;KITC;S04;0;0.0;0.0;
T01693;1;D2012;dining_chair;leather;4;202.03;169.77;111.11;2016-09-07;DINI;S01;0;0.0;0.0;
T01693;2;G5011;table_lamp;modern;1;51.07;42.92;28.09;2016-09-07;LIGH;S05;0;0.0;0.0;
T01694;1;S8010;cabinet;oak;1;554.4;465.88;304.92;2016-08-11;STOR;S04;0;0.0;0.0;
T01694;2;G5011;table_lamp;modern;1;49.55;41.64;27.25;2016-08-11;LIGH;S05;0;0.0;0.0;
T01695;1;K9021;bar_stool;metal;1;107.36;90.22;59.05;2015-08-01;KITC;S07;0;0.0;0.0;
T01696;1;G5001;floor_lamp;luna;1;122.46;102.9;67.35;2015-09-20;LIGH;S03;0;0.0;0.0;
T01697;1;B3030;nightstand;harmony;2;172.08;144.61;94.65;2015-10-21;BEDR;S01;0;0.0;0.0;
T01698;1;B3011;mattress;premium;1;902.53;758.43;496.39;2015-07-12;BEDR;S06;0;0.0;0.0;
T01699;1;L1011;armchair;luna;1;458.9;385.63;252.39;2016-09-04;LIVI;S03;0;0.0;0.0;
T01700;1;G5020;ceiling_light;modern;1;176.35;148.2;96.99;2017-05-27;LIGH;S05;0;0.0;0.0;
T01700;2;C7030;curtain;linen;1;78.16;65.68;42.99;2017-05-27;DECO;S05;1;5.67;0.0725;M
T01701;1;C7002;mirror;framed;1;161.99;136.12;89.09;2016-08-30;DECO;S05;0;0.0;0.0;
T01701;2;K9011;kitchen_chair;fabric;2;101.76;85.52;55.97;2016-08-30;KITC;S03;0;0.0;0.0;
T01702;1;C7030;curtain;linen;1;79.35;66.68;43.64;2015-12-24;DECO;S05;2;11.78;0.1485;A
T01703;1;L1001;sofa;harmony;1;1221.75;1026.68;671.96;2016-07-09;LIVI;S01;0;0.0;0.0;
T01703;2;L1020;coffee_table;oak;1;352.55;296.26;193.9;2016-07-09;LIVI;S04;1;24.15;0.0685;B
T01704;1;L1002;sofa;milano;1;1729.2;1453.11;951.06;2015-11-05;LIVI;S01;1;171.53;0.0992;B
T01704;2;L1050;rug;berber;1;193.63;162.72;106.5;2015-11-05;LIVI;S05;0;0.0;0.0;
T01704;3;D2002;dining_table;walnut;1;1251.87;1051.99;688.53;2015-11-05;DINI;S04;0;0.0;0.0;
T01704;4;D2011;dining_chair;fabric;4;116.31;97.74;63.97;2015-11-05;DINI;S03;0;0.0;0.0;
T01704;5;D2031;table_extension;walnut;1;149.07;125.27;81.99;2015-11-05;DINI;S04;0;0.0;0.0;
T01705;1;G5001;floor_lamp;luna;1;122.25;102.73;67.24;2016-08-17;LIGH;S03;0;0.0;0.0;
T01706;1;U1001;garden_chair;rattan;2;123.52;103.8;67.94;2017-01-26;OUTD;S09;1;16.09;0.1302;A
T01706;2;B3001;bed;harmony;1;1141.54;959.28;627.85;2017-01-26;BEDR;S01;0;0.0;0.0;
T01706;3;B3011;mattress;premium;1;892.06;749.63;490.63;2017-01-26;BEDR;S06;0;0.0;0.0;
T01706;4;B3020;headboard;harmony;1;279.98;235.28;153.99;2017-01-26;BEDR;S01;0;0.0;0.0;
T01707;1;D2001;dining_table;oak;1;917.75;771.22;504.76;2016-01-18;DINI;S04;0;0.0;0.0;
T01707;2;D2012;dining_chair;leather;2;205.59;172.77;113.08;2016-01-18;DINI;S01;0;0.0;0.0;
T01707;3;D2030;table_extension;oak;1;122.17;102.66;67.19;2016-01-18;DINI;S04;0;0.0;0.0;
T01707;4;D2020;sideboard;oak;1;676.13;568.18;371.87;2016-01-18;DINI;S04;0;0.0;0.0;
T01708;1;G5011;table_lamp;modern;2;47.1;39.58;25.9;2017-03-06;LIGH;S05;0;0.0;0.0;
T01709;1;K9001;kitchen_table;oak;1;451.6;379.5;248.38;2016-08-10;KITC;S04;0;0.0;0.0;
T01710;1;S8020;shoe_rack;compact;1;104.18;87.55;57.3;2015-10-07;STOR;S02;0;0.0;0.0;
T01710;2;B3003;bed;kompakt;1;732.75;615.76;403.01;2015-10-07;BEDR;S02;0;0.0;0.0;
T01710;3;B3010;mattress;comfort;1;605.38;508.73;332.96;2015-10-07;BEDR;S06;0;0.0;0.0;
T01710;4;B3031;nightstand;kompakt;2;113.12;95.06;62.21;2015-10-07;BEDR;S02;0;0.0;0.0;
T01711;1;L1001;sofa;harmony;1;1150.71;966.98;632.89;2017-01-20;LIVI;S01;0;0.0;0.0;
T01712;1;K9021;bar_stool;metal;1;107.42;90.27;59.08;2016-07-26;KITC;S07;0;0.0;0.0;
T01713;1;O4020;bookshelf;oak;1;259.19;217.8;142.55;2017-01-05;OFFI;S04;0;0.0;0.0;
T01714;1;S8001;dresser;harmony;1;376.76;316.6;207.22;2016-03-23;STOR;S01;1;34.83;0.0924;M
T01715;1;K9002;kitchen_table;kompakt;1;301.78;253.6;165.98;2017-01-13;KITC;S02;0;0.0;0.0;
T01715;2;K9011;kitchen_chair;fabric;4;94.54;79.44;52.0;2017-01-13;KITC;S03;0;0.0;0.0;
T01716;1;B3003;bed;kompakt;1;721.86;606.61;397.02;2016-08-17;BEDR;S02;0;0.0;0.0;
T01716;2;B3011;mattress;premium;1;920.92;773.89;506.51;2016-08-17;BEDR;S06;0;0.0;0.0;
T01716;3;B3030;nightstand;harmony;1;185.34;155.75;101.94;2016-08-17;BEDR;S01;0;0.0;0.0;
T01716;4;B3020;headboard;harmony;1;282.2;237.14;155.21;2016-08-17;BEDR;S01;0;0.0;0.0;
T01717;1;B3030;nightstand;harmony;2;175.57;147.54;96.57;2017-01-20;BEDR;S01;0;0.0;0.0;
T01718;1;L1030;side_table;oak;1;118.28;99.4;65.06;2015-12-25;LIVI;S04;0;0.0;0.0;
T01719;1;D2011;dining_chair;fabric;6;123.39;103.69;67.87;2016-07-12;DINI;S03;0;0.0;0.0;
T01720;1;B3010;mattress;comfort;1;598.37;502.84;329.11;2016-07-31;BEDR;S06;0;0.0;0.0;
T01720;2;K9011;kitchen_chair;fabric;4;94.15;79.12;51.78;2016-07-31;KITC;S03;0;0.0;0.0;
T01721;1;L1020;coffee_table;oak;1;361.26;303.58;198.69;2016-08-28;LIVI;S04;0;0.0;0.0;
T01721;2;E6001;tv;smart55;1;838.65;704.75;461.26;2016-08-28;ELEC;S08;0;0.0;0.0;
T01722;1;L1050;rug;berber;1;195.27;164.09;107.4;2015-09-01;LIVI;S05;0;0.0;0.0;
T01722;2;B3003;bed;kompakt;1;718.34;603.65;395.09;2015-09-01;BEDR;S02;0;0.0;0.0;
T01722;3;B3030;nightstand;harmony;1;181.57;152.58;99.86;2015-09-01;BEDR;S01;0;0.0;0.0;
T01722;4;B3020;headboard;harmony;1;267.92;225.15;147.36;2015-09-01;BEDR;S01;0;0.0;0.0;
T01723;1;D2003;dining_table;kompakt;1;618.03;519.35;339.92;2017-04-12;DINI;S02;0;0.0;0.0;
T01723;2;D2011;dining_chair;fabric;4;122.22;102.71;67.22;2017-04-12;DINI;S03;0;0.0;0.0;
T01723;3;D2020;sideboard;oak;1;632.03;531.12;347.62;2017-04-12;DINI;S04;0;0.0;0.0;
T01724;1;G5031;led_strip;basic;1;19.59;16.46;10.77;2016-10-12;LIGH;S08;0;0.0;0.0;
T01725;1;D2011;dining_chair;fabric;6;114.18;95.95;62.8;2016-10-18;DINI;S03;1;6.02;0.0527;B
T01726;1;L1003;sofa;kompakt;1;822.7;691.35;452.49;2015-08-29;LIVI;S02;0;0.0;0.0;
T01726;2;G5001;floor_lamp;luna;1;113.21;95.13;62.26;2015-08-29;LIGH;S03;0;0.0;0.0;
T01726;3;L1050;rug;berber;1;194.91;163.79;107.2;2015-08-29;LIVI;S05;0;0.0;0.0;
T01727;1;C7001;mirror;round;1;116.9;98.23;64.29;2016-07-16;DECO;S05;0;0.0;0.0;
T01727;2;B3020;headboard;harmony;1;275.34;231.38;151.44;2016-07-16;BEDR;S01;0;0.0;0.0;
T01728;1;K9010;kitchen_chair;oak;2;114.64;96.33;63.05;2017-01-04;KITC;S04;0;0.0;0.0;
T01729;1;U1001;garden_chair;rattan;4;122.25;102.73;67.24;2016-02-20;OUTD;S09;0;0.0;0.0;
T01730;1;U1002;garden_chair;metal;2;92.04;77.34;50.62;2016-12-10;OUTD;S09;0;0.0;0.0;
T01730;2;E6010;soundbar;compact;1;255.22;214.47;140.37;2016-12-10;ELEC;S08;0;0.0;0.0;
T01731;1;O4011;office_chair;basic;1;170.51;143.28;93.78;2017-02-04;OFFI;S07;0;0.0;0.0;
T01731;2;G5010;table_lamp;luna;2;80.12;67.33;44.07;2017-02-04;LIGH;S03;1;10.62;0.1325;M
T01732;1;D2030;table_extension;oak;1;123.14;103.48;67.73;2017-03-21;DINI;S04;1;7.97;0.0647;B
T01733;1;D2030;table_extension;oak;1;119.95;100.8;65.98;2015-11-10;DINI;S04;0;0.0;0.0;
T01733;2;S8010;cabinet;oak;1;538.23;452.29;296.02;2015-11-10;STOR;S04;1;45.62;0.0848;M
T01734;1;D2011;dining_chair;fabric;2;116.77;98.13;64.22;2015-09-14;DINI;S03;2;13.4;0.1148;A
T01734;2;B3030;nightstand;harmony;1;175.5;147.48;96.53;2015-09-14;BEDR;S01;0;0.0;0.0;
T01735;1;C7010;vase;ceramic;2;38.53;32.38;21.19;2016-05-18;DECO;S05;1;2.05;0.0532;M
T01736;1;S8010;cabinet;oak;1;566.32;475.9;311.48;2016-03-10;STOR;S04;0;0.0;0.0;
T01736;2;E6030;dvd_player;basic;1;67.3;56.56;37.02;2016-03-10;ELEC;S08;0;0.0;0.0;
T01736;3;G5020;ceiling_light;modern;1;171.72;144.3;94.44;2016-03-10;LIGH;S05;0;0.0;0.0;
T01737;1;B3030;nightstand;harmony;1;185.19;155.63;101.86;2016-03-21;BEDR;S01;0;0.0;0.0;
T01738;1;K9010;kitchen_chair;oak;2;122.57;103.0;67.41;2017-04-08;KITC;S04;0;0.0;0.0;
T01739;1;L1011;armchair;luna;1;452.7;380.42;248.99;2016-02-21;LIVI;S03;1;26.87;0.0594;M
T01740;1;G5030;led_strip;smart;1;39.07;32.83;21.49;2016-11-19;LIGH;S08;0;0.0;0.0;
T01740;2;S8020;shoe_rack;compact;1;112.91;94.88;62.1;2016-11-19;STOR;S02;1;14.7;0.1302;B
T01741;1;K9001;kitchen_table;oak;1;463.02;389.09;254.66;2016-03-22;KITC;S04;0;0.0;0.0;
T01741;2;K9010;kitchen_chair;oak;2;113.29;95.21;62.31;2016-03-22;KITC;S04;1;7.64;0.0674;M
T01741;3;O4002;desk;compact;1;252.11;211.86;138.66;2016-03-22;OFFI;S02;0;0.0;0.0;
T01741;4;O4010;office_chair;ergo;1;353.38;296.96;194.36;2016-03-22;OFFI;S07;0;0.0;0.0;
T01741;5;C7030;curtain;linen;1;80.7;67.82;44.39;2016-03-22;DECO;S05;0;0.0;0.0;
T01742;1;B3001;bed;harmony;1;1128.61;948.41;620.73;2016-11-24;BEDR;S01;0;0.0;0.0;
T01742;2;B3010;mattress;comfort;1;600.68;504.77;330.37;2016-11-24;BEDR;S06;0;0.0;0.0;
T01742;3;L1040;ottoman;luna;1;222.01;186.56;122.1;2016-11-24;LIVI;S03;0;0.0;0.0;
T01743;1;C7002;mirror;framed;1;176.73;148.51;97.2;2015-09-05;DECO;S05;0;0.0;0.0;
T01744;1;S8020;shoe_rack;compact;1;110.45;92.81;60.75;2017-04-20;STOR;S02;0;0.0;0.0;
T01745;1;E6030;dvd_player;basic;1;68.5;57.56;37.68;2016-09-17;ELEC;S08;0;0.0;0.0;
T01746;1;D2002;dining_table;walnut;1;1307.63;1098.85;719.2;2016-01-14;DINI;S04;0;0.0;0.0;
T01746;2;D2012;dining_chair;leather;2;192.54;161.8;105.89;2016-01-14;DINI;S01;0;0.0;0.0;
T01746;3;D2030;table_extension;oak;1;122.4;102.86;67.32;2016-01-14;DINI;S04;0;0.0;0.0;
T01746;4;L1002;sofa;milano;1;1852.1;1556.39;1018.66;2016-01-14;LIVI;S01;0;0.0;0.0;
T01746;5;L1011;armchair;luna;1;451.77;379.64;248.48;2016-01-14;LIVI;S03;0;0.0;0.0;
T01746;6;B3003;bed;kompakt;1;715.76;601.48;393.67;2016-01-14;BEDR;S02;0;0.0;0.0;
T01747;1;E6030;dvd_player;basic;1;69.42;58.33;38.18;2016-06-01;ELEC;S08;1;3.79;0.0546;A
T01748;1;B3001;bed;harmony;1;1131.78;951.08;622.48;2016-05-24;BEDR;S01;0;0.0;0.0;
T01748;2;B3011;mattress;premium;1;885.85;744.41;487.22;2016-05-24;BEDR;S06;0;0.0;0.0;
T01748;3;L1002;sofa;milano;1;1735.51;1458.41;954.53;2016-05-24;LIVI;S01;0;0.0;0.0;
T01748;4;O4020;bookshelf;oak;1;242.77;204.01;133.52;2016-05-24;OFFI;S04;0;0.0;0.0;
T01749;1;B3031;nightstand;kompakt;1;120.79;101.5;66.43;2015-11-07;BEDR;S02;0;0.0;0.0;
T01750;1;G5011;table_lamp;modern;1;48.42;40.69;26.63;2016-03-24;LIGH;S05;0;0.0;0.0;
T01751;1;K9011;kitchen_chair;fabric;1;99.62;83.71;54.79;2017-03-29;KITC;S03;0;0.0;0.0;
T01752;1;B3011;mattress;premium;1;908.02;763.05;499.41;2015-08-10;BEDR;S06;2;108.57;0.1196;A
T01752;2;C7001;mirror;round;1;122.8;103.19;67.54;2015-08-10;DECO;S05;0;0.0;0.0;
T01753;1;L1050;rug;berber;1;185.75;156.09;102.16;2015-07-29;LIVI;S05;0;0.0;0.0;
T01754;1;G5001;floor_lamp;luna;1;114.17;95.94;62.79;2017-05-29;LIGH;S03;0;0.0;0.0;
T01754;2;U1001;garden_chair;rattan;2;114.22;95.98;62.82;2017-05-29;OUTD;S09;0;0.0;0.0;
T01755;1;G5001;floor_lamp;luna;1;121.98;102.5;67.09;2016-02-07;LIGH;S03;0;0.0;0.0;
T01755;2;D2001;dining_table;oak;1;875.55;735.76;481.55;2016-02-07;DINI;S04;0;0.0;0.0;
T01755;3;D2011;dining_chair;fabric;4;116.32;97.74;63.97;2016-02-07;DINI;S03;0;0.0;0.0;
T01756;1;C7020;picture_frame;wood;2;18.4;15.46;10.12;2017-04-12;DECO;S05;0;0.0;0.0;
T01757;1;G5030;led_strip;smart;1;39.16;32.91;21.54;2016-05-14;LIGH;S08;0;0.0;0.0;
T01758;1;C7001;mirror;round;1;122.23;102.72;67.23;2016-11-16;DECO;S05;0;0.0;0.0;
T01759;1;K9001;kitchen_table;oak;1;467.52;392.88;257.14;2016-02-15;KITC;S04;0;0.0;0.0;
T01759;2;K9010;kitchen_chair;oak;4;121.77;102.33;66.97;2016-02-15;KITC;S04;0;0.0;0.0;
T01760;1;C7030;curtain;linen;1;82.62;69.43;45.44;2016-10-14;DECO;S05;1;12.09;0.1463;B
T01761;1;D2011;dining_chair;fabric;1;122.02;102.54;67.11;2015-08-14;DINI;S03;0;0.0;0.0;
T01762;1;K9002;kitchen_table;kompakt;1;305.32;256.57;167.93;2017-02-10;KITC;S02;0;0.0;0.0;
T01762;2;K9010;kitchen_chair;oak;1;115.07;96.7;63.29;2017-02-10;KITC;S04;0;0.0;0.0;
T01763;1;B3030;nightstand;harmony;1;170.39;143.18;93.71;2015-11-26;BEDR;S01;0;0.0;0.0;
T01764;1;L1020;coffee_table;oak;1;335.14;281.63;184.33;2017-05-19;LIVI;S04;0;0.0;0.0;
T01765;1;L1003;sofa;kompakt;1;822.51;691.19;452.38;2016-05-11;LIVI;S02;1;121.44;0.1476;M
T01766;1;L1021;coffee_table;glass;1;285.24;239.7;156.88;2017-04-14;LIVI;S04;0;0.0;0.0;
T01766;2;S8010;cabinet;oak;1;561.36;471.73;308.75;2017-04-14;STOR;S04;0;0.0;0.0;
T01766;3;D2001;dining_table;oak;1;934.99;785.71;514.25;2017-04-14;DINI;S04;0;0.0;0.0;
T01766;4;D2012;dining_chair;leather;1;192.95;162.15;106.13;2017-04-14;DINI;S01;0;0.0;0.0;
T01766;5;D2031;table_extension;walnut;1;156.15;131.22;85.88;2017-04-14;DINI;S04;0;0.0;0.0;
T01767;1;L1051;rug;shaggy;1;292.67;245.94;160.97;2017-02-11;LIVI;S05;0;0.0;0.0;
T01767;2;D2003;dining_table;kompakt;1;620.95;521.81;341.52;2017-02-11;DINI;S02;0;0.0;0.0;
T01767;3;D2011;dining_chair;fabric;4;118.0;99.16;64.9;2017-02-11;DINI;S03;0;0.0;0.0;
T01767;4;D2031;table_extension;walnut;1;152.48;128.14;83.87;2017-02-11;DINI;S04;0;0.0;0.0;
T01768;1;L1011;armchair;luna;1;441.23;370.78;242.68;2017-01-27;LIVI;S03;0;0.0;0.0;
T01768;2;G5010;table_lamp;luna;2;77.54;65.16;42.65;2017-01-27;LIGH;S03;0;0.0;0.0;
T01769;1;L1020;coffee_table;oak;1;340.82;286.4;187.45;2016-05-28;LIVI;S04;0;0.0;0.0;
T01770;1;L1001;sofa;harmony;1;1246.92;1047.83;685.8;2016-06-10;LIVI;S01;0;0.0;0.0;
T01770;2;L1051;rug;shaggy;1;290.3;243.95;159.67;2016-06-10;LIVI;S05;2;38.31;0.132;K
T01771;1;O4001;desk;oak;1;397.45;333.99;218.6;2016-11-09;OFFI;S04;0;0.0;0.0;
T01772;1;L1041;ottoman;kompakt;1;165.27;138.88;90.9;2015-10-29;LIVI;S02;0;0.0;0.0;
T01773;1;B3002;bed;milano;1;1626.05;1366.43;894.33;2015-09-05;BEDR;S01;1;192.33;0.1183;A
T01773;2;B3010;mattress;comfort;1;622.8;523.36;342.54;2015-09-05;BEDR;S06;0;0.0;0.0;
T01773;3;B3020;headboard;harmony;1;280.87;236.03;154.48;2015-09-05;BEDR;S01;0;0.0;0.0;
T01774;1;K9001;kitchen_table;oak;1;459.73;386.32;252.85;2016-07-21;KITC;S04;0;0.0;0.0;
T01774;2;K9011;kitchen_chair;fabric;6;94.41;79.34;51.93;2016-07-21;KITC;S03;0;0.0;0.0;
T01775;1;S8020;shoe_rack;compact;1;106.55;89.54;58.6;2016-02-03;STOR;S02;1;14.18;0.1331;B
T01776;1;O4010;office_chair;ergo;1;339.06;284.92;186.48;2015-09-16;OFFI;S07;0;0.0;0.0;
T01777;1;B3020;headboard;harmony;1;288.87;242.75;158.88;2015-11-02;BEDR;S01;0;0.0;0.0;
T01778;1;D2001;dining_table;oak;1;888.75;746.85;488.81;2015-09-29;DINI;S04;0;0.0;0.0;
T01778;2;D2010;dining_chair;oak;4;149.85;125.93;82.42;2015-09-29;DINI;S04;1;11.1;0.0741;M
T01779;1;D2031;table_extension;walnut;1;155.65;130.8;85.61;2015-11-02;DINI;S04;0;0.0;0.0;
T01780;1;E6010;soundbar;compact;1;240.05;201.72;132.03;2015-08-18;ELEC;S08;0;0.0;0.0;
T01781;1;S8010;cabinet;oak;1;522.08;438.72;287.14;2017-02-02;STOR;S04;0;0.0;0.0;
T01782;1;O4002;desk;compact;1;237.45;199.54;130.6;2016-05-26;OFFI;S02;0;0.0;0.0;
T01782;2;O4010;office_chair;ergo;1;359.16;301.82;197.54;2016-05-26;OFFI;S07;0;0.0;0.0;
T01782;3;E6010;soundbar;compact;1;259.69;218.23;142.83;2016-05-26;ELEC;S08;0;0.0;0.0;
T01783;1;D2001;dining_table;oak;1;882.18;741.33;485.2;2015-11-24;DINI;S04;1;105.89;0.12;B
T01783;2;D2010;dining_chair;oak;6;146.68;123.26;80.67;2015-11-24;DINI;S04;0;0.0;0.0;
T01784;1;B3030;nightstand;harmony;2;185.92;156.24;102.26;2016-01-11;BEDR;S01;0;0.0;0.0;
T01784;2;D2010;dining_chair;oak;2;155.68;130.82;85.62;2016-01-11;DINI;S04;0;0.0;0.0;
T01784;3;D2020;sideboard;oak;1;639.01;536.98;351.46;2016-01-11;DINI;S04;0;0.0;0.0;
T01785;1;G5031;led_strip;basic;1;19.52;16.41;10.74;2017-04-01;LIGH;S08;0;0.0;0.0;
T01786;1;C7030;curtain;linen;1;82.01;68.92;45.11;2016-06-08;DECO;S05;0;0.0;0.0;
T01787;1;L1050;rug;berber;1;187.14;157.26;102.93;2015-10-11;LIVI;S05;0;0.0;0.0;
T01788;1;K9001;kitchen_table;oak;1;462.5;388.66;254.38;2015-10-02;KITC;S04;0;0.0;0.0;
T01788;2;K9010;kitchen_chair;oak;2;114.2;95.97;62.81;2015-10-02;KITC;S04;0;0.0;0.0;
T01789;1;L1020;coffee_table;oak;1;360.37;302.84;198.21;2015-07-25;LIVI;S04;0;0.0;0.0;
T01790;1;G5001;floor_lamp;luna;1;123.72;103.96;68.04;2016-09-01;LIGH;S03;0;0.0;0.0;
T01791;1;K9010;kitchen_chair;oak;2;121.06;101.73;66.58;2016-12-24;KITC;S04;0;0.0;0.0;
T01792;1;D2011;dining_chair;fabric;2;120.11;100.93;66.06;2015-08-13;DINI;S03;2;13.51;0.1125;A
T01793;1;L1041;ottoman;kompakt;1;161.99;136.13;89.09;2017-06-28;LIVI;S02;0;0.0;0.0;
T01793;2;U1001;garden_chair;rattan;2;114.07;95.86;62.74;2017-06-28;OUTD;S09;0;0.0;0.0;
T01794;1;B3001;bed;harmony;1;1126.55;946.68;619.6;2017-04-03;BEDR;S01;0;0.0;0.0;
T01794;2;B3010;mattress;comfort;1;606.37;509.55;333.5;2017-04-03;BEDR;S06;0;0.0;0.0;
T01795;1;L1021;coffee_table;glass;1;283.83;238.51;156.11;2017-06-29;LIVI;S04;0;0.0;0.0;
T01796;1;B3031;nightstand;kompakt;2;124.28;104.44;68.36;2015-08-04;BEDR;S02;0;0.0;0.0;
T01797;1;U1001;garden_chair;rattan;2;113.47;95.35;62.41;2017-02-03;OUTD;S09;0;0.0;0.0;
T01797;2;L1020;coffee_table;oak;1;364.12;305.98;200.27;2017-02-03;LIVI;S04;0;0.0;0.0;
T01798;1;D2001;dining_table;oak;1;907.93;762.96;499.36;2016-06-10;DINI;S04;0;0.0;0.0;
T01798;2;D2012;dining_chair;leather;4;200.5;168.49;110.27;2016-06-10;DINI;S01;1;15.01;0.0749;B
T01798;3;D2030;table_extension;oak;1;113.71;95.56;62.54;2016-06-10;DINI;S04;2;6.72;0.0591;A
T01798;4;E6001;tv;smart55;1;807.97;678.97;444.38;2016-06-10;ELEC;S08;1;86.05;0.1065;M
T01799;1;E6011;soundbar;premium;1;393.55;330.71;216.45;2016-12-09;ELEC;S08;0;0.0;0.0;
T01800;1;D2003;dining_table;kompakt;1;628.42;528.08;345.63;2017-02-20;DINI;S02;0;0.0;0.0;
T01800;2;D2031;table_extension;walnut;1;150.22;126.24;82.62;2017-02-20;DINI;S04;0;0.0;0.0;
T01801;1;D2001;dining_table;oak;1;879.83;739.36;483.91;2017-05-25;DINI;S04;0;0.0;0.0;
T01801;2;D2010;dining_chair;oak;4;149.49;125.62;82.22;2017-05-25;DINI;S04;0;0.0;0.0;
T01802;1;O4001;desk;oak;1;406.52;341.62;223.59;2015-08-25;OFFI;S04;0;0.0;0.0;
T01802;2;O4011;office_chair;basic;1;175.03;147.08;96.27;2015-08-25;OFFI;S07;0;0.0;0.0;
T01802;3;O4020;bookshelf;oak;1;253.56;213.08;139.46;2015-08-25;OFFI;S04;0;0.0;0.0;
T01803;1;B3010;mattress;comfort;1;600.22;504.38;330.12;2016-09-01;BEDR;S06;0;0.0;0.0;
T01804;1;O4010;office_chair;ergo;1;345.71;290.51;190.14;2016-08-11;OFFI;S07;0;0.0;0.0;
T01805;1;G5010;table_lamp;luna;1;76.7;64.45;42.18;2016-11-22;LIGH;S03;0;0.0;0.0;
T01805;2;U1002;garden_chair;metal;4;88.17;74.09;48.49;2016-11-22;OUTD;S09;0;0.0;0.0;
T01806;1;E6010;soundbar;compact;1;250.22;210.27;137.62;2015-07-24;ELEC;S08;0;0.0;0.0;
T01807;1;E6020;speakers;stereo;1;181.44;152.47;99.79;2017-01-18;ELEC;S08;0;0.0;0.0;
T01808;1;L1021;coffee_table;glass;1;290.76;244.34;159.92;2016-09-29;LIVI;S04;0;0.0;0.0;
T01808;2;C7001;mirror;round;1;115.96;97.45;63.78;2016-09-29;DECO;S05;0;0.0;0.0;
T01809;1;L1002;sofa;milano;1;1799.17;1511.91;989.54;2015-10-11;LIVI;S01;0;0.0;0.0;
T01809;2;L1051;rug;shaggy;1;302.12;253.89;166.17;2015-10-11;LIVI;S05;0;0.0;0.0;
T01810;1;G5001;floor_lamp;luna;1;116.84;98.19;64.26;2016-04-08;LIGH;S03;0;0.0;0.0;
T01810;2;S8010;cabinet;oak;1;554.93;466.32;305.21;2016-04-08;STOR;S04;0;0.0;0.0;
T01811;1;G5011;table_lamp;modern;1;50.98;42.84;28.04;2015-11-23;LIGH;S05;0;0.0;0.0;
T01811;2;K9020;bar_stool;oak;1;134.58;113.09;74.02;2015-11-23;KITC;S04;0;0.0;0.0;
T01812;1;E6001;tv;smart55;1;824.69;693.01;453.58;2017-01-21;ELEC;S08;0;0.0;0.0;
T01813;1;O4002;desk;compact;1;255.15;214.41;140.33;2017-03-17;OFFI;S02;0;0.0;0.0;
T01813;2;O4010;office_chair;ergo;1;354.22;297.67;194.82;2017-03-17;OFFI;S07;0;0.0;0.0;
T01814;1;L1001;sofa;harmony;1;1169.64;982.89;643.3;2016-10-05;LIVI;S01;2;73.56;0.0629;K
T01814;2;L1010;armchair;harmony;1;595.31;500.26;327.42;2016-10-05;LIVI;S01;0;0.0;0.0;
T01815;1;S8020;shoe_rack;compact;1;103.73;87.17;57.05;2015-10-26;STOR;S02;0;0.0;0.0;
T01815;2;K9021;bar_stool;metal;1;104.82;88.08;57.65;2015-10-26;KITC;S07;1;15.04;0.1435;M
T01816;1;C7030;curtain;linen;1;75.84;63.73;41.71;2016-02-07;DECO;S05;0;0.0;0.0;
T01817;1;D2011;dining_chair;fabric;6;117.98;99.14;64.89;2015-08-22;DINI;S03;0;0.0;0.0;
T01818;1;E6011;soundbar;premium;1;391.1;328.65;215.1;2017-06-13;ELEC;S08;0;0.0;0.0;
T01819;1;B3030;nightstand;harmony;1;185.43;155.83;101.99;2015-09-18;BEDR;S01;0;0.0;0.0;
T01819;2;S8001;dresser;harmony;1;395.93;332.72;217.76;2015-09-18;STOR;S01;0;0.0;0.0;
T01820;1;D2012;dining_chair;leather;6;197.34;165.83;108.54;2017-02-24;DINI;S01;0;0.0;0.0;
T01820;2;K9021;bar_stool;metal;1;105.41;88.58;57.97;2017-02-24;KITC;S07;0;0.0;0.0;
T01821;1;S8001;dresser;harmony;1;396.56;333.24;218.11;2017-06-03;STOR;S01;0;0.0;0.0;
T01822;1;B3031;nightstand;kompakt;2;122.07;102.58;67.14;2017-03-04;BEDR;S02;0;0.0;0.0;
T01823;1;L1050;rug;berber;1;192.68;161.91;105.97;2016-08-11;LIVI;S05;0;0.0;0.0;
T01824;1;D2031;table_extension;walnut;1;153.26;128.79;84.29;2015-08-26;DINI;S04;0;0.0;0.0;
T01825;1;B3020;headboard;harmony;1;272.76;229.21;150.02;2015-10-11;BEDR;S01;0;0.0;0.0;
T01826;1;E6002;tv;smart65;1;1225.36;1029.72;673.95;2016-07-28;ELEC;S08;2;61.79;0.0504;K
T01826;2;B3002;bed;milano;1;1538.02;1292.45;845.91;2016-07-28;BEDR;S01;0;0.0;0.0;
T01826;3;B3010;mattress;comfort;1;619.77;520.82;340.87;2016-07-28;BEDR;S06;0;0.0;0.0;
T01826;4;B3030;nightstand;harmony;2;180.45;151.64;99.25;2016-07-28;BEDR;S01;0;0.0;0.0;
T01827;1;L1001;sofa;harmony;1;1140.58;958.47;627.32;2016-11-05;LIVI;S01;2;113.85;0.0998;K
T01828;1;C7010;vase;ceramic;1;38.57;32.41;21.21;2016-06-16;DECO;S05;0;0.0;0.0;
T01828;2;K9002;kitchen_table;kompakt;1;285.4;239.83;156.97;2016-06-16;KITC;S02;0;0.0;0.0;
T01829;1;K9002;kitchen_table;kompakt;1;313.59;263.52;172.48;2015-09-10;KITC;S02;0;0.0;0.0;
T01829;2;K9011;kitchen_chair;fabric;4;102.22;85.9;56.22;2015-09-10;KITC;S03;0;0.0;0.0;
T01830;1;L1003;sofa;kompakt;1;797.47;670.14;438.61;2015-07-04;LIVI;S02;0;0.0;0.0;
T01830;2;L1021;coffee_table;glass;1;265.76;223.33;146.17;2015-07-04;LIVI;S04;0;0.0;0.0;
T01830;3;L1011;armchair;luna;1;461.19;387.56;253.66;2015-07-04;LIVI;S03;0;0.0;0.0;
T01830;4;E6030;dvd_player;basic;1;69.12;58.08;38.01;2015-07-04;ELEC;S08;0;0.0;0.0;
T01831;1;G5010;table_lamp;luna;2;80.73;67.84;44.4;2016-10-02;LIGH;S03;0;0.0;0.0;
T01832;1;C7010;vase;ceramic;3;39.4;33.11;21.67;2016-03-25;DECO;S05;0;0.0;0.0;
T01833;1;L1030;side_table;oak;1;121.32;101.95;66.73;2017-02-12;LIVI;S04;0;0.0;0.0;
T01833;2;U1002;garden_chair;metal;2;88.37;74.26;48.6;2017-02-12;OUTD;S09;0;0.0;0.0;
T01834;1;K9021;bar_stool;metal;1;106.96;89.88;58.83;2016-12-18;KITC;S07;0;0.0;0.0;
T01835;1;K9010;kitchen_chair;oak;2;122.63;103.05;67.45;2015-07-19;KITC;S04;0;0.0;0.0;
T01836;1;U1010;garden_table;rattan;1;305.04;256.34;167.77;2017-06-25;OUTD;S09;2;32.33;0.106;A
T01837;1;B3003;bed;kompakt;1;741.14;622.81;407.63;2017-04-05;BEDR;S02;1;54.27;0.0732;B
T01837;2;B3020;headboard;harmony;1;267.84;225.07;147.31;2017-04-05;BEDR;S01;0;0.0;0.0;
T01838;1;U1010;garden_table;rattan;1;307.44;258.35;169.09;2017-05-25;OUTD;S09;0;0.0;0.0;
T01838;2;U1002;garden_chair;metal;2;87.12;73.21;47.91;2017-05-25;OUTD;S09;0;0.0;0.0;
T01839;1;G5001;floor_lamp;luna;1;114.25;96.01;62.84;2016-07-19;LIGH;S03;0;0.0;0.0;
T01839;2;L1011;armchair;luna;1;454.85;382.23;250.17;2016-07-19;LIVI;S03;0;0.0;0.0;
T01839;3;U1001;garden_chair;rattan;4;122.28;102.75;67.25;2016-07-19;OUTD;S09;0;0.0;0.0;
T01840;1;L1050;rug;berber;1;180.54;151.71;99.3;2016-11-07;LIVI;S05;0;0.0;0.0;
T01841;1;D2012;dining_chair;leather;6;189.06;158.88;103.98;2015-08-02;DINI;S01;0;0.0;0.0;
T01841;2;K9010;kitchen_chair;oak;1;117.52;98.76;64.64;2015-08-02;KITC;S04;0;0.0;0.0;
T01842;1;K9010;kitchen_chair;oak;2;120.7;101.43;66.38;2015-10-09;KITC;S04;2;7.11;0.0589;A
T01843;1;D2001;dining_table;oak;1;931.61;782.87;512.39;2017-02-16;DINI;S04;0;0.0;0.0;
T01843;2;D2012;dining_chair;leather;4;196.62;165.23;108.14;2017-02-16;DINI;S01;0;0.0;0.0;
T01843;3;D2031;table_extension;walnut;1;151.02;126.91;83.06;2017-02-16;DINI;S04;0;0.0;0.0;
T01843;4;D2020;sideboard;oak;1;621.61;522.36;341.88;2017-02-16;DINI;S04;2;60.4;0.0972;K
T01844;1;S8020;shoe_rack;compact;1;111.54;93.73;61.35;2015-07-02;STOR;S02;0;0.0;0.0;
T01845;1;G5020;ceiling_light;modern;1;172.41;144.88;94.82;2016-12-06;LIGH;S05;0;0.0;0.0;
T01846;1;D2001;dining_table;oak;1;905.12;760.61;497.82;2016-04-21;DINI;S04;0;0.0;0.0;
T01846;2;D2010;dining_chair;oak;4;154.78;130.07;85.13;2016-04-21;DINI;S04;0;0.0;0.0;
T01846;3;D2031;table_extension;walnut;1;151.25;127.1;83.19;2016-04-21;DINI;S04;0;0.0;0.0;
T01847;1;E6030;dvd_player;basic;1;69.85;58.69;38.42;2016-04-27;ELEC;S08;2;7.14;0.1022;A
T01848;1;O4010;office_chair;ergo;1;333.4;280.16;183.37;2016-01-25;OFFI;S07;0;0.0;0.0;
T01849;1;D2011;dining_chair;fabric;4;118.63;99.69;65.24;2017-02-05;DINI;S03;1;6.83;0.0576;M
T01849;2;E6002;tv;smart65;1;1143.06;960.56;628.68;2017-02-05;ELEC;S08;0;0.0;0.0;
T01850;1;E6010;soundbar;compact;1;243.08;204.27;133.69;2017-06-16;ELEC;S08;0;0.0;0.0;
T01851;1;O4020;bookshelf;oak;1;248.01;208.41;136.4;2017-04-23;OFFI;S04;0;0.0;0.0;
T01852;1;U1002;garden_chair;metal;2;88.84;74.65;48.86;2016-12-10;OUTD;S09;0;0.0;0.0;
T01853;1;D2030;table_extension;oak;1;120.91;101.61;66.5;2016-10-11;DINI;S04;0;0.0;0.0;
T01853;2;B3011;mattress;premium;1;874.47;734.85;480.96;2016-10-11;BEDR;S06;0;0.0;0.0;
T01854;1;L1020;coffee_table;oak;1;339.49;285.28;186.72;2017-05-30;LIVI;S04;0;0.0;0.0;
T01854;2;C7030;curtain;linen;1;76.71;64.46;42.19;2017-05-30;DECO;S05;0;0.0;0.0;
T01854;3;D2003;dining_table;kompakt;1;610.4;512.94;335.72;2017-05-30;DINI;S02;0;0.0;0.0;
T01854;4;D2011;dining_chair;fabric;6;115.2;96.81;63.36;2017-05-30;DINI;S03;0;0.0;0.0;
T01854;5;D2030;table_extension;oak;1;124.33;104.48;68.38;2017-05-30;DINI;S04;0;0.0;0.0;
T01855;1;U1020;parasol;basic;1;120.5;101.26;66.27;2016-11-01;OUTD;S09;0;0.0;0.0;
T01856;1;U1001;garden_chair;rattan;2;116.15;97.61;63.88;2017-06-04;OUTD;S09;1;8.52;0.0733;A
T01856;2;L1020;coffee_table;oak;1;349.66;293.83;192.31;2017-06-04;LIVI;S04;0;0.0;0.0;
T01857;1;K9021;bar_stool;metal;1;105.63;88.76;58.09;2016-02-08;KITC;S07;0;0.0;0.0;
T01858;1;G5001;floor_lamp;luna;1;117.0;98.32;64.35;2015-11-30;LIGH;S03;1;14.89;0.1273;M
T01859;1;B3011;mattress;premium;1;892.13;749.69;490.67;2016-01-22;BEDR;S06;0;0.0;0.0;
T01859;2;E6001;tv;smart55;1;774.35;650.72;425.9;2016-01-22;ELEC;S08;0;0.0;0.0;
T01859;3;K9001;kitchen_table;oak;1;443.16;372.4;243.74;2016-01-22;KITC;S04;0;0.0;0.0;
T01859;4;K9011;kitchen_chair;fabric;6;95.68;80.4;52.62;2016-01-22;KITC;S03;0;0.0;0.0;
T01860;1;D2010;dining_chair;oak;1;147.94;124.32;81.37;2016-12-06;DINI;S04;0;0.0;0.0;
T01861;1;G5011;table_lamp;modern;1;48.26;40.55;26.54;2015-11-06;LIGH;S05;0;0.0;0.0;
T01862;1;L1003;sofa;kompakt;1;782.2;657.31;430.21;2016-02-20;LIVI;S02;0;0.0;0.0;
T01862;2;L1021;coffee_table;glass;1;292.25;245.59;160.74;2016-02-20;LIVI;S04;0;0.0;0.0;
T01862;3;O4001;desk;oak;1;380.34;319.62;209.19;2016-02-20;OFFI;S04;1;30.66;0.0806;A
T01862;4;O4010;office_chair;ergo;1;334.37;280.99;183.91;2016-02-20;OFFI;S07;0;0.0;0.0;
T01863;1;U1001;garden_chair;rattan;2;117.41;98.66;64.57;2016-04-13;OUTD;S09;0;0.0;0.0;
T01863;2;B3030;nightstand;harmony;1;172.77;145.18;95.02;2016-04-13;BEDR;S01;0;0.0;0.0;
T01864;1;K9010;kitchen_chair;oak;1;117.95;99.12;64.87;2016-09-01;KITC;S04;0;0.0;0.0;
T01864;2;O4001;desk;oak;1;418.82;351.95;230.35;2016-09-01;OFFI;S04;1;54.54;0.1302;M
T01865;1;U1001;garden_chair;rattan;1;120.39;101.17;66.21;2016-08-16;OUTD;S09;0;0.0;0.0;
T01866;1;K9001;kitchen_table;oak;1;427.76;359.46;235.27;2016-02-02;KITC;S04;1;35.84;0.0838;M
T01866;2;K9010;kitchen_chair;oak;2;121.51;102.11;66.83;2016-02-02;KITC;S04;1;8.69;0.0715;A
T01867;1;K9011;kitchen_chair;fabric;2;96.02;80.69;52.81;2016-01-23;KITC;S03;2;15.16;0.1579;A
T01868;1;L1011;armchair;luna;1;437.67;367.79;240.72;2017-04-18;LIVI;S03;0;0.0;0.0;
T01869;1;D2002;dining_table;walnut;1;1349.28;1133.85;742.11;2015-12-07;DINI;S04;1;196.97;0.146;B
T01869;2;D2010;dining_chair;oak;2;150.85;126.76;82.96;2015-12-07;DINI;S04;0;0.0;0.0;
T01870;1;L1010;armchair;harmony;1;605.36;508.7;332.95;2015-11-10;LIVI;S01;0;0.0;0.0;
T01871;1;K9020;bar_stool;oak;1;137.71;115.72;75.74;2016-07-18;KITC;S04;0;0.0;0.0;
T01871;2;L1010;armchair;harmony;1;623.87;524.26;343.13;2016-07-18;LIVI;S01;0;0.0;0.0;
T01872;1;G5020;ceiling_light;modern;1;176.33;148.17;96.98;2016-01-06;LIGH;S05;1;21.86;0.1239;B
T01872;2;D2011;dining_chair;fabric;1;113.39;95.28;62.36;2016-01-06;DINI;S03;0;0.0;0.0;
T01873;1;O4020;bookshelf;oak;1;240.92;202.45;132.5;2016-06-07;OFFI;S04;0;0.0;0.0;
T01873;2;K9021;bar_stool;metal;1;104.14;87.51;57.28;2016-06-07;KITC;S07;2;17.41;0.1671;K
T01874;1;O4011;office_chair;basic;1;174.6;146.73;96.03;2016-06-16;OFFI;S07;0;0.0;0.0;
T01875;1;D2003;dining_table;kompakt;1;626.03;526.08;344.32;2016-09-10;DINI;S02;0;0.0;0.0;
T01875;2;D2010;dining_chair;oak;4;141.55;118.95;77.85;2016-09-10;DINI;S04;0;0.0;0.0;
T01876;1;B3031;nightstand;kompakt;1;121.46;102.07;66.8;2016-02-03;BEDR;S02;0;0.0;0.0;
T01877;1;B3011;mattress;premium;1;905.41;760.85;497.98;2017-02-08;BEDR;S06;0;0.0;0.0;
T01878;1;O4001;desk;oak;1;418.33;351.54;230.08;2016-10-29;OFFI;S04;1;31.05;0.0742;B
T01878;2;O4011;office_chair;basic;1;172.52;144.97;94.89;2016-10-29;OFFI;S07;1;11.79;0.0683;M
T01879;1;U1010;garden_table;rattan;1;312.53;262.63;171.89;2016-09-01;OUTD;S09;0;0.0;0.0;
T01879;2;U1002;garden_chair;metal;4;92.29;77.55;50.76;2016-09-01;OUTD;S09;0;0.0;0.0;
T01880;1;D2010;dining_chair;oak;4;142.62;119.85;78.44;2016-05-07;DINI;S04;0;0.0;0.0;
T01881;1;L1050;rug;berber;1;180.89;152.01;99.49;2015-07-27;LIVI;S05;0;0.0;0.0;
T01881;2;B3011;mattress;premium;1;866.73;728.34;476.7;2015-07-27;BEDR;S06;0;0.0;0.0;
T01882;1;L1011;armchair;luna;1;430.14;361.47;236.58;2017-02-15;LIVI;S03;1;62.77;0.1459;A
T01882;2;S8001;dresser;harmony;1;396.07;332.83;217.84;2017-02-15;STOR;S01;0;0.0;0.0;
T01883;1;G5010;table_lamp;luna;2;81.7;68.66;44.94;2015-08-01;LIGH;S03;2;16.25;0.1989;A
T01884;1;G5010;table_lamp;luna;1;76.23;64.06;41.92;2015-08-25;LIGH;S03;1;9.02;0.1184;A
T01885;1;K9021;bar_stool;metal;1;108.68;91.33;59.78;2015-08-06;KITC;S07;0;0.0;0.0;
T01885;2;D2011;dining_chair;fabric;4;118.56;99.63;65.21;2015-08-06;DINI;S03;0;0.0;0.0;
T01886;1;B3031;nightstand;kompakt;1;116.26;97.7;63.94;2016-02-23;BEDR;S02;0;0.0;0.0;
T01887;1;B3010;mattress;comfort;1;578.59;486.21;318.22;2015-08-01;BEDR;S06;2;48.36;0.0836;K
T01888;1;L1051;rug;shaggy;1;296.42;249.09;163.03;2016-04-22;LIVI;S05;1;37.33;0.1259;A
T01888;2;B3010;mattress;comfort;1;597.12;501.78;328.42;2016-04-22;BEDR;S06;2;115.52;0.1935;K
T01889;1;C7010;vase;ceramic;1;40.94;34.4;22.52;2017-03-10;DECO;S05;0;0.0;0.0;
T01889;2;U1002;garden_chair;metal;2;88.23;74.14;48.52;2017-03-10;OUTD;S09;0;0.0;0.0;
T01890;1;C7030;curtain;linen;1;79.87;67.12;43.93;2016-11-27;DECO;S05;0;0.0;0.0;
T01890;2;L1051;rug;shaggy;1;298.91;251.18;164.4;2016-11-27;LIVI;S05;0;0.0;0.0;
T01891;1;L1030;side_table;oak;1;116.13;97.59;63.87;2016-05-13;LIVI;S04;0;0.0;0.0;
T01892;1;K9020;bar_stool;oak;1;136.64;114.82;75.15;2016-10-07;KITC;S04;0;0.0;0.0;
T01892;2;C7001;mirror;round;1;123.66;103.92;68.02;2016-10-07;DECO;S05;0;0.0;0.0;
T01893;1;O4001;desk;oak;1;403.85;339.37;222.12;2016-03-05;OFFI;S04;0;0.0;0.0;
T01894;1;B3010;mattress;comfort;1;591.23;496.83;325.18;2015-09-12;BEDR;S06;0;0.0;0.0;
T01894;2;U1020;parasol;basic;1;118.92;99.93;65.4;2015-09-12;OUTD;S09;0;0.0;0.0;
T01895;1;E6001;tv;smart55;1;800.74;672.89;440.41;2015-08-07;ELEC;S08;1;56.06;0.07;M
T01896;1;K9011;kitchen_chair;fabric;2;94.42;79.34;51.93;2017-05-18;KITC;S03;0;0.0;0.0;
T01897;1;B3031;nightstand;kompakt;1;117.44;98.69;64.59;2016-02-14;BEDR;S02;0;0.0;0.0;
T01898;1;G5030;led_strip;smart;1;40.24;33.81;22.13;2017-02-26;LIGH;S08;0;0.0;0.0;
T01899;1;D2011;dining_chair;fabric;2;124.94;104.99;68.71;2017-04-12;DINI;S03;0;0.0;0.0;
T01900;1;L1011;armchair;luna;1;442.33;371.71;243.28;2017-04-30;LIVI;S03;0;0.0;0.0;
T01901;1;B3001;bed;harmony;1;1151.94;968.02;633.57;2017-03-20;BEDR;S01;0;0.0;0.0;
T01901;2;B3010;mattress;comfort;1;585.6;492.1;322.08;2017-03-20;BEDR;S06;0;0.0;0.0;
T01902;1;O4002;desk;compact;1;248.76;209.04;136.82;2016-02-19;OFFI;S02;0;0.0;0.0;
T01902;2;O4011;office_chair;basic;1;175.49;147.47;96.52;2016-02-19;OFFI;S07;0;0.0;0.0;
T01903;1;C7002;mirror;framed;1;163.15;137.1;89.73;2016-08-29;DECO;S05;0;0.0;0.0;
T01904;1;U1002;garden_chair;metal;4;88.82;74.64;48.85;2017-05-03;OUTD;S09;0;0.0;0.0;
T01905;1;B3010;mattress;comfort;1;628.15;527.86;345.48;2016-10-27;BEDR;S06;0;0.0;0.0;
T01906;1;B3031;nightstand;kompakt;1;114.53;96.25;62.99;2017-03-23;BEDR;S02;0;0.0;0.0;
T01906;2;L1021;coffee_table;glass;1;265.65;223.23;146.11;2017-03-23;LIVI;S04;0;0.0;0.0;
T01907;1;D2001;dining_table;oak;1;871.51;732.36;479.33;2016-09-17;DINI;S04;0;0.0;0.0;
T01907;2;D2012;dining_chair;leather;4;191.13;160.61;105.12;2016-09-17;DINI;S01;0;0.0;0.0;
T01907;3;D2031;table_extension;walnut;1;145.74;122.47;80.16;2016-09-17;DINI;S04;0;0.0;0.0;
T01907;4;B3030;nightstand;harmony;2;173.72;145.98;95.55;2016-09-17;BEDR;S01;0;0.0;0.0;
T01907;5;B3001;bed;harmony;1;1054.71;886.31;580.09;2016-09-17;BEDR;S01;0;0.0;0.0;
T01907;6;B3011;mattress;premium;1;925.37;777.62;508.95;2016-09-17;BEDR;S06;1;128.23;0.1386;M
T01908;1;D2003;dining_table;kompakt;1;628.17;527.88;345.5;2016-03-03;DINI;S02;0;0.0;0.0;
T01908;2;D2030;table_extension;oak;1;116.33;97.76;63.98;2016-03-03;DINI;S04;0;0.0;0.0;
T01908;3;G5031;led_strip;basic;1;19.54;16.42;10.74;2016-03-03;LIGH;S08;0;0.0;0.0;
T01909;1;B3031;nightstand;kompakt;2;121.87;102.41;67.03;2015-11-15;BEDR;S02;0;0.0;0.0;
T01909;2;C7020;picture_frame;wood;3;19.62;16.48;10.79;2015-11-15;DECO;S05;0;0.0;0.0;
T01910;1;D2001;dining_table;oak;1;863.9;725.96;475.14;2017-05-23;DINI;S04;0;0.0;0.0;
T01910;2;B3040;wardrobe;harmony;1;1123.31;943.96;617.82;2017-05-23;BEDR;S01;0;0.0;0.0;
T01910;3;B3001;bed;harmony;1;1152.4;968.4;633.82;2017-05-23;BEDR;S01;0;0.0;0.0;
T01910;4;B3010;mattress;comfort;1;619.45;520.55;340.7;2017-05-23;BEDR;S06;0;0.0;0.0;
T01911;1;C7001;mirror;round;1;122.5;102.94;67.37;2017-06-23;DECO;S05;0;0.0;0.0;
T01912;1;D2001;dining_table;oak;1;909.06;763.91;499.98;2015-10-04;DINI;S04;0;0.0;0.0;
T01912;2;D2010;dining_chair;oak;4;148.77;125.01;81.82;2015-10-04;DINI;S04;0;0.0;0.0;
T01912;3;D2030;table_extension;oak;1;123.19;103.52;67.75;2015-10-04;DINI;S04;0;0.0;0.0;
T01912;4;L1020;coffee_table;oak;1;359.96;302.49;197.98;2015-10-04;LIVI;S04;0;0.0;0.0;
T01913;1;B3040;wardrobe;harmony;1;1053.91;885.63;579.65;2016-11-06;BEDR;S01;0;0.0;0.0;
T01914;1;L1002;sofa;milano;1;1738.64;1461.04;956.25;2016-06-17;LIVI;S01;0;0.0;0.0;
T01914;2;L1011;armchair;luna;1;466.13;391.71;256.37;2016-06-17;LIVI;S03;0;0.0;0.0;
T01915;1;U1010;garden_table;rattan;1;298.48;250.82;164.16;2016-03-11;OUTD;S09;0;0.0;0.0;
T01915;2;U1001;garden_chair;rattan;2;115.78;97.29;63.68;2016-03-11;OUTD;S09;0;0.0;0.0;
T01915;3;B3031;nightstand;kompakt;2;124.59;104.69;68.52;2016-03-11;BEDR;S02;0;0.0;0.0;
T01915;4;D2011;dining_chair;fabric;1;115.57;97.12;63.56;2016-03-11;DINI;S03;0;0.0;0.0;
T01916;1;D2010;dining_chair;oak;4;146.88;123.43;80.78;2015-09-18;DINI;S04;0;0.0;0.0;
T01917;1;U1010;garden_table;rattan;1;311.18;261.49;171.15;2017-06-15;OUTD;S09;0;0.0;0.0;
T01917;2;U1001;garden_chair;rattan;1;114.04;95.83;62.72;2017-06-15;OUTD;S09;0;0.0;0.0;
T01917;3;L1003;sofa;kompakt;1;762.24;640.54;419.23;2017-06-15;LIVI;S02;0;0.0;0.0;
T01917;4;L1040;ottoman;luna;1;227.01;190.77;124.86;2017-06-15;LIVI;S03;0;0.0;0.0;
T01918;1;C7030;curtain;linen;1;82.04;68.94;45.12;2016-07-06;DECO;S05;0;0.0;0.0;
T01918;2;L1002;sofa;milano;1;1761.66;1480.39;968.91;2016-07-06;LIVI;S01;0;0.0;0.0;
T01918;3;B3040;wardrobe;harmony;1;1100.38;924.69;605.21;2016-07-06;BEDR;S01;0;0.0;0.0;
T01919;1;L1050;rug;berber;1;181.97;152.92;100.08;2016-09-11;LIVI;S05;0;0.0;0.0;
T01919;2;E6002;tv;smart65;1;1214.04;1020.21;667.72;2016-09-11;ELEC;S08;0;0.0;0.0;
T01920;1;K9021;bar_stool;metal;1;103.83;87.25;57.11;2016-02-26;KITC;S07;1;9.01;0.0868;A
T01921;1;L1020;coffee_table;oak;1;360.27;302.75;198.15;2016-03-07;LIVI;S04;0;0.0;0.0;
T01921;2;D2031;table_extension;walnut;1;154.66;129.97;85.06;2016-03-07;DINI;S04;0;0.0;0.0;
T01922;1;G5020;ceiling_light;modern;1;172.19;144.7;94.7;2015-10-04;LIGH;S05;0;0.0;0.0;
T01923;1;L1001;sofa;harmony;1;1141.81;959.5;628.0;2017-01-20;LIVI;S01;0;0.0;0.0;
T01924;1;L1001;sofa;harmony;1;1189.02;999.18;653.96;2015-08-05;LIVI;S01;0;0.0;0.0;
T01924;2;L1020;coffee_table;oak;1;344.19;289.23;189.3;2015-08-05;LIVI;S04;0;0.0;0.0;
T01924;3;L1030;side_table;oak;1;121.02;101.7;66.56;2015-08-05;LIVI;S04;0;0.0;0.0;
T01925;1;D2031;table_extension;walnut;1;154.0;129.41;84.7;2015-10-24;DINI;S04;2;14.51;0.0942;K
T01925;2;D2011;dining_chair;fabric;6;118.89;99.91;65.39;2015-10-24;DINI;S03;0;0.0;0.0;
T01926;1;C7020;picture_frame;wood;1;19.24;16.17;10.58;2017-01-24;DECO;S05;0;0.0;0.0;
T01927;1;K9021;bar_stool;metal;1;109.12;91.7;60.02;2015-09-20;KITC;S07;0;0.0;0.0;
T01928;1;L1020;coffee_table;oak;1;348.78;293.09;191.83;2015-09-03;LIVI;S04;0;0.0;0.0;
T01928;2;G5001;floor_lamp;luna;1;124.41;104.55;68.43;2015-09-03;LIGH;S03;1;7.61;0.0612;A
T01929;1;B3040;wardrobe;harmony;1;1083.16;910.22;595.74;2016-03-26;BEDR;S01;0;0.0;0.0;
T01929;2;C7020;picture_frame;wood;2;19.56;16.44;10.76;2016-03-26;DECO;S05;2;1.77;0.0905;A
T01929;3;B3002;bed;milano;1;1634.89;1373.85;899.19;2016-03-26;BEDR;S01;0;0.0;0.0;
T01929;4;B3030;nightstand;harmony;2;180.49;151.67;99.27;2016-03-26;BEDR;S01;0;0.0;0.0;
T01930;1;K9001;kitchen_table;oak;1;461.82;388.08;254.0;2016-07-07;KITC;S04;1;40.56;0.0878;B
T01930;2;K9010;kitchen_chair;oak;1;120.84;101.54;66.46;2016-07-07;KITC;S04;0;0.0;0.0;
T01931;1;B3010;mattress;comfort;1;596.94;501.63;328.31;2015-08-27;BEDR;S06;0;0.0;0.0;
T01932;1;L1041;ottoman;kompakt;1;158.37;133.09;87.11;2016-08-10;LIVI;S02;0;0.0;0.0;
T01933;1;L1020;coffee_table;oak;1;350.06;294.16;192.53;2016-07-30;LIVI;S04;0;0.0;0.0;
T01934;1;B3001;bed;harmony;1;1144.62;961.86;629.54;2015-10-28;BEDR;S01;0;0.0;0.0;
T01934;2;B3011;mattress;premium;1;932.83;783.89;513.06;2015-10-28;BEDR;S06;0;0.0;0.0;
T01934;3;B3030;nightstand;harmony;1;179.57;150.9;98.76;2015-10-28;BEDR;S01;0;0.0;0.0;
T01935;1;B3031;nightstand;kompakt;2;121.39;102.01;66.76;2016-10-02;BEDR;S02;2;21.48;0.1769;K
T01936;1;E6020;speakers;stereo;1;185.92;156.24;102.26;2017-02-17;ELEC;S08;0;0.0;0.0;
T01937;1;O4020;bookshelf;oak;1;260.19;218.65;143.1;2016-12-24;OFFI;S04;0;0.0;0.0;
T01938;1;O4002;desk;compact;1;248.98;209.23;136.94;2015-08-25;OFFI;S02;0;0.0;0.0;
T01938;2;O4010;office_chair;ergo;1;349.9;294.03;192.44;2015-08-25;OFFI;S07;0;0.0;0.0;
T01939;1;K9011;kitchen_chair;fabric;1;103.21;86.73;56.77;2017-04-19;KITC;S03;2;7.13;0.0691;K
T01939;2;D2012;dining_chair;leather;4;197.51;165.98;108.63;2017-04-19;DINI;S01;0;0.0;0.0;
T01940;1;K9021;bar_stool;metal;1;113.31;95.22;62.32;2016-11-17;KITC;S07;0;0.0;0.0;
T01940;2;L1030;side_table;oak;1;118.22;99.35;65.02;2016-11-17;LIVI;S04;0;0.0;0.0;
T01940;3;B3031;nightstand;kompakt;1;120.33;101.12;66.18;2016-11-17;BEDR;S02;1;6.05;0.0503;M
T01941;1;B3031;nightstand;kompakt;1;113.38;95.28;62.36;2015-07-09;BEDR;S02;0;0.0;0.0;
T01942;1;D2003;dining_table;kompakt;1;602.45;506.26;331.35;2015-10-25;DINI;S02;0;0.0;0.0;
T01942;2;D2011;dining_chair;fabric;4;118.89;99.91;65.39;2015-10-25;DINI;S03;0;0.0;0.0;
T01942;3;O4010;office_chair;ergo;1;346.87;291.49;190.78;2015-10-25;OFFI;S07;0;0.0;0.0;
T01943;1;L1030;side_table;oak;1;124.19;104.36;68.3;2017-03-01;LIVI;S04;0;0.0;0.0;
T01943;2;G5011;table_lamp;modern;1;51.05;42.9;28.08;2017-03-01;LIGH;S05;0;0.0;0.0;
T01943;3;L1003;sofa;kompakt;1;828.97;696.62;455.94;2017-03-01;LIVI;S02;0;0.0;0.0;
T01944;1;K9011;kitchen_chair;fabric;6;100.85;84.75;55.47;2016-12-11;KITC;S03;1;5.1;0.0506;B
T01944;2;D2011;dining_chair;fabric;4;113.21;95.14;62.27;2016-12-11;DINI;S03;0;0.0;0.0;
T01945;1;G5011;table_lamp;modern;1;47.19;39.66;25.96;2016-08-07;LIGH;S05;0;0.0;0.0;
T01946;1;B3030;nightstand;harmony;2;176.23;148.09;96.93;2016-09-10;BEDR;S01;1;14.18;0.0805;M
T01947;1;D2011;dining_chair;fabric;2;116.08;97.55;63.84;2015-09-17;DINI;S03;0;0.0;0.0;
T01947;2;C7010;vase;ceramic;1;38.64;32.47;21.25;2015-09-17;DECO;S05;0;0.0;0.0;
T01948;1;O4002;desk;compact;1;242.65;203.91;133.46;2016-04-20;OFFI;S02;0;0.0;0.0;
T01948;2;O4011;office_chair;basic;1;170.48;143.26;93.76;2016-04-20;OFFI;S07;0;0.0;0.0;
T01949;1;K9001;kitchen_table;oak;1;444.17;373.25;244.29;2015-12-13;KITC;S04;0;0.0;0.0;
T01949;2;K9010;kitchen_chair;oak;1;120.71;101.44;66.39;2015-12-13;KITC;S04;1;14.19;0.1176;M
T01949;3;B3020;headboard;harmony;1;278.01;233.62;152.91;2015-12-13;BEDR;S01;2;42.61;0.1533;K
T01950;1;G5010;table_lamp;luna;1;79.91;67.15;43.95;2015-08-11;LIGH;S03;0;0.0;0.0;
T01951;1;G5011;table_lamp;modern;1;47.83;40.19;26.31;2017-04-14;LIGH;S05;0;0.0;0.0;
T01952;1;S8020;shoe_rack;compact;1;112.12;94.22;61.67;2015-07-28;STOR;S02;0;0.0;0.0;
T01953;1;B3001;bed;harmony;1;1058.71;889.67;582.29;2017-05-01;BEDR;S01;0;0.0;0.0;
T01953;2;B3010;mattress;comfort;1;600.89;504.95;330.49;2017-05-01;BEDR;S06;1;46.14;0.0768;A
T01953;3;U1001;garden_chair;rattan;1;118.27;99.39;65.05;2017-05-01;OUTD;S09;1;11.26;0.0952;B
T01954;1;B3020;headboard;harmony;1;277.35;233.07;152.54;2016-12-10;BEDR;S01;0;0.0;0.0;
T01955;1;B3010;mattress;comfort;1;577.38;485.2;317.56;2017-04-19;BEDR;S06;0;0.0;0.0;
T01956;1;L1020;coffee_table;oak;1;355.63;298.85;195.6;2017-01-02;LIVI;S04;0;0.0;0.0;
T01957;1;E6010;soundbar;compact;1;240.16;201.82;132.09;2016-04-12;ELEC;S08;0;0.0;0.0;
T01957;2;K9021;bar_stool;metal;1;113.31;95.22;62.32;2016-04-12;KITC;S07;0;0.0;0.0;
T01957;3;D2010;dining_chair;oak;2;149.45;125.59;82.2;2016-04-12;DINI;S04;0;0.0;0.0;
T01958;1;G5001;floor_lamp;luna;1;123.18;103.51;67.75;2016-12-20;LIGH;S03;0;0.0;0.0;
T01958;2;O4011;office_chair;basic;1;185.43;155.82;101.98;2016-12-20;OFFI;S07;0;0.0;0.0;
T01959;1;U1010;garden_table;rattan;1;309.41;260.01;170.18;2016-07-30;OUTD;S09;0;0.0;0.0;
T01959;2;B3001;bed;harmony;1;1059.69;890.49;582.83;2016-07-30;BEDR;S01;0;0.0;0.0;
T01959;3;B3010;mattress;comfort;1;597.42;502.04;328.58;2016-07-30;BEDR;S06;0;0.0;0.0;
T01960;1;L1050;rug;berber;1;196.29;164.95;107.96;2015-12-10;LIVI;S05;0;0.0;0.0;
T01960;2;G5020;ceiling_light;modern;1;172.94;145.33;95.12;2015-12-10;LIGH;S05;0;0.0;0.0;
T01960;3;D2012;dining_chair;leather;2;189.3;159.08;104.12;2015-12-10;DINI;S01;0;0.0;0.0;
T01961;1;U1010;garden_table;rattan;1;285.28;239.73;156.9;2017-05-31;OUTD;S09;0;0.0;0.0;
T01961;2;U1020;parasol;basic;1;123.83;104.06;68.11;2017-05-31;OUTD;S09;1;16.41;0.1325;M
T01962;1;L1030;side_table;oak;1;119.98;100.82;65.99;2015-12-14;LIVI;S04;0;0.0;0.0;
T01963;1;L1020;coffee_table;oak;1;351.35;295.25;193.24;2015-11-27;LIVI;S04;0;0.0;0.0;
T01964;1;D2012;dining_chair;leather;2;189.44;159.2;104.19;2016-04-01;DINI;S01;1;23.78;0.1255;B
T01964;2;G5030;led_strip;smart;1;37.83;31.79;20.81;2016-04-01;LIGH;S08;0;0.0;0.0;
T01965;1;L1020;coffee_table;oak;1;364.94;306.67;200.72;2015-09-04;LIVI;S04;0;0.0;0.0;
T01966;1;L1051;rug;shaggy;1;303.14;254.74;166.73;2016-09-07;LIVI;S05;0;0.0;0.0;
T01966;2;B3030;nightstand;harmony;1;173.0;145.38;95.15;2016-09-07;BEDR;S01;2;24.83;0.1435;A
T01967;1;L1001;sofa;harmony;1;1213.49;1019.74;667.42;2017-02-27;LIVI;S01;0;0.0;0.0;
T01968;1;C7020;picture_frame;wood;1;19.78;16.62;10.88;2016-04-27;DECO;S05;0;0.0;0.0;
T01969;1;O4010;office_chair;ergo;1;333.18;279.98;183.25;2015-08-03;OFFI;S07;0;0.0;0.0;
T01969;2;E6010;soundbar;compact;1;250.04;210.12;137.52;2015-08-03;ELEC;S08;0;0.0;0.0;
T01970;1;U1001;garden_chair;rattan;1;121.79;102.35;66.99;2016-05-27;OUTD;S09;0;0.0;0.0;
T01971;1;C7030;curtain;linen;1;75.36;63.33;41.45;2017-01-01;DECO;S05;0;0.0;0.0;
T01972;1;L1011;armchair;luna;1;435.56;366.01;239.56;2016-04-23;LIVI;S03;0;0.0;0.0;
T01972;2;B3002;bed;milano;1;1667.03;1400.86;916.86;2016-04-23;BEDR;S01;0;0.0;0.0;
T01972;3;B3010;mattress;comfort;1;595.94;500.79;327.77;2016-04-23;BEDR;S06;2;42.5;0.0713;K
T01972;4;B3031;nightstand;kompakt;2;119.8;100.67;65.89;2016-04-23;BEDR;S02;1;9.49;0.0792;B
T01972;5;B3020;headboard;harmony;1;274.14;230.37;150.78;2016-04-23;BEDR;S01;0;0.0;0.0;
T01973;1;L1050;rug;berber;1;183.58;154.27;100.97;2016-02-02;LIVI;S05;0;0.0;0.0;
T01973;2;D2003;dining_table;kompakt;1;590.7;496.39;324.88;2016-02-02;DINI;S02;0;0.0;0.0;
T01973;3;D2010;dining_chair;oak;6;154.84;130.12;85.16;2016-02-02;DINI;S04;0;0.0;0.0;
T01973;4;L1003;sofa;kompakt;1;798.05;670.63;438.93;2016-02-02;LIVI;S02;0;0.0;0.0;
T01974;1;E6001;tv;smart55;1;828.48;696.2;455.67;2017-03-10;ELEC;S08;0;0.0;0.0;
T01974;2;E6011;soundbar;premium;1;391.54;329.03;215.35;2017-03-10;ELEC;S08;0;0.0;0.0;
T01975;1;S8020;shoe_rack;compact;1;112.93;94.9;62.11;2016-07-11;STOR;S02;2;6.84;0.0606;K
T01975;2;D2010;dining_chair;oak;6;141.6;118.99;77.88;2016-07-11;DINI;S04;0;0.0;0.0;
T01975;3;G5011;table_lamp;modern;1;49.13;41.29;27.02;2016-07-11;LIGH;S05;0;0.0;0.0;
T01976;1;L1003;sofa;kompakt;1;762.48;640.74;419.36;2016-07-03;LIVI;S02;2;127.4;0.1671;K
T01977;1;D2010;dining_chair;oak;6;145.87;122.58;80.23;2016-03-11;DINI;S04;1;12.11;0.083;M
T01978;1;B3002;bed;milano;1;1613.73;1356.07;887.55;2016-11-26;BEDR;S01;0;0.0;0.0;
T01978;2;B3011;mattress;premium;1;932.66;783.75;512.96;2016-11-26;BEDR;S06;0;0.0;0.0;
T01978;3;B3031;nightstand;kompakt;2;113.81;95.63;62.59;2016-11-26;BEDR;S02;0;0.0;0.0;
T01978;4;B3020;headboard;harmony;1;291.16;244.67;160.14;2016-11-26;BEDR;S01;0;0.0;0.0;
T01978;5;G5030;led_strip;smart;1;38.5;32.35;21.17;2016-11-26;LIGH;S08;0;0.0;0.0;
T01978;6;L1050;rug;berber;1;181.84;152.8;100.01;2016-11-26;LIVI;S05;1;10.57;0.0581;B
T01979;1;B3001;bed;harmony;1;1131.55;950.88;622.35;2016-10-02;BEDR;S01;0;0.0;0.0;
T01979;2;U1002;garden_chair;metal;2;85.06;71.48;46.78;2016-10-02;OUTD;S09;0;0.0;0.0;
T01979;3;O4020;bookshelf;oak;1;253.99;213.43;139.69;2016-10-02;OFFI;S04;0;0.0;0.0;
T01980;1;E6020;speakers;stereo;1;182.42;153.29;100.33;2017-01-10;ELEC;S08;0;0.0;0.0;
T01981;1;D2031;table_extension;walnut;1;147.11;123.62;80.91;2015-12-16;DINI;S04;0;0.0;0.0;
T01982;1;E6020;speakers;stereo;1;171.41;144.04;94.27;2016-07-19;ELEC;S08;0;0.0;0.0;
T01982;2;L1002;sofa;milano;1;1807.76;1519.12;994.27;2016-07-19;LIVI;S01;0;0.0;0.0;
T01983;1;U1002;garden_chair;metal;1;90.28;75.87;49.66;2016-09-16;OUTD;S09;0;0.0;0.0;
T01984;1;D2011;dining_chair;fabric;6;119.83;100.7;65.91;2017-06-29;DINI;S03;0;0.0;0.0;
T01985;1;B3002;bed;milano;1;1552.77;1304.85;854.02;2016-01-10;BEDR;S01;1;216.64;0.1395;B
T01985;2;B3020;headboard;harmony;1;289.43;243.22;159.19;2016-01-10;BEDR;S01;0;0.0;0.0;
T01986;1;E6030;dvd_player;basic;1;72.08;60.57;39.65;2015-08-30;ELEC;S08;0;0.0;0.0;
T01986;2;B3031;nightstand;kompakt;2;116.84;98.19;64.26;2015-08-30;BEDR;S02;0;0.0;0.0;
T01987;1;B3011;mattress;premium;1;875.67;735.86;481.62;2017-05-24;BEDR;S06;0;0.0;0.0;
T01987;2;D2012;dining_chair;leather;4;194.76;163.66;107.12;2017-05-24;DINI;S01;0;0.0;0.0;
T01988;1;O4001;desk;oak;1;414.29;348.14;227.86;2015-08-30;OFFI;S04;0;0.0;0.0;
T01989;1;O4001;desk;oak;1;379.45;318.86;208.7;2016-10-29;OFFI;S04;0;0.0;0.0;
T01989;2;O4011;office_chair;basic;1;180.89;152.01;99.49;2016-10-29;OFFI;S07;0;0.0;0.0;
T01990;1;G5030;led_strip;smart;1;37.37;31.4;20.55;2016-12-26;LIGH;S08;0;0.0;0.0;
T01990;2;D2012;dining_chair;leather;2;205.24;172.47;112.88;2016-12-26;DINI;S01;0;0.0;0.0;
T01991;1;U1010;garden_table;rattan;1;293.78;246.88;161.58;2015-11-06;OUTD;S09;0;0.0;0.0;
T01991;2;U1002;garden_chair;metal;4;90.08;75.69;49.54;2015-11-06;OUTD;S09;0;0.0;0.0;
T01992;1;L1021;coffee_table;glass;1;285.68;240.07;157.12;2017-03-26;LIVI;S04;0;0.0;0.0;
T01993;1;D2010;dining_chair;oak;1;148.56;124.84;81.71;2015-09-15;DINI;S04;0;0.0;0.0;
T01993;2;E6010;soundbar;compact;1;252.79;212.43;139.04;2015-09-15;ELEC;S08;0;0.0;0.0;
T01994;1;O4020;bookshelf;oak;1;245.49;206.29;135.02;2015-07-03;OFFI;S04;0;0.0;0.0;
T01994;2;B3001;bed;harmony;1;1113.02;935.31;612.16;2015-07-03;BEDR;S01;0;0.0;0.0;
T01994;3;B3010;mattress;comfort;1;628.61;528.24;345.73;2015-07-03;BEDR;S06;0;0.0;0.0;
T01994;4;B3031;nightstand;kompakt;1;124.29;104.44;68.36;2015-07-03;BEDR;S02;0;0.0;0.0;
T01994;5;L1001;sofa;harmony;1;1186.84;997.35;652.76;2015-07-03;LIVI;S01;0;0.0;0.0;
T01994;6;L1010;armchair;harmony;1;570.6;479.49;313.83;2015-07-03;LIVI;S01;0;0.0;0.0;
T01995;1;O4001;desk;oak;1;417.34;350.7;229.53;2017-02-24;OFFI;S04;1;59.58;0.1428;B
T01995;2;O4011;office_chair;basic;1;182.69;153.52;100.48;2017-02-24;OFFI;S07;0;0.0;0.0;
T01996;1;K9011;kitchen_chair;fabric;6;101.18;85.03;55.65;2016-12-19;KITC;S03;0;0.0;0.0;
T01997;1;B3001;bed;harmony;1;1073.94;902.47;590.67;2015-11-20;BEDR;S01;0;0.0;0.0;
T01997;2;B3031;nightstand;kompakt;2;119.08;100.07;65.49;2015-11-20;BEDR;S02;0;0.0;0.0;
T01998;1;B3001;bed;harmony;1;1060.43;891.12;583.23;2016-01-15;BEDR;S01;0;0.0;0.0;
T01998;2;B3010;mattress;comfort;1;591.52;497.08;325.34;2016-01-15;BEDR;S06;0;0.0;0.0;
T01998;3;B3020;headboard;harmony;1;281.32;236.41;154.73;2016-01-15;BEDR;S01;0;0.0;0.0;
T01998;4;G5001;floor_lamp;luna;1;116.34;97.76;63.99;2016-01-15;LIGH;S03;0;0.0;0.0;
T01999;1;B3011;mattress;premium;1;854.17;717.79;469.79;2015-10-01;BEDR;S06;0;0.0;0.0;
T02000;1;O4002;desk;compact;1;249.69;209.82;137.33;2016-10-12;OFFI;S02;0;0.0;0.0;
T02000;2;O4011;office_chair;basic;1;185.8;156.13;102.19;2016-10-12;OFFI;S07;1;10.05;0.0541;B
T02001;1;L1020;coffee_table;oak;1;341.17;286.7;187.64;2016-04-20;LIVI;S04;0;0.0;0.0;
T02001;2;L1002;sofa;milano;1;1788.55;1502.98;983.7;2016-04-20;LIVI;S01;0;0.0;0.0;
T02001;3;L1051;rug;shaggy;1;298.9;251.18;164.39;2016-04-20;LIVI;S05;0;0.0;0.0;
T02002;1;E6010;soundbar;compact;1;248.69;208.99;136.78;2015-11-27;ELEC;S08;1;24.53;0.0986;M
T02002;2;C7002;mirror;framed;1;174.12;146.32;95.77;2015-11-27;DECO;S05;0;0.0;0.0;
T02003;1;L1003;sofa;kompakt;1;804.19;675.79;442.3;2017-05-11;LIVI;S02;0;0.0;0.0;
T02003;2;O4010;office_chair;ergo;1;351.77;295.6;193.47;2017-05-11;OFFI;S07;1;17.74;0.0504;B
T02003;3;D2030;table_extension;oak;1;122.59;103.02;67.43;2017-05-11;DINI;S04;0;0.0;0.0;
T02004;1;K9001;kitchen_table;oak;1;437.56;367.7;240.66;2017-03-09;KITC;S04;0;0.0;0.0;
T02005;1;D2003;dining_table;kompakt;1;601.63;505.57;330.89;2015-08-16;DINI;S02;0;0.0;0.0;
T02005;2;D2012;dining_chair;leather;4;195.33;164.14;107.43;2015-08-16;DINI;S01;0;0.0;0.0;
T02005;3;L1001;sofa;harmony;1;1245.64;1046.76;685.1;2015-08-16;LIVI;S01;1;122.32;0.0982;B
T02005;4;L1021;coffee_table;glass;1;265.63;223.22;146.09;2015-08-16;LIVI;S04;0;0.0;0.0;
T02005;5;L1051;rug;shaggy;1;293.5;246.64;161.42;2015-08-16;LIVI;S05;0;0.0;0.0;
T02006;1;L1050;rug;berber;1;184.85;155.34;101.67;2016-12-15;LIVI;S05;0;0.0;0.0;
T02007;1;B3030;nightstand;harmony;1;185.73;156.07;102.15;2015-11-01;BEDR;S01;0;0.0;0.0;
T02008;1;G5010;table_lamp;luna;1;77.79;65.37;42.78;2016-12-17;LIGH;S03;0;0.0;0.0;
T02008;2;C7030;curtain;linen;1;79.54;66.84;43.75;2016-12-17;DECO;S05;0;0.0;0.0;
T02009;1;D2020;sideboard;oak;1;678.1;569.83;372.95;2015-12-23;DINI;S04;0;0.0;0.0;
T02010;1;K9011;kitchen_chair;fabric;4;95.01;79.84;52.26;2016-08-15;KITC;S03;0;0.0;0.0;
T02010;2;O4011;office_chair;basic;1;174.53;146.66;95.99;2016-08-15;OFFI;S07;2;14.78;0.0847;A
T02011;1;O4010;office_chair;ergo;1;344.22;289.26;189.32;2017-02-03;OFFI;S07;0;0.0;0.0;
T02012;1;D2001;dining_table;oak;1;912.97;767.2;502.13;2016-09-30;DINI;S04;0;0.0;0.0;
T02012;2;D2031;table_extension;walnut;1;150.77;126.7;82.93;2016-09-30;DINI;S04;0;0.0;0.0;
T02013;1;B3003;bed;kompakt;1;752.3;632.18;413.76;2016-07-22;BEDR;S02;0;0.0;0.0;
T02013;2;B3010;mattress;comfort;1;602.7;506.47;331.48;2016-07-22;BEDR;S06;0;0.0;0.0;
T02014;1;E6020;speakers;stereo;1;171.35;143.99;94.24;2016-09-16;ELEC;S08;0;0.0;0.0;
T02014;2;C7010;vase;ceramic;1;40.64;34.15;22.35;2016-09-16;DECO;S05;0;0.0;0.0;
T02015;1;D2003;dining_table;kompakt;1;607.91;510.85;334.35;2016-01-05;DINI;S02;0;0.0;0.0;
T02015;2;D2012;dining_chair;leather;4;190.87;160.39;104.98;2016-01-05;DINI;S01;0;0.0;0.0;
T02015;3;D2030;table_extension;oak;1;115.57;97.12;63.56;2016-01-05;DINI;S04;0;0.0;0.0;
T02016;1;D2030;table_extension;oak;1;116.23;97.67;63.93;2015-09-17;DINI;S04;0;0.0;0.0;
T02017;1;B3001;bed;harmony;1;1091.77;917.45;600.47;2016-07-01;BEDR;S01;1;98.62;0.0903;A
T02018;1;K9010;kitchen_chair;oak;2;121.1;101.77;66.61;2017-03-06;KITC;S04;0;0.0;0.0;
T02019;1;L1050;rug;berber;1;182.31;153.21;100.27;2017-05-20;LIVI;S05;0;0.0;0.0;
T02020;1;L1051;rug;shaggy;1;306.9;257.9;168.8;2016-01-26;LIVI;S05;1;20.82;0.0679;M
T02021;1;D2030;table_extension;oak;1;114.67;96.36;63.07;2017-02-23;DINI;S04;0;0.0;0.0;
T02022;1;C7002;mirror;framed;1;163.26;137.19;89.79;2016-02-08;DECO;S05;0;0.0;0.0;
T02023;1;B3001;bed;harmony;1;1114.52;936.57;612.99;2016-05-26;BEDR;S01;0;0.0;0.0;
T02023;2;B3010;mattress;comfort;1;617.58;518.97;339.67;2016-05-26;BEDR;S06;1;68.96;0.1117;A
T02023;3;B3031;nightstand;kompakt;2;117.47;98.71;64.61;2016-05-26;BEDR;S02;0;0.0;0.0;
T02024;1;L1021;coffee_table;glass;1;270.01;226.9;148.5;2015-08-13;LIVI;S04;0;0.0;0.0;
T02024;2;B3020;headboard;harmony;1;287.24;241.38;157.98;2015-08-13;BEDR;S01;0;0.0;0.0;
T02025;1;O4001;desk;oak;1;386.77;325.02;212.73;2016-06-29;OFFI;S04;2;42.77;0.1106;A
T02025;2;O4020;bookshelf;oak;1;240.76;202.32;132.42;2016-06-29;OFFI;S04;2;42.95;0.1784;A
T02026;1;O4011;office_chair;basic;1;182.86;153.67;100.57;2017-02-27;OFFI;S07;0;0.0;0.0;
T02027;1;L1020;coffee_table;oak;1;363.33;305.32;199.83;2015-08-21;LIVI;S04;0;0.0;0.0;
T02028;1;U1001;garden_chair;rattan;2;119.53;100.45;65.74;2017-03-17;OUTD;S09;0;0.0;0.0;
T02029;1;L1050;rug;berber;1;180.87;151.99;99.48;2015-08-07;LIVI;S05;0;0.0;0.0;
T02030;1;L1020;coffee_table;oak;1;354.81;298.16;195.15;2015-08-10;LIVI;S04;1;26.42;0.0745;M
T02030;2;B3003;bed;kompakt;1;781.94;657.1;430.07;2015-08-10;BEDR;S02;0;0.0;0.0;
T02030;3;B3010;mattress;comfort;1;573.28;481.75;315.31;2015-08-10;BEDR;S06;0;0.0;0.0;
T02030;4;B3031;nightstand;kompakt;2;121.11;101.78;66.61;2015-08-10;BEDR;S02;2;18.95;0.1565;K
T02031;1;K9002;kitchen_table;kompakt;1;308.74;259.45;169.81;2016-04-27;KITC;S02;0;0.0;0.0;
T02031;2;O4010;office_chair;ergo;1;362.97;305.02;199.63;2016-04-27;OFFI;S07;2;54.36;0.1498;K
T02032;1;L1030;side_table;oak;1;124.34;104.49;68.39;2015-11-21;LIVI;S04;0;0.0;0.0;
T02032;2;S8010;cabinet;oak;1;570.29;479.23;313.66;2015-11-21;STOR;S04;0;0.0;0.0;
T02032;3;E6011;soundbar;premium;1;386.34;324.66;212.49;2015-11-21;ELEC;S08;0;0.0;0.0;
T02033;1;B3010;mattress;comfort;1;613.07;515.19;337.19;2017-05-11;BEDR;S06;0;0.0;0.0;
T02033;2;L1003;sofa;kompakt;1;789.86;663.75;434.42;2017-05-11;LIVI;S02;0;0.0;0.0;
T02033;3;L1011;armchair;luna;1;429.13;360.61;236.02;2017-05-11;LIVI;S03;0;0.0;0.0;
T02034;1;L1051;rug;shaggy;1;306.13;257.25;168.37;2016-02-29;LIVI;S05;0;0.0;0.0;
T02035;1;D2030;table_extension;oak;1;119.16;100.14;65.54;2017-01-21;DINI;S04;0;0.0;0.0;
T02036;1;O4011;office_chair;basic;1;177.1;148.82;97.41;2015-12-11;OFFI;S07;0;0.0;0.0;
T02037;1;D2012;dining_chair;leather;4;199.17;167.37;109.55;2017-02-08;DINI;S01;1;18.36;0.0922;M
T02037;2;O4020;bookshelf;oak;1;247.18;207.72;135.95;2017-02-08;OFFI;S04;1;27.31;0.1105;A
T02038;1;D2010;dining_chair;oak;6;145.71;122.45;80.14;2016-05-24;DINI;S04;0;0.0;0.0;
T02039;1;U1002;garden_chair;metal;2;92.72;77.92;51.0;2016-03-09;OUTD;S09;0;0.0;0.0;
T02040;1;C7001;mirror;round;1;122.27;102.75;67.25;2015-07-15;DECO;S05;2;9.79;0.0801;K
T02040;2;B3020;headboard;harmony;1;287.97;241.99;158.38;2015-07-15;BEDR;S01;0;0.0;0.0;
T02041;1;O4001;desk;oak;1;399.43;335.66;219.69;2015-07-13;OFFI;S04;0;0.0;0.0;
T02041;2;O4011;office_chair;basic;1;182.12;153.04;100.16;2015-07-13;OFFI;S07;0;0.0;0.0;
T02041;3;B3020;headboard;harmony;1;280.75;235.93;154.41;2015-07-13;BEDR;S01;0;0.0;0.0;
T02041;4;K9020;bar_stool;oak;1;137.09;115.2;75.4;2015-07-13;KITC;S04;0;0.0;0.0;
T02042;1;G5031;led_strip;basic;1;18.57;15.6;10.21;2015-11-11;LIGH;S08;0;0.0;0.0;
T02043;1;D2001;dining_table;oak;1;861.16;723.66;473.64;2015-07-29;DINI;S04;0;0.0;0.0;
T02044;1;K9011;kitchen_chair;fabric;2;99.41;83.54;54.67;2016-05-18;KITC;S03;0;0.0;0.0;
T02044;2;L1021;coffee_table;glass;1;285.24;239.69;156.88;2016-05-18;LIVI;S04;0;0.0;0.0;
T02044;3;G5031;led_strip;basic;1;19.73;16.58;10.85;2016-05-18;LIGH;S08;0;0.0;0.0;
T02045;1;G5001;floor_lamp;luna;1;124.31;104.46;68.37;2015-10-27;LIGH;S03;0;0.0;0.0;
T02045;2;E6010;soundbar;compact;1;246.74;207.35;135.71;2015-10-27;ELEC;S08;0;0.0;0.0;
T02045;3;O4001;desk;oak;1;393.59;330.75;216.47;2015-10-27;OFFI;S04;1;29.25;0.0743;A
T02045;4;O4010;office_chair;ergo;1;353.49;297.05;194.42;2015-10-27;OFFI;S07;0;0.0;0.0;
T02046;1;K9002;kitchen_table;kompakt;1;295.81;248.58;162.69;2015-07-23;KITC;S02;0;0.0;0.0;
T02046;2;K9010;kitchen_chair;oak;2;119.6;100.5;65.78;2015-07-23;KITC;S04;1;11.05;0.0924;B
T02047;1;D2001;dining_table;oak;1;882.79;741.84;485.53;2016-10-19;DINI;S04;0;0.0;0.0;
T02047;2;D2010;dining_chair;oak;6;145.52;122.28;80.03;2016-10-19;DINI;S04;2;18.02;0.1239;K
T02048;1;B3002;bed;milano;1;1628.62;1368.59;895.74;2015-12-09;BEDR;S01;0;0.0;0.0;
T02048;2;B3011;mattress;premium;1;938.5;788.65;516.17;2015-12-09;BEDR;S06;0;0.0;0.0;
T02048;3;B3031;nightstand;kompakt;1;122.11;102.62;67.16;2015-12-09;BEDR;S02;0;0.0;0.0;
T02048;4;B3020;headboard;harmony;1;288.14;242.13;158.47;2015-12-09;BEDR;S01;0;0.0;0.0;
T02049;1;L1041;ottoman;kompakt;1;154.43;129.77;84.94;2016-08-05;LIVI;S02;0;0.0;0.0;
T02049;2;L1050;rug;berber;1;195.83;164.56;107.71;2016-08-05;LIVI;S05;1;19.11;0.0976;M
T02049;3;S8001;dresser;harmony;1;376.3;316.22;206.97;2016-08-05;STOR;S01;0;0.0;0.0;
T02050;1;G5011;table_lamp;modern;1;48.36;40.64;26.6;2017-05-31;LIGH;S05;0;0.0;0.0;
T02051;1;L1051;rug;shaggy;1;309.43;260.02;170.18;2016-08-27;LIVI;S05;0;0.0;0.0;
T02052;1;D2002;dining_table;walnut;1;1301.52;1093.71;715.84;2016-04-09;DINI;S04;0;0.0;0.0;
T02052;2;D2011;dining_chair;fabric;4;122.93;103.3;67.61;2016-04-09;DINI;S03;0;0.0;0.0;
T02053;1;B3020;headboard;harmony;1;285.15;239.62;156.83;2017-04-16;BEDR;S01;0;0.0;0.0;
T02054;1;C7001;mirror;round;1;121.97;102.5;67.09;2015-08-07;DECO;S05;0;0.0;0.0;
T02055;1;K9010;kitchen_chair;oak;1;119.34;100.28;65.64;2016-04-22;KITC;S04;0;0.0;0.0;
T02056;1;D2002;dining_table;walnut;1;1326.43;1114.64;729.53;2015-07-15;DINI;S04;1;174.64;0.1317;B
T02056;2;D2011;dining_chair;fabric;1;119.47;100.4;65.71;2015-07-15;DINI;S03;1;13.13;0.1099;B
T02056;3;D2031;table_extension;walnut;1;144.45;121.39;79.45;2015-07-15;DINI;S04;0;0.0;0.0;
T02057;1;C7001;mirror;round;1;114.17;95.94;62.8;2016-01-29;DECO;S05;0;0.0;0.0;
T02057;2;K9002;kitchen_table;kompakt;1;311.77;261.99;171.47;2016-01-29;KITC;S02;0;0.0;0.0;
T02057;3;K9011;kitchen_chair;fabric;2;98.34;82.64;54.09;2016-01-29;KITC;S03;0;0.0;0.0;
T02057;4;L1011;armchair;luna;1;450.69;378.73;247.88;2016-01-29;LIVI;S03;0;0.0;0.0;
T02058;1;B3030;nightstand;harmony;1;177.23;148.93;97.48;2016-11-08;BEDR;S01;2;14.56;0.0821;A
T02058;2;E6002;tv;smart65;1;1160.0;974.79;638.0;2016-11-08;ELEC;S08;1;168.19;0.145;A
T02059;1;E6030;dvd_player;basic;1;68.95;57.94;37.92;2015-10-18;ELEC;S08;0;0.0;0.0;
T02060;1;L1050;rug;berber;1;193.8;162.85;106.59;2016-04-03;LIVI;S05;1;24.3;0.1254;M
T02060;2;L1001;sofa;harmony;1;1226.83;1030.95;674.76;2016-04-03;LIVI;S01;0;0.0;0.0;
T02061;1;B3020;headboard;harmony;1;279.05;234.5;153.48;2015-08-15;BEDR;S01;0;0.0;0.0;
T02062;1;G5010;table_lamp;luna;1;82.38;69.23;45.31;2017-06-25;LIGH;S03;1;8.21;0.0996;A
T02063;1;B3010;mattress;comfort;1;623.97;524.35;343.18;2017-06-03;BEDR;S06;0;0.0;0.0;
T02064;1;B3010;mattress;comfort;1;574.04;482.39;315.72;2017-01-12;BEDR;S06;2;48.33;0.0842;K
T02065;1;L1020;coffee_table;oak;1;345.19;290.08;189.86;2017-02-03;LIVI;S04;0;0.0;0.0;
T02066;1;O4001;desk;oak;1;392.67;329.97;215.97;2016-06-26;OFFI;S04;0;0.0;0.0;
T02066;2;O4010;office_chair;ergo;1;339.93;285.65;186.96;2016-06-26;OFFI;S07;1;49.81;0.1465;M
T02066;3;S8001;dresser;harmony;1;363.42;305.39;199.88;2016-06-26;STOR;S01;0;0.0;0.0;
T02067;1;U1020;parasol;basic;1;121.03;101.7;66.57;2017-01-01;OUTD;S09;1;15.41;0.1273;B
T02068;1;B3040;wardrobe;harmony;1;1104.57;928.21;607.51;2016-09-18;BEDR;S01;0;0.0;0.0;
T02068;2;B3002;bed;milano;1;1527.2;1283.36;839.96;2016-09-18;BEDR;S01;0;0.0;0.0;
T02068;3;K9011;kitchen_chair;fabric;4;96.65;81.22;53.16;2016-09-18;KITC;S03;1;13.73;0.142;B
T02069;1;G5010;table_lamp;luna;2;79.39;66.71;43.66;2017-04-09;LIGH;S03;1;10.01;0.126;B
T02069;2;K9010;kitchen_chair;oak;2;113.37;95.27;62.35;2017-04-09;KITC;S04;0;0.0;0.0;
T02069;3;L1020;coffee_table;oak;1;355.49;298.73;195.52;2017-04-09;LIVI;S04;1;17.86;0.0502;B
T02070;1;G5031;led_strip;basic;1;18.32;15.39;10.08;2017-03-06;LIGH;S08;0;0.0;0.0;
T02071;1;G5001;floor_lamp;luna;1;123.27;103.59;67.8;2015-11-30;LIGH;S03;0;0.0;0.0;
T02072;1;C7020;picture_frame;wood;1;18.27;15.36;10.05;2016-07-04;DECO;S05;0;0.0;0.0;
T02072;2;B3001;bed;harmony;1;1138.93;957.08;626.41;2016-07-04;BEDR;S01;0;0.0;0.0;
T02072;3;B3010;mattress;comfort;1;572.62;481.19;314.94;2016-07-04;BEDR;S06;0;0.0;0.0;
T02073;1;O4011;office_chair;basic;1;173.2;145.55;95.26;2015-10-08;OFFI;S07;0;0.0;0.0;
T02073;2;B3002;bed;milano;1;1625.51;1365.98;894.03;2015-10-08;BEDR;S01;0;0.0;0.0;
T02073;3;B3010;mattress;comfort;1;627.33;527.17;345.03;2015-10-08;BEDR;S06;0;0.0;0.0;
T02073;4;D2001;dining_table;oak;1;935.98;786.54;514.79;2015-10-08;DINI;S04;0;0.0;0.0;
T02073;5;D2012;dining_chair;leather;1;199.86;167.95;109.92;2015-10-08;DINI;S01;0;0.0;0.0;
T02074;1;O4002;desk;compact;1;258.93;217.59;142.41;2016-03-27;OFFI;S02;0;0.0;0.0;
T02074;2;O4011;office_chair;basic;1;171.79;144.37;94.49;2016-03-27;OFFI;S07;0;0.0;0.0;
T02075;1;G5011;table_lamp;modern;2;47.84;40.2;26.31;2017-03-27;LIGH;S05;2;2.53;0.0529;K
T02076;1;L1051;rug;shaggy;1;297.15;249.71;163.43;2015-09-25;LIVI;S05;1;39.25;0.1321;A
T02077;1;L1001;sofa;harmony;1;1200.85;1009.11;660.47;2016-12-26;LIVI;S01;1;91.63;0.0763;M
T02077;2;L1050;rug;berber;1;197.66;166.1;108.71;2016-12-26;LIVI;S05;0;0.0;0.0;
T02078;1;B3002;bed;milano;1;1677.09;1409.32;922.4;2016-12-04;BEDR;S01;1;184.52;0.11;M
T02078;2;B3011;mattress;premium;1;915.81;769.59;503.7;2016-12-04;BEDR;S06;2;67.98;0.0742;K
T02079;1;K9001;kitchen_table;oak;1;442.0;371.43;243.1;2016-01-28;KITC;S04;0;0.0;0.0;
T02079;2;K9010;kitchen_chair;oak;2;114.55;96.26;63.0;2016-01-28;KITC;S04;0;0.0;0.0;
T02079;3;G5001;floor_lamp;luna;1;119.45;100.38;65.7;2016-01-28;LIGH;S03;0;0.0;0.0;
T02080;1;B3003;bed;kompakt;1;745.09;626.13;409.8;2015-12-12;BEDR;S02;0;0.0;0.0;
T02080;2;B3011;mattress;premium;1;929.0;780.67;510.95;2015-12-12;BEDR;S06;0;0.0;0.0;
T02080;3;B3030;nightstand;harmony;2;182.22;153.13;100.22;2015-12-12;BEDR;S01;0;0.0;0.0;
T02080;4;B3020;headboard;harmony;1;271.52;228.16;149.33;2015-12-12;BEDR;S01;0;0.0;0.0;
T02081;1;L1030;side_table;oak;1;121.41;102.03;66.78;2016-08-01;LIVI;S04;0;0.0;0.0;
T02082;1;D2012;dining_chair;leather;2;199.06;167.28;109.48;2016-01-19;DINI;S01;0;0.0;0.0;
T02083;1;D2010;dining_chair;oak;2;146.07;122.75;80.34;2016-07-31;DINI;S04;2;17.84;0.1222;A
T02083;2;O4002;desk;compact;1;244.48;205.44;134.46;2016-07-31;OFFI;S02;0;0.0;0.0;
T02083;3;O4010;office_chair;ergo;1;348.87;293.17;191.88;2016-07-31;OFFI;S07;2;21.8;0.0625;K
T02083;4;O4020;bookshelf;oak;1;243.5;204.62;133.92;2016-07-31;OFFI;S04;0;0.0;0.0;
T02083;5;U1002;garden_chair;metal;4;92.11;77.4;50.66;2016-07-31;OUTD;S09;1;11.22;0.1218;M
T02084;1;L1003;sofa;kompakt;1;836.71;703.11;460.19;2017-05-29;LIVI;S02;0;0.0;0.0;
T02084;2;E6020;speakers;stereo;1;184.11;154.72;101.26;2017-05-29;ELEC;S08;0;0.0;0.0;
T02085;1;U1001;garden_chair;rattan;1;124.57;104.68;68.51;2015-10-13;OUTD;S09;0;0.0;0.0;
T02085;2;D2010;dining_chair;oak;6;153.37;128.88;84.35;2015-10-13;DINI;S04;0;0.0;0.0;
T02086;1;K9011;kitchen_chair;fabric;2;97.04;81.54;53.37;2016-03-11;KITC;S03;0;0.0;0.0;
T02086;2;B3001;bed;harmony;1;1135.55;954.24;624.55;2016-03-11;BEDR;S01;0;0.0;0.0;
T02086;3;B3010;mattress;comfort;1;577.42;485.23;317.58;2016-03-11;BEDR;S06;0;0.0;0.0;
T02086;4;S8001;dresser;harmony;1;381.1;320.25;209.61;2016-03-11;STOR;S01;0;0.0;0.0;
T02087;1;S8010;cabinet;oak;1;567.58;476.95;312.17;2016-12-31;STOR;S04;0;0.0;0.0;
T02087;2;L1020;coffee_table;oak;1;360.31;302.78;198.17;2016-12-31;LIVI;S04;0;0.0;0.0;
T02087;3;D2001;dining_table;oak;1;881.85;741.05;485.02;2016-12-31;DINI;S04;0;0.0;0.0;
T02087;4;D2010;dining_chair;oak;1;146.84;123.4;80.76;2016-12-31;DINI;S04;0;0.0;0.0;
T02087;5;D2020;sideboard;oak;1;676.26;568.28;371.94;2016-12-31;DINI;S04;0;0.0;0.0;
T02088;1;L1040;ottoman;luna;1;211.64;177.85;116.4;2015-12-14;LIVI;S03;0;0.0;0.0;
T02088;2;D2001;dining_table;oak;1;875.28;735.53;481.41;2015-12-14;DINI;S04;0;0.0;0.0;
T02088;3;D2012;dining_chair;leather;4;191.88;161.24;105.53;2015-12-14;DINI;S01;1;18.47;0.0963;A
T02089;1;L1003;sofa;kompakt;1;810.21;680.85;445.62;2015-11-12;LIVI;S02;0;0.0;0.0;
T02089;2;L1011;armchair;luna;1;455.79;383.02;250.68;2015-11-12;LIVI;S03;0;0.0;0.0;
T02089;3;L1050;rug;berber;1;186.16;156.44;102.39;2015-11-12;LIVI;S05;0;0.0;0.0;
T02089;4;E6011;soundbar;premium;1;396.68;333.34;218.17;2015-11-12;ELEC;S08;0;0.0;0.0;
T02090;1;B3030;nightstand;harmony;1;184.09;154.7;101.25;2017-02-01;BEDR;S01;0;0.0;0.0;
T02091;1;K9010;kitchen_chair;oak;2;115.23;96.83;63.38;2015-10-03;KITC;S04;0;0.0;0.0;
T02092;1;D2001;dining_table;oak;1;920.43;773.47;506.24;2016-08-13;DINI;S04;0;0.0;0.0;
T02092;2;D2030;table_extension;oak;1;122.1;102.61;67.16;2016-08-13;DINI;S04;0;0.0;0.0;
T02093;1;B3011;mattress;premium;1;860.97;723.5;473.53;2016-05-28;BEDR;S06;2;61.61;0.0716;A
T02093;2;B3001;bed;harmony;1;1086.14;912.72;597.38;2016-05-28;BEDR;S01;0;0.0;0.0;
T02093;3;B3020;headboard;harmony;1;273.16;229.55;150.24;2016-05-28;BEDR;S01;0;0.0;0.0;
T02094;1;L1050;rug;berber;1;181.46;152.49;99.8;2016-01-04;LIVI;S05;0;0.0;0.0;
T02095;1;U1001;garden_chair;rattan;4;118.54;99.62;65.2;2016-12-07;OUTD;S09;0;0.0;0.0;
T02096;1;L1001;sofa;harmony;1;1251.32;1051.53;688.23;2016-03-12;LIVI;S01;0;0.0;0.0;
T02096;2;D2020;sideboard;oak;1;638.66;536.68;351.26;2016-03-12;DINI;S04;0;0.0;0.0;
T02096;3;U1002;garden_chair;metal;1;91.06;76.52;50.09;2016-03-12;OUTD;S09;0;0.0;0.0;
T02097;1;L1051;rug;shaggy;1;306.35;257.44;168.49;2017-02-22;LIVI;S05;0;0.0;0.0;
T02098;1;D2010;dining_chair;oak;2;145.68;122.42;80.12;2015-09-16;DINI;S04;0;0.0;0.0;
T02099;1;O4030;filing_cabinet;metal;1;256.7;215.71;141.18;2016-09-18;OFFI;S07;0;0.0;0.0;
T02100;1;U1002;garden_chair;metal;1;92.42;77.67;50.83;2016-05-21;OUTD;S09;0;0.0;0.0;
T02101;1;C7010;vase;ceramic;1;39.61;33.28;21.78;2015-07-16;DECO;S05;0;0.0;0.0;
T02102;1;D2010;dining_chair;oak;1;153.19;128.73;84.26;2016-01-02;DINI;S04;0;0.0;0.0;
T02103;1;U1002;garden_chair;metal;2;87.27;73.34;48.0;2016-08-10;OUTD;S09;0;0.0;0.0;
T02104;1;B3031;nightstand;kompakt;2;115.33;96.91;63.43;2017-06-09;BEDR;S02;0;0.0;0.0;
T02105;1;E6020;speakers;stereo;1;181.79;152.76;99.98;2017-02-10;ELEC;S08;0;0.0;0.0;
T02106;1;D2012;dining_chair;leather;4;200.34;168.36;110.19;2016-10-11;DINI;S01;0;0.0;0.0;
T02107;1;D2012;dining_chair;leather;1;193.83;162.89;106.61;2015-09-24;DINI;S01;0;0.0;0.0;
T02108;1;O4020;bookshelf;oak;1;237.66;199.72;130.72;2016-01-17;OFFI;S04;0;0.0;0.0;
T02109;1;L1030;side_table;oak;1;124.83;104.9;68.65;2015-09-26;LIVI;S04;0;0.0;0.0;
T02110;1;D2030;table_extension;oak;1;113.3;95.21;62.32;2016-02-10;DINI;S04;0;0.0;0.0;
T02110;2;D2001;dining_table;oak;1;914.84;768.77;503.16;2016-02-10;DINI;S04;0;0.0;0.0;
T02111;1;K9002;kitchen_table;kompakt;1;286.44;240.71;157.54;2015-07-25;KITC;S02;0;0.0;0.0;
T02112;1;O4011;office_chair;basic;1;187.07;157.21;102.89;2015-08-20;OFFI;S07;0;0.0;0.0;
T02113;1;C7030;curtain;linen;1;76.89;64.61;42.29;2016-09-17;DECO;S05;0;0.0;0.0;
T02113;2;L1011;armchair;luna;1;467.84;393.14;257.31;2016-09-17;LIVI;S03;0;0.0;0.0;
T02114;1;B3031;nightstand;kompakt;2;118.3;99.41;65.06;2017-05-31;BEDR;S02;0;0.0;0.0;
T02115;1;B3010;mattress;comfort;1;572.23;480.87;314.73;2017-03-03;BEDR;S06;0;0.0;0.0;
T02116;1;B3001;bed;harmony;1;1152.26;968.28;633.74;2016-07-30;BEDR;S01;0;0.0;0.0;
T02116;2;B3010;mattress;comfort;1;569.99;478.98;313.49;2016-07-30;BEDR;S06;0;0.0;0.0;
T02117;1;D2010;dining_chair;oak;1;155.22;130.44;85.37;2016-12-09;DINI;S04;0;0.0;0.0;
T02117;2;C7020;picture_frame;wood;2;18.78;15.78;10.33;2016-12-09;DECO;S05;0;0.0;0.0;
T02118;1;K9010;kitchen_chair;oak;4;119.95;100.8;65.97;2015-12-09;KITC;S04;0;0.0;0.0;
T02118;2;B3040;wardrobe;harmony;1;1108.8;931.77;609.84;2015-12-09;BEDR;S01;1;123.2;0.1111;A
T02118;3;B3031;nightstand;kompakt;1;123.93;104.14;68.16;2015-12-09;BEDR;S02;0;0.0;0.0;
T02119;1;U1020;parasol;basic;1;114.24;96.0;62.83;2016-11-08;OUTD;S09;0;0.0;0.0;
T02120;1;C7020;picture_frame;wood;2;18.18;15.28;10.0;2015-10-29;DECO;S05;0;0.0;0.0;
T02121;1;L1021;coffee_table;glass;1;290.33;243.97;159.68;2015-11-21;LIVI;S04;1;36.24;0.1248;B
T02121;2;G5001;floor_lamp;luna;1;116.7;98.07;64.19;2015-11-21;LIGH;S03;0;0.0;0.0;
T02121;3;C7030;curtain;linen;1;79.16;66.52;43.54;2015-11-21;DECO;S05;0;0.0;0.0;
T02122;1;D2011;dining_chair;fabric;4;118.82;99.85;65.35;2016-08-25;DINI;S03;0;0.0;0.0;
T02123;1;L1011;armchair;luna;1;454.94;382.31;250.22;2016-04-08;LIVI;S03;0;0.0;0.0;
T02123;2;B3003;bed;kompakt;1;781.59;656.8;429.87;2016-04-08;BEDR;S02;0;0.0;0.0;
T02123;3;B3011;mattress;premium;1;918.74;772.05;505.31;2016-04-08;BEDR;S06;0;0.0;0.0;
T02124;1;B3001;bed;harmony;1;1080.14;907.68;594.08;2016-07-10;BEDR;S01;0;0.0;0.0;
T02124;2;B3011;mattress;premium;1;862.3;724.62;474.26;2016-07-10;BEDR;S06;0;0.0;0.0;
T02124;3;D2001;dining_table;oak;1;935.81;786.4;514.7;2016-07-10;DINI;S04;0;0.0;0.0;
T02124;4;D2010;dining_chair;oak;2;153.37;128.89;84.36;2016-07-10;DINI;S04;0;0.0;0.0;
T02124;5;D2031;table_extension;walnut;1;143.3;120.42;78.82;2016-07-10;DINI;S04;0;0.0;0.0;
T02124;6;D2020;sideboard;oak;1;659.69;554.36;362.83;2016-07-10;DINI;S04;0;0.0;0.0;
T02125;1;D2012;dining_chair;leather;6;200.46;168.46;110.25;2016-10-08;DINI;S01;0;0.0;0.0;
T02126;1;D2002;dining_table;walnut;1;1285.7;1080.42;707.14;2015-08-25;DINI;S04;0;0.0;0.0;
T02126;2;D2012;dining_chair;leather;6;191.61;161.02;105.39;2015-08-25;DINI;S01;0;0.0;0.0;
T02127;1;B3003;bed;kompakt;1;736.16;618.62;404.89;2017-06-21;BEDR;S02;0;0.0;0.0;
T02127;2;B3010;mattress;comfort;1;587.39;493.6;323.06;2017-06-21;BEDR;S06;0;0.0;0.0;
T02127;3;B3020;headboard;harmony;1;283.63;238.34;155.99;2017-06-21;BEDR;S01;0;0.0;0.0;
T02127;4;L1011;armchair;luna;1;458.84;385.58;252.36;2017-06-21;LIVI;S03;0;0.0;0.0;
T02127;5;K9010;kitchen_chair;oak;4;119.48;100.41;65.72;2017-06-21;KITC;S04;0;0.0;0.0;
T02128;1;L1020;coffee_table;oak;1;356.16;299.29;195.89;2015-07-11;LIVI;S04;0;0.0;0.0;
T02128;2;D2012;dining_chair;leather;2;192.27;161.57;105.75;2015-07-11;DINI;S01;0;0.0;0.0;
T02129;1;S8020;shoe_rack;compact;1;106.03;89.1;58.32;2016-10-11;STOR;S02;0;0.0;0.0;
T02129;2;G5010;table_lamp;luna;2;78.3;65.79;43.06;2016-10-11;LIGH;S03;0;0.0;0.0;
T02130;1;L1001;sofa;harmony;1;1236.3;1038.91;679.96;2017-05-14;LIVI;S01;0;0.0;0.0;
T02131;1;E6030;dvd_player;basic;1;68.42;57.5;37.63;2016-02-12;ELEC;S08;0;0.0;0.0;
T02132;1;B3031;nightstand;kompakt;1;123.88;104.1;68.14;2015-07-10;BEDR;S02;0;0.0;0.0;
T02133;1;D2001;dining_table;oak;1;859.63;722.38;472.8;2016-08-24;DINI;S04;0;0.0;0.0;
T02133;2;D2010;dining_chair;oak;1;141.62;119.01;77.89;2016-08-24;DINI;S04;0;0.0;0.0;
T02134;1;B3010;mattress;comfort;1;572.81;481.35;315.04;2016-02-28;BEDR;S06;0;0.0;0.0;
T02135;1;L1050;rug;berber;1;182.35;153.23;100.29;2016-02-12;LIVI;S05;0;0.0;0.0;
T02136;1;D2010;dining_chair;oak;4;148.86;125.1;81.88;2016-04-20;DINI;S04;0;0.0;0.0;
T02137;1;C7030;curtain;linen;1;80.47;67.62;44.26;2017-05-05;DECO;S05;0;0.0;0.0;
T02137;2;U1010;garden_table;rattan;1;310.62;261.02;170.84;2017-05-05;OUTD;S09;0;0.0;0.0;
T02138;1;L1001;sofa;harmony;1;1236.82;1039.34;680.25;2017-01-20;LIVI;S01;0;0.0;0.0;
T02139;1;O4011;office_chair;basic;1;175.98;147.89;96.79;2016-02-23;OFFI;S07;0;0.0;0.0;
T02140;1;L1050;rug;berber;1;194.6;163.53;107.03;2017-04-10;LIVI;S05;0;0.0;0.0;
T02140;2;D2001;dining_table;oak;1;906.42;761.7;498.53;2017-04-10;DINI;S04;2;69.68;0.0769;A
T02140;3;D2011;dining_chair;fabric;1;121.43;102.04;66.79;2017-04-10;DINI;S03;0;0.0;0.0;
T02140;4;D2031;table_extension;walnut;1;150.61;126.57;82.84;2017-04-10;DINI;S04;0;0.0;0.0;
T02141;1;K9001;kitchen_table;oak;1;463.92;389.85;255.15;2015-11-15;KITC;S04;0;0.0;0.0;
T02141;2;K9010;kitchen_chair;oak;6;120.3;101.1;66.17;2015-11-15;KITC;S04;0;0.0;0.0;
T02141;3;C7001;mirror;round;1;113.87;95.69;62.63;2015-11-15;DECO;S05;0;0.0;0.0;
T02142;1;B3040;wardrobe;harmony;1;1054.94;886.5;580.22;2016-02-29;BEDR;S01;0;0.0;0.0;
T02143;1;D2031;table_extension;walnut;1;145.91;122.61;80.25;2015-08-18;DINI;S04;1;16.04;0.1099;B
T02144;1;K9010;kitchen_chair;oak;4;124.49;104.62;68.47;2015-07-31;KITC;S04;0;0.0;0.0;
T02144;2;D2010;dining_chair;oak;4;143.89;120.91;79.14;2015-07-31;DINI;S04;0;0.0;0.0;
T02145;1;G5011;table_lamp;modern;1;50.08;42.08;27.54;2016-08-06;LIGH;S05;0;0.0;0.0;
T02145;2;G5030;led_strip;smart;1;37.24;31.29;20.48;2016-08-06;LIGH;S08;0;0.0;0.0;
T02145;3;L1001;sofa;harmony;1;1178.23;990.11;648.02;2016-08-06;LIVI;S01;0;0.0;0.0;
T02146;1;B3031;nightstand;kompakt;2;117.42;98.68;64.58;2016-12-22;BEDR;S02;0;0.0;0.0;
T02146;2;D2010;dining_chair;oak;4;151.92;127.66;83.55;2016-12-22;DINI;S04;1;11.68;0.0769;B
T02147;1;B3010;mattress;comfort;1;582.71;489.67;320.49;2016-06-15;BEDR;S06;1;75.68;0.1299;A
T02148;1;B3011;mattress;premium;1;902.32;758.25;496.27;2016-05-24;BEDR;S06;0;0.0;0.0;
T02149;1;K9002;kitchen_table;kompakt;1;288.83;242.71;158.86;2016-06-25;KITC;S02;1;37.36;0.1293;B
T02149;2;K9010;kitchen_chair;oak;4;114.19;95.96;62.8;2016-06-25;KITC;S04;0;0.0;0.0;
T02150;1;E6002;tv;smart65;1;1246.02;1047.08;685.31;2017-02-22;ELEC;S08;1;177.39;0.1424;B
T02150;2;E6010;soundbar;compact;1;242.05;203.41;133.13;2017-02-22;ELEC;S08;0;0.0;0.0;
T02150;3;L1020;coffee_table;oak;1;342.78;288.05;188.53;2017-02-22;LIVI;S04;0;0.0;0.0;
T02151;1;E6020;speakers;stereo;1;178.03;149.61;97.92;2015-07-04;ELEC;S08;1;16.74;0.094;B
T02152;1;B3003;bed;kompakt;1;728.38;612.08;400.61;2017-04-27;BEDR;S02;0;0.0;0.0;
T02152;2;B3010;mattress;comfort;1;570.1;479.07;313.55;2017-04-27;BEDR;S06;0;0.0;0.0;
T02152;3;B3030;nightstand;harmony;1;177.69;149.32;97.73;2017-04-27;BEDR;S01;0;0.0;0.0;
T02152;4;L1001;sofa;harmony;1;1164.39;978.48;640.42;2017-04-27;LIVI;S01;1;137.64;0.1182;A
T02152;5;L1021;coffee_table;glass;1;278.32;233.88;153.07;2017-04-27;LIVI;S04;0;0.0;0.0;
T02152;6;D2010;dining_chair;oak;2;149.67;125.77;82.32;2017-04-27;DINI;S04;0;0.0;0.0;
T02153;1;B3010;mattress;comfort;1;585.41;491.94;321.97;2017-03-28;BEDR;S06;0;0.0;0.0;
T02154;1;O4020;bookshelf;oak;1;236.69;198.9;130.18;2016-10-28;OFFI;S04;2;42.21;0.1784;A
T02154;2;L1050;rug;berber;1;188.82;158.68;103.85;2016-10-28;LIVI;S05;1;21.3;0.1128;A
T02154;3;L1003;sofa;kompakt;1;781.29;656.54;429.71;2016-10-28;LIVI;S02;2;60.19;0.077;K
T02154;4;L1020;coffee_table;oak;1;343.88;288.98;189.14;2016-10-28;LIVI;S04;1;29.94;0.0871;A
T02155;1;L1003;sofa;kompakt;1;826.26;694.33;454.44;2015-12-01;LIVI;S02;0;0.0;0.0;
T02155;2;L1020;coffee_table;oak;1;357.95;300.8;196.87;2015-12-01;LIVI;S04;0;0.0;0.0;
T02156;1;L1011;armchair;luna;1;467.37;392.74;257.05;2016-01-24;LIVI;S03;0;0.0;0.0;
T02157;1;L1020;coffee_table;oak;1;359.47;302.07;197.71;2017-04-21;LIVI;S04;0;0.0;0.0;
T02158;1;S8001;dresser;harmony;1;367.41;308.75;202.08;2016-03-04;STOR;S01;0;0.0;0.0;
T02159;1;O4020;bookshelf;oak;1;253.47;213.0;139.41;2016-10-05;OFFI;S04;0;0.0;0.0;
T02160;1;C7030;curtain;linen;1;75.47;63.42;41.51;2017-02-19;DECO;S05;0;0.0;0.0;
T02160;2;O4002;desk;compact;1;253.63;213.13;139.5;2017-02-19;OFFI;S02;0;0.0;0.0;
T02160;3;O4011;office_chair;basic;1;177.51;149.17;97.63;2017-02-19;OFFI;S07;0;0.0;0.0;
T02160;4;O4020;bookshelf;oak;1;244.07;205.1;134.24;2017-02-19;OFFI;S04;0;0.0;0.0;
T02161;1;K9002;kitchen_table;kompakt;1;297.89;250.33;163.84;2017-04-02;KITC;S02;0;0.0;0.0;
T02161;2;L1020;coffee_table;oak;1;356.08;299.22;195.84;2017-04-02;LIVI;S04;0;0.0;0.0;
T02161;3;D2011;dining_chair;fabric;4;119.67;100.57;65.82;2017-04-02;DINI;S03;2;10.29;0.086;K
T02162;1;E6010;soundbar;compact;1;259.62;218.17;142.79;2017-02-07;ELEC;S08;1;33.22;0.128;A
T02163;1;L1021;coffee_table;glass;1;268.21;225.39;147.52;2015-10-01;LIVI;S04;0;0.0;0.0;
T02164;1;E6010;soundbar;compact;1;238.5;200.42;131.17;2016-04-27;ELEC;S08;0;0.0;0.0;
T02165;1;L1003;sofa;kompakt;1;790.0;663.87;434.5;2015-07-04;LIVI;S02;0;0.0;0.0;
T02165;2;L1020;coffee_table;oak;1;343.76;288.87;189.07;2015-07-04;LIVI;S04;0;0.0;0.0;
T02166;1;L1040;ottoman;luna;1;209.49;176.04;115.22;2016-07-11;LIVI;S03;0;0.0;0.0;
T02166;2;C7010;vase;ceramic;2;37.5;31.51;20.62;2016-07-11;DECO;S05;1;3.43;0.0915;B
T02167;1;K9002;kitchen_table;kompakt;1;305.11;256.39;167.81;2016-02-09;KITC;S02;0;0.0;0.0;
T02168;1;D2011;dining_chair;fabric;1;117.14;98.44;64.43;2016-12-21;DINI;S03;2;19.81;0.1691;A
T02168;2;B3003;bed;kompakt;1;721.67;606.45;396.92;2016-12-21;BEDR;S02;0;0.0;0.0;
T02168;3;B3030;nightstand;harmony;2;170.44;143.22;93.74;2016-12-21;BEDR;S01;0;0.0;0.0;
T02168;4;B3020;headboard;harmony;1;290.96;244.5;160.03;2016-12-21;BEDR;S01;0;0.0;0.0;
T02169;1;K9011;kitchen_chair;fabric;1;95.98;80.66;52.79;2017-01-06;KITC;S03;1;10.59;0.1104;A
T02170;1;B3001;bed;harmony;1;1118.99;940.33;615.44;2016-12-30;BEDR;S01;0;0.0;0.0;
T02170;2;C7010;vase;ceramic;2;38.07;31.99;20.94;2016-12-30;DECO;S05;2;4.1;0.1078;K
T02171;1;D2012;dining_chair;leather;2;205.54;172.72;113.05;2015-09-26;DINI;S01;0;0.0;0.0;
T02172;1;O4002;desk;compact;1;259.57;218.13;142.76;2016-08-29;OFFI;S02;0;0.0;0.0;
T02173;1;G5011;table_lamp;modern;1;49.92;41.95;27.45;2015-12-04;LIGH;S05;0;0.0;0.0;
T02173;2;B3010;mattress;comfort;1;578.14;485.83;317.98;2015-12-04;BEDR;S06;0;0.0;0.0;
T02174;1;L1051;rug;shaggy;1;313.06;263.08;172.19;2015-08-09;LIVI;S05;0;0.0;0.0;
T02175;1;O4010;office_chair;ergo;1;337.39;283.52;185.56;2017-01-13;OFFI;S07;0;0.0;0.0;
T02176;1;L1011;armchair;luna;1;453.79;381.33;249.58;2016-12-15;LIVI;S03;0;0.0;0.0;
T02177;1;L1030;side_table;oak;1;121.45;102.06;66.8;2015-10-14;LIVI;S04;0;0.0;0.0;
T02177;2;L1020;coffee_table;oak;1;351.76;295.6;193.47;2015-10-14;LIVI;S04;0;0.0;0.0;
T02178;1;C7010;vase;ceramic;1;38.39;32.26;21.11;2015-09-08;DECO;S05;0;0.0;0.0;
T02179;1;L1021;coffee_table;glass;1;279.8;235.13;153.89;2015-07-01;LIVI;S04;0;0.0;0.0;
T02180;1;B3010;mattress;comfort;1;596.43;501.2;328.04;2017-01-13;BEDR;S06;0;0.0;0.0;
T02180;2;B3030;nightstand;harmony;2;170.25;143.07;93.64;2017-01-13;BEDR;S01;2;32.59;0.1914;K
T02181;1;O4011;office_chair;basic;1;180.54;151.71;99.3;2017-03-11;OFFI;S07;0;0.0;0.0;
T02181;2;K9021;bar_stool;metal;1;110.97;93.25;61.03;2017-03-11;KITC;S07;0;0.0;0.0;
T02182;1;G5011;table_lamp;modern;1;47.48;39.9;26.11;2016-01-22;LIGH;S05;0;0.0;0.0;
T02183;1;D2011;dining_chair;fabric;2;123.26;103.58;67.79;2016-08-24;DINI;S03;0;0.0;0.0;
T02184;1;G5020;ceiling_light;modern;1;174.65;146.76;96.06;2016-09-24;LIGH;S05;0;0.0;0.0;
T02185;1;L1051;rug;shaggy;1;308.91;259.59;169.9;2017-04-09;LIVI;S05;0;0.0;0.0;
T02186;1;E6020;speakers;stereo;1;187.72;157.75;103.24;2015-09-07;ELEC;S08;0;0.0;0.0;
T02186;2;C7020;picture_frame;wood;1;18.24;15.33;10.03;2015-09-07;DECO;S05;0;0.0;0.0;
T02187;1;O4010;office_chair;ergo;1;356.67;299.72;196.17;2016-03-21;OFFI;S07;0;0.0;0.0;
T02188;1;D2011;dining_chair;fabric;2;116.96;98.29;64.33;2017-01-14;DINI;S03;0;0.0;0.0;
T02188;2;O4020;bookshelf;oak;1;247.08;207.63;135.89;2017-01-14;OFFI;S04;0;0.0;0.0;
T02189;1;E6001;tv;smart55;1;786.11;660.6;432.36;2017-02-15;ELEC;S08;0;0.0;0.0;
T02189;2;E6010;soundbar;compact;1;247.64;208.1;136.2;2017-02-15;ELEC;S08;0;0.0;0.0;
T02190;1;B3030;nightstand;harmony;2;178.9;150.34;98.4;2016-09-19;BEDR;S01;1;25.65;0.1434;M
T02190;2;B3001;bed;harmony;1;1061.25;891.8;583.69;2016-09-19;BEDR;S01;0;0.0;0.0;
T02190;3;B3010;mattress;comfort;1;595.24;500.21;327.38;2016-09-19;BEDR;S06;0;0.0;0.0;
T02190;4;K9010;kitchen_chair;oak;1;117.5;98.74;64.62;2016-09-19;KITC;S04;0;0.0;0.0;
T02191;1;D2001;dining_table;oak;1;902.97;758.8;496.63;2017-06-28;DINI;S04;0;0.0;0.0;
T02191;2;D2010;dining_chair;oak;4;154.15;129.54;84.79;2017-06-28;DINI;S04;0;0.0;0.0;
T02192;1;E6010;soundbar;compact;1;248.65;208.95;136.76;2017-03-04;ELEC;S08;0;0.0;0.0;
T02193;1;B3030;nightstand;harmony;1;170.96;143.66;94.03;2015-08-10;BEDR;S01;0;0.0;0.0;
T02194;1;G5011;table_lamp;modern;1;49.79;41.84;27.39;2016-06-29;LIGH;S05;0;0.0;0.0;
T02195;1;S8010;cabinet;oak;1;528.16;443.83;290.49;2016-09-27;STOR;S04;0;0.0;0.0;
T02196;1;B3030;nightstand;harmony;1;182.18;153.09;100.2;2015-10-20;BEDR;S01;0;0.0;0.0;
T02197;1;G5030;led_strip;smart;1;38.28;32.17;21.05;2016-10-08;LIGH;S08;0;0.0;0.0;
T02198;1;L1001;sofa;harmony;1;1168.91;982.28;642.9;2016-01-08;LIVI;S01;0;0.0;0.0;
T02198;2;L1021;coffee_table;glass;1;289.21;243.03;159.07;2016-01-08;LIVI;S04;0;0.0;0.0;
T02198;3;L1010;armchair;harmony;1;572.15;480.8;314.68;2016-01-08;LIVI;S01;0;0.0;0.0;
T02198;4;B3003;bed;kompakt;1;764.28;642.25;420.35;2016-01-08;BEDR;S02;1;58.35;0.0763;M
T02199;1;G5011;table_lamp;modern;2;48.31;40.6;26.57;2015-08-12;LIGH;S05;0;0.0;0.0;
T02199;2;G5020;ceiling_light;modern;1;166.69;140.08;91.68;2015-08-12;LIGH;S05;0;0.0;0.0;
T02200;1;L1030;side_table;oak;1;124.8;104.88;68.64;2017-01-25;LIVI;S04;1;14.62;0.1171;B
T02201;1;L1021;coffee_table;glass;1;279.89;235.2;153.94;2017-01-30;LIVI;S04;0;0.0;0.0;
T02202;1;L1020;coffee_table;oak;1;360.95;303.32;198.52;2017-04-17;LIVI;S04;0;0.0;0.0;
T02202;2;B3031;nightstand;kompakt;2;119.09;100.08;65.5;2017-04-17;BEDR;S02;0;0.0;0.0;
T02203;1;E6002;tv;smart65;1;1210.28;1017.04;665.65;2016-01-23;ELEC;S08;0;0.0;0.0;
T02203;2;D2002;dining_table;walnut;1;1260.49;1059.23;693.27;2016-01-23;DINI;S04;0;0.0;0.0;
T02203;3;D2010;dining_chair;oak;6;151.69;127.47;83.43;2016-01-23;DINI;S04;2;25.44;0.1677;K
T02204;1;O4010;office_chair;ergo;1;364.36;306.19;200.4;2016-10-13;OFFI;S07;0;0.0;0.0;
T02204;2;O4001;desk;oak;1;384.53;323.13;211.49;2016-10-13;OFFI;S04;0;0.0;0.0;
T02204;3;S8010;cabinet;oak;1;562.22;472.46;309.22;2016-10-13;STOR;S04;0;0.0;0.0;
T02205;1;O4001;desk;oak;1;409.34;343.98;225.14;2016-09-18;OFFI;S04;0;0.0;0.0;
T02205;2;O4011;office_chair;basic;1;187.57;157.62;103.16;2016-09-18;OFFI;S07;0;0.0;0.0;
T02205;3;L1001;sofa;harmony;1;1201.75;1009.87;660.96;2016-09-18;LIVI;S01;1;170.46;0.1418;M
T02206;1;U1010;garden_table;rattan;1;293.18;246.37;161.25;2017-01-10;OUTD;S09;0;0.0;0.0;
T02206;2;U1001;garden_chair;rattan;1;117.26;98.54;64.5;2017-01-10;OUTD;S09;0;0.0;0.0;
T02206;3;U1020;parasol;basic;1;114.29;96.04;62.86;2017-01-10;OUTD;S09;0;0.0;0.0;
T02207;1;C7002;mirror;framed;1;175.52;147.5;96.54;2016-11-21;DECO;S05;2;9.69;0.0552;K
T02208;1;D2002;dining_table;walnut;1;1311.87;1102.41;721.53;2016-11-08;DINI;S04;0;0.0;0.0;
T02208;2;D2011;dining_chair;fabric;1;119.35;100.3;65.64;2016-11-08;DINI;S03;0;0.0;0.0;
T02208;3;C7010;vase;ceramic;1;38.72;32.54;21.3;2016-11-08;DECO;S05;0;0.0;0.0;
T02209;1;B3002;bed;milano;1;1600.96;1345.34;880.53;2015-10-01;BEDR;S01;0;0.0;0.0;
T02209;2;B3010;mattress;comfort;1;607.94;510.87;334.37;2015-10-01;BEDR;S06;0;0.0;0.0;
T02209;3;B3030;nightstand;harmony;1;186.54;156.76;102.6;2015-10-01;BEDR;S01;2;21.59;0.1157;K
T02210;1;L1001;sofa;harmony;1;1140.05;958.02;627.03;2016-02-15;LIVI;S01;0;0.0;0.0;
T02210;2;L1020;coffee_table;oak;1;345.7;290.5;190.13;2016-02-15;LIVI;S04;0;0.0;0.0;
T02211;1;O4011;office_chair;basic;1;178.28;149.81;98.05;2016-08-28;OFFI;S07;0;0.0;0.0;
T02212;1;D2003;dining_table;kompakt;1;577.23;485.07;317.48;2015-07-05;DINI;S02;0;0.0;0.0;
T02213;1;S8001;dresser;harmony;1;361.79;304.02;198.98;2016-01-28;STOR;S01;0;0.0;0.0;
T02214;1;D2010;dining_chair;oak;2;154.7;130.0;85.08;2017-03-12;DINI;S04;0;0.0;0.0;
T02215;1;K9002;kitchen_table;kompakt;1;290.32;243.97;159.68;2016-01-21;KITC;S02;0;0.0;0.0;
T02215;2;U1001;garden_chair;rattan;2;121.15;101.81;66.63;2016-01-21;OUTD;S09;0;0.0;0.0;
T02215;3;D2012;dining_chair;leather;6;204.63;171.96;112.55;2016-01-21;DINI;S01;0;0.0;0.0;
T02216;1;L1030;side_table;oak;1;114.94;96.59;63.22;2015-08-07;LIVI;S04;0;0.0;0.0;
T02217;1;D2012;dining_chair;leather;4;200.61;168.58;110.33;2016-05-14;DINI;S01;0;0.0;0.0;
T02218;1;L1001;sofa;harmony;1;1226.11;1030.34;674.36;2015-11-26;LIVI;S01;0;0.0;0.0;
T02218;2;L1010;armchair;harmony;1;616.02;517.67;338.81;2015-11-26;LIVI;S01;0;0.0;0.0;
T02218;3;G5010;table_lamp;luna;2;82.47;69.3;45.36;2015-11-26;LIGH;S03;1;10.22;0.124;M
T02219;1;B3040;wardrobe;harmony;1;1139.19;957.3;626.55;2016-04-07;BEDR;S01;0;0.0;0.0;
T02220;1;B3010;mattress;comfort;1;571.31;480.09;314.22;2016-10-19;BEDR;S06;0;0.0;0.0;
T02220;2;L1003;sofa;kompakt;1;775.02;651.28;426.26;2016-10-19;LIVI;S02;2;39.82;0.0514;A
T02221;1;L1002;sofa;milano;1;1821.99;1531.09;1002.1;2015-12-15;LIVI;S01;0;0.0;0.0;
T02221;2;O4020;bookshelf;oak;1;260.23;218.68;143.12;2015-12-15;OFFI;S04;0;0.0;0.0;
T02221;3;D2002;dining_table;walnut;1;1322.81;1111.6;727.54;2015-12-15;DINI;S04;0;0.0;0.0;
T02221;4;D2012;dining_chair;leather;4;196.79;165.37;108.23;2015-12-15;DINI;S01;1;22.4;0.1138;A
T02221;5;D2031;table_extension;walnut;1;142.1;119.42;78.16;2015-12-15;DINI;S04;1;13.04;0.0918;M
T02222;1;L1002;sofa;milano;1;1765.0;1483.2;970.75;2016-12-24;LIVI;S01;0;0.0;0.0;
T02223;1;L1021;coffee_table;glass;1;277.7;233.36;152.74;2016-12-20;LIVI;S04;0;0.0;0.0;
T02224;1;B3003;bed;kompakt;1;724.93;609.19;398.71;2015-07-02;BEDR;S02;0;0.0;0.0;
T02224;2;B3011;mattress;premium;1;931.88;783.09;512.53;2015-07-02;BEDR;S06;0;0.0;0.0;
T02224;3;E6020;speakers;stereo;1;172.28;144.78;94.76;2015-07-02;ELEC;S08;0;0.0;0.0;
T02224;4;O4001;desk;oak;1;399.73;335.91;219.85;2015-07-02;OFFI;S04;0;0.0;0.0;
T02224;5;O4011;office_chair;basic;1;182.21;153.12;100.22;2015-07-02;OFFI;S07;0;0.0;0.0;
T02225;1;D2011;dining_chair;fabric;6;123.36;103.66;67.85;2016-11-25;DINI;S03;0;0.0;0.0;
T02226;1;U1002;garden_chair;metal;1;91.67;77.03;50.42;2017-02-15;OUTD;S09;0;0.0;0.0;
T02227;1;B3002;bed;milano;1;1656.62;1392.12;911.14;2017-04-29;BEDR;S01;0;0.0;0.0;
T02227;2;B3031;nightstand;kompakt;2;120.36;101.15;66.2;2017-04-29;BEDR;S02;0;0.0;0.0;
T02228;1;L1001;sofa;harmony;1;1169.5;982.77;643.22;2016-03-17;LIVI;S01;1;174.53;0.1492;A
T02228;2;L1020;coffee_table;oak;1;359.87;302.41;197.93;2016-03-17;LIVI;S04;0;0.0;0.0;
T02228;3;L1051;rug;shaggy;1;305.84;257.01;168.21;2016-03-17;LIVI;S05;0;0.0;0.0;
T02229;1;K9010;kitchen_chair;oak;6;121.48;102.08;66.81;2016-09-24;KITC;S04;0;0.0;0.0;
T02230;1;L1011;armchair;luna;1;429.81;361.19;236.4;2016-08-20;LIVI;S03;0;0.0;0.0;
T02230;2;B3020;headboard;harmony;1;292.03;245.4;160.62;2016-08-20;BEDR;S01;0;0.0;0.0;
T02231;1;G5031;led_strip;basic;1;18.78;15.78;10.33;2016-06-30;LIGH;S08;0;0.0;0.0;
T02232;1;B3011;mattress;premium;1;874.71;735.05;481.09;2017-06-06;BEDR;S06;1;104.63;0.1196;A
T02233;1;D2003;dining_table;kompakt;1;621.2;522.01;341.66;2016-07-01;DINI;S02;0;0.0;0.0;
T02233;2;D2012;dining_chair;leather;4;191.83;161.2;105.51;2016-07-01;DINI;S01;1;18.23;0.095;A
T02233;3;D2031;table_extension;walnut;1;146.01;122.7;80.31;2016-07-01;DINI;S04;0;0.0;0.0;
T02234;1;U1002;garden_chair;metal;1;91.99;77.3;50.59;2017-02-07;OUTD;S09;0;0.0;0.0;
T02235;1;K9011;kitchen_chair;fabric;4;103.77;87.2;57.07;2016-08-07;KITC;S03;1;10.64;0.1025;M
T02236;1;G5010;table_lamp;luna;1;77.68;65.28;42.72;2017-02-28;LIGH;S03;0;0.0;0.0;
T02237;1;B3010;mattress;comfort;1;580.74;488.02;319.41;2016-11-09;BEDR;S06;2;31.4;0.0541;A
T02237;2;D2002;dining_table;walnut;1;1338.57;1124.85;736.21;2016-11-09;DINI;S04;0;0.0;0.0;
T02237;3;D2010;dining_chair;oak;2;152.1;127.81;83.65;2016-11-09;DINI;S04;0;0.0;0.0;
T02237;4;D2031;table_extension;walnut;1;151.61;127.4;83.39;2016-11-09;DINI;S04;0;0.0;0.0;
T02238;1;C7030;curtain;linen;1;80.78;67.88;44.43;2016-06-18;DECO;S05;1;10.95;0.1355;B
T02239;1;D2011;dining_chair;fabric;4;113.46;95.35;62.4;2017-01-22;DINI;S03;0;0.0;0.0;
T02240;1;O4010;office_chair;ergo;1;362.11;304.3;199.16;2015-11-25;OFFI;S07;0;0.0;0.0;
T02241;1;O4001;desk;oak;1;402.13;337.92;221.17;2016-12-20;OFFI;S04;0;0.0;0.0;
T02241;2;O4010;office_chair;ergo;1;338.8;284.7;186.34;2016-12-20;OFFI;S07;0;0.0;0.0;
T02242;1;K9002;kitchen_table;kompakt;1;285.75;240.13;157.16;2016-05-29;KITC;S02;0;0.0;0.0;
T02243;1;L1001;sofa;harmony;1;1253.76;1053.58;689.57;2015-07-11;LIVI;S01;1;186.29;0.1486;M
T02243;2;L1011;armchair;luna;1;465.03;390.78;255.77;2015-07-11;LIVI;S03;0;0.0;0.0;
T02244;1;K9002;kitchen_table;kompakt;1;285.84;240.2;157.21;2017-01-11;KITC;S02;0;0.0;0.0;
T02244;2;K9011;kitchen_chair;fabric;2;98.06;82.4;53.93;2017-01-11;KITC;S03;0;0.0;0.0;
T02245;1;D2011;dining_chair;fabric;1;115.92;97.41;63.76;2016-09-14;DINI;S03;0;0.0;0.0;
T02246;1;B3011;mattress;premium;1;943.88;793.18;519.13;2016-01-17;BEDR;S06;0;0.0;0.0;
T02247;1;O4010;office_chair;ergo;1;340.23;285.91;187.13;2016-07-24;OFFI;S07;0;0.0;0.0;
T02247;2;B3020;headboard;harmony;1;278.52;234.05;153.19;2016-07-24;BEDR;S01;0;0.0;0.0;
T02248;1;U1002;garden_chair;metal;1;86.24;72.47;47.43;2016-01-27;OUTD;S09;0;0.0;0.0;
T02248;2;O4010;office_chair;ergo;1;360.16;302.66;198.09;2016-01-27;OFFI;S07;0;0.0;0.0;
T02248;3;L1003;sofa;kompakt;1;786.06;660.55;432.33;2016-01-27;LIVI;S02;0;0.0;0.0;
T02249;1;K9001;kitchen_table;oak;1;458.67;385.44;252.27;2016-03-30;KITC;S04;0;0.0;0.0;
T02249;2;K9010;kitchen_chair;oak;1;113.07;95.02;62.19;2016-03-30;KITC;S04;0;0.0;0.0;
T02249;3;G5010;table_lamp;luna;2;82.43;69.27;45.34;2016-03-30;LIGH;S03;0;0.0;0.0;
T02250;1;C7002;mirror;framed;1;168.51;141.6;92.68;2016-01-18;DECO;S05;0;0.0;0.0;
T02250;2;U1001;garden_chair;rattan;4;122.79;103.19;67.54;2016-01-18;OUTD;S09;0;0.0;0.0;
T02251;1;B3001;bed;harmony;1;1117.84;939.36;614.81;2015-12-25;BEDR;S01;1;91.04;0.0814;M
T02251;2;B3010;mattress;comfort;1;594.76;499.8;327.12;2015-12-25;BEDR;S06;0;0.0;0.0;
T02251;3;B3020;headboard;harmony;1;276.57;232.41;152.11;2015-12-25;BEDR;S01;0;0.0;0.0;
T02252;1;K9011;kitchen_chair;fabric;4;101.03;84.9;55.57;2016-12-28;KITC;S03;0;0.0;0.0;
T02253;1;D2030;table_extension;oak;1;118.29;99.41;65.06;2016-08-23;DINI;S04;1;11.6;0.0981;M
T02254;1;D2001;dining_table;oak;1;935.09;785.79;514.3;2016-05-29;DINI;S04;0;0.0;0.0;
T02254;2;D2012;dining_chair;leather;4;192.38;161.67;105.81;2016-05-29;DINI;S01;0;0.0;0.0;
T02254;3;D2031;table_extension;walnut;1;150.29;126.3;82.66;2016-05-29;DINI;S04;0;0.0;0.0;
T02254;4;D2020;sideboard;oak;1;635.13;533.72;349.32;2016-05-29;DINI;S04;0;0.0;0.0;
T02255;1;O4011;office_chair;basic;1;177.45;149.12;97.6;2017-04-28;OFFI;S07;0;0.0;0.0;
T02256;1;B3030;nightstand;harmony;1;178.0;149.58;97.9;2017-04-09;BEDR;S01;0;0.0;0.0;
T02257;1;E6002;tv;smart65;1;1219.24;1024.57;670.58;2017-01-20;ELEC;S08;0;0.0;0.0;
T02258;1;L1010;armchair;harmony;1;580.58;487.89;319.32;2017-05-09;LIVI;S01;0;0.0;0.0;
T02259;1;L1003;sofa;kompakt;1;825.9;694.04;454.25;2016-10-29;LIVI;S02;0;0.0;0.0;
T02259;2;D2020;sideboard;oak;1;617.0;518.49;339.35;2016-10-29;DINI;S04;0;0.0;0.0;
T02260;1;D2002;dining_table;walnut;1;1338.3;1124.62;736.06;2016-10-08;DINI;S04;0;0.0;0.0;
T02260;2;D2010;dining_chair;oak;2;145.09;121.92;79.8;2016-10-08;DINI;S04;0;0.0;0.0;
T02260;3;B3020;headboard;harmony;1;283.44;238.19;155.89;2016-10-08;BEDR;S01;0;0.0;0.0;
T02261;1;C7001;mirror;round;1;115.66;97.19;63.61;2017-06-18;DECO;S05;0;0.0;0.0;
T02262;1;K9011;kitchen_chair;fabric;4;100.38;84.36;55.21;2015-07-18;KITC;S03;2;10.14;0.101;A
T02263;1;B3001;bed;harmony;1;1084.92;911.7;596.71;2016-01-22;BEDR;S01;0;0.0;0.0;
T02263;2;B3030;nightstand;harmony;2;170.62;143.38;93.84;2016-01-22;BEDR;S01;0;0.0;0.0;
T02263;3;B3020;headboard;harmony;1;270.92;227.66;149.0;2016-01-22;BEDR;S01;1;24.75;0.0914;A
T02264;1;L1021;coffee_table;glass;1;284.6;239.16;156.53;2016-10-12;LIVI;S04;0;0.0;0.0;
T02265;1;O4010;office_chair;ergo;1;361.5;303.78;198.83;2016-08-06;OFFI;S07;0;0.0;0.0;
T02266;1;K9011;kitchen_chair;fabric;2;101.77;85.52;55.97;2017-01-14;KITC;S03;0;0.0;0.0;
T02267;1;L1010;armchair;harmony;1;606.67;509.81;333.67;2016-03-03;LIVI;S01;0;0.0;0.0;
T02268;1;L1041;ottoman;kompakt;1;155.73;130.86;85.65;2015-11-03;LIVI;S02;0;0.0;0.0;
T02269;1;K9001;kitchen_table;oak;1;430.15;361.47;236.58;2017-05-13;KITC;S04;0;0.0;0.0;
T02269;2;K9010;kitchen_chair;oak;2;123.81;104.04;68.1;2017-05-13;KITC;S04;0;0.0;0.0;
T02270;1;B3030;nightstand;harmony;2;186.8;156.98;102.74;2015-11-04;BEDR;S01;0;0.0;0.0;
T02271;1;L1050;rug;berber;1;190.89;160.41;104.99;2015-09-09;LIVI;S05;0;0.0;0.0;
T02272;1;O4010;office_chair;ergo;1;353.14;296.75;194.22;2017-03-12;OFFI;S07;0;0.0;0.0;
T02273;1;E6002;tv;smart65;1;1255.03;1054.65;690.27;2016-12-19;ELEC;S08;0;0.0;0.0;
T02273;2;E6011;soundbar;premium;1;382.57;321.49;210.41;2016-12-19;ELEC;S08;0;0.0;0.0;
T02273;3;E6020;speakers;stereo;1;173.53;145.82;95.44;2016-12-19;ELEC;S08;0;0.0;0.0;
T02274;1;B3001;bed;harmony;1;1050.69;882.93;577.88;2015-08-20;BEDR;S01;0;0.0;0.0;
T02275;1;G5001;floor_lamp;luna;1;120.57;101.32;66.31;2017-06-09;LIGH;S03;0;0.0;0.0;
T02275;2;L1050;rug;berber;1;194.77;163.67;107.12;2017-06-09;LIVI;S05;0;0.0;0.0;
T02275;3;B3001;bed;harmony;1;1146.65;963.58;630.66;2017-06-09;BEDR;S01;0;0.0;0.0;
T02276;1;B3031;nightstand;kompakt;1;124.91;104.97;68.7;2016-01-27;BEDR;S02;2;16.17;0.1294;A
T02277;1;D2031;table_extension;walnut;1;152.23;127.93;83.73;2017-05-29;DINI;S04;0;0.0;0.0;
T02277;2;G5020;ceiling_light;modern;1;171.3;143.95;94.21;2017-05-29;LIGH;S05;1;15.28;0.0892;B
T02278;1;L1050;rug;berber;1;193.11;162.28;106.21;2017-03-12;LIVI;S05;0;0.0;0.0;
T02279;1;D2010;dining_chair;oak;4;154.59;129.91;85.03;2016-11-25;DINI;S04;2;27.62;0.1787;K
T02280;1;K9002;kitchen_table;kompakt;1;295.69;248.48;162.63;2017-02-10;KITC;S02;0;0.0;0.0;
T02280;2;K9011;kitchen_chair;fabric;4;96.43;81.03;53.03;2017-02-10;KITC;S03;0;0.0;0.0;
T02281;1;E6011;soundbar;premium;1;404.72;340.1;222.6;2016-06-23;ELEC;S08;0;0.0;0.0;
T02281;2;G5010;table_lamp;luna;1;75.3;63.28;41.41;2016-06-23;LIGH;S03;0;0.0;0.0;
T02281;3;L1030;side_table;oak;1;116.87;98.21;64.28;2016-06-23;LIVI;S04;0;0.0;0.0;
T02282;1;G5030;led_strip;smart;1;37.61;31.6;20.68;2017-03-31;LIGH;S08;0;0.0;0.0;
T02283;1;E6020;speakers;stereo;1;182.78;153.6;100.53;2016-02-11;ELEC;S08;0;0.0;0.0;
T02283;2;B3020;headboard;harmony;1;283.82;238.51;156.1;2016-02-11;BEDR;S01;0;0.0;0.0;
T02284;1;D2011;dining_chair;fabric;2;124.37;104.51;68.4;2016-09-21;DINI;S03;0;0.0;0.0;
T02285;1;O4001;desk;oak;1;417.36;350.72;229.55;2015-08-13;OFFI;S04;0;0.0;0.0;
T02286;1;B3010;mattress;comfort;1;618.1;519.41;339.95;2015-10-27;BEDR;S06;0;0.0;0.0;
T02287;1;C7010;vase;ceramic;3;37.21;31.27;20.47;2015-08-04;DECO;S05;1;2.13;0.0574;A
T02288;1;S8020;shoe_rack;compact;1;103.94;87.35;57.17;2017-03-29;STOR;S02;0;0.0;0.0;
T02289;1;O4010;office_chair;ergo;1;365.34;307.01;200.94;2016-04-19;OFFI;S07;2;46.79;0.1281;K
T02290;1;L1021;coffee_table;glass;1;277.22;232.95;152.47;2015-08-24;LIVI;S04;0;0.0;0.0;
T02290;2;K9021;bar_stool;metal;1;107.4;90.25;59.07;2015-08-24;KITC;S07;0;0.0;0.0;
T02291;1;U1010;garden_table;rattan;1;303.58;255.11;166.97;2015-09-06;OUTD;S09;0;0.0;0.0;
T02291;2;U1001;garden_chair;rattan;1;117.04;98.36;64.37;2015-09-06;OUTD;S09;1;15.53;0.1327;A
T02292;1;B3030;nightstand;harmony;1;173.85;146.09;95.62;2016-08-23;BEDR;S01;0;0.0;0.0;
T02292;2;E6010;soundbar;compact;1;258.16;216.94;141.99;2016-08-23;ELEC;S08;0;0.0;0.0;
T02292;3;U1001;garden_chair;rattan;1;124.64;104.74;68.55;2016-08-23;OUTD;S09;2;10.43;0.0837;K
T02293;1;G5030;led_strip;smart;1;39.74;33.39;21.85;2016-10-15;LIGH;S08;0;0.0;0.0;
T02294;1;C7030;curtain;linen;1;77.9;65.46;42.84;2015-09-16;DECO;S05;0;0.0;0.0;
T02294;2;E6020;speakers;stereo;1;175.84;147.76;96.71;2015-09-16;ELEC;S08;0;0.0;0.0;
T02294;3;L1050;rug;berber;1;185.9;156.22;102.25;2015-09-16;LIVI;S05;0;0.0;0.0;
T02295;1;O4001;desk;oak;1;396.53;333.22;218.09;2017-04-19;OFFI;S04;0;0.0;0.0;
T02296;1;O4011;office_chair;basic;1;179.64;150.96;98.8;2017-01-04;OFFI;S07;0;0.0;0.0;
T02297;1;G5030;led_strip;smart;1;40.4;33.95;22.22;2016-10-18;LIGH;S08;0;0.0;0.0;
T02298;1;C7030;curtain;linen;1;80.9;67.98;44.5;2015-10-02;DECO;S05;2;4.54;0.0561;K
T02298;2;L1021;coffee_table;glass;1;271.88;228.47;149.54;2015-10-02;LIVI;S04;0;0.0;0.0;
T02299;1;G5010;table_lamp;luna;2;75.61;63.54;41.59;2016-07-09;LIGH;S03;0;0.0;0.0;
T02300;1;S8020;shoe_rack;compact;1;109.04;91.63;59.97;2016-04-29;STOR;S02;0;0.0;0.0;
T02301;1;B3011;mattress;premium;1;918.3;771.68;505.06;2015-07-03;BEDR;S06;0;0.0;0.0;
T02302;1;S8020;shoe_rack;compact;1;106.6;89.58;58.63;2015-12-11;STOR;S02;0;0.0;0.0;
T02302;2;D2003;dining_table;kompakt;1;599.2;503.53;329.56;2015-12-11;DINI;S02;0;0.0;0.0;
T02302;3;D2012;dining_chair;leather;2;203.42;170.94;111.88;2015-12-11;DINI;S01;0;0.0;0.0;
T02302;4;D2030;table_extension;oak;1;117.85;99.04;64.82;2015-12-11;DINI;S04;0;0.0;0.0;
T02302;5;D2020;sideboard;oak;1;626.0;526.05;344.3;2015-12-11;DINI;S04;0;0.0;0.0;
T02303;1;L1011;armchair;luna;1;453.77;381.32;249.58;2015-07-03;LIVI;S03;0;0.0;0.0;
T02303;2;D2031;table_extension;walnut;1;143.69;120.75;79.03;2015-07-03;DINI;S04;0;0.0;0.0;
T02304;1;G5011;table_lamp;modern;1;50.57;42.5;27.81;2017-04-03;LIGH;S05;0;0.0;0.0;
T02305;1;L1002;sofa;milano;1;1709.74;1436.75;940.35;2016-01-24;LIVI;S01;0;0.0;0.0;
T02305;2;C7020;picture_frame;wood;2;19.23;16.16;10.58;2016-01-24;DECO;S05;0;0.0;0.0;
T02306;1;G5031;led_strip;basic;1;18.13;15.24;9.97;2017-03-09;LIGH;S08;0;0.0;0.0;
T02307;1;D2030;table_extension;oak;1;114.87;96.53;63.18;2016-05-13;DINI;S04;2;9.71;0.0846;K
T02308;1;L1002;sofa;milano;1;1886.23;1585.07;1037.43;2016-07-29;LIVI;S01;0;0.0;0.0;
T02308;2;L1021;coffee_table;glass;1;292.1;245.46;160.66;2016-07-29;LIVI;S04;0;0.0;0.0;
T02309;1;B3003;bed;kompakt;1;724.67;608.97;398.57;2016-10-15;BEDR;S02;0;0.0;0.0;
T02309;2;B3011;mattress;premium;1;930.2;781.68;511.61;2016-10-15;BEDR;S06;0;0.0;0.0;
T02310;1;D2031;table_extension;walnut;1;156.13;131.21;85.87;2017-05-22;DINI;S04;0;0.0;0.0;
T02311;1;K9010;kitchen_chair;oak;2;121.23;101.87;66.68;2015-09-25;KITC;S04;0;0.0;0.0;
T02311;2;O4010;office_chair;ergo;1;331.92;278.92;182.55;2015-09-25;OFFI;S07;1;28.81;0.0868;B
T02312;1;B3003;bed;kompakt;1;775.63;651.79;426.6;2016-03-15;BEDR;S02;0;0.0;0.0;
T02312;2;B3010;mattress;comfort;1;626.61;526.56;344.63;2016-03-15;BEDR;S06;0;0.0;0.0;
T02312;3;B3030;nightstand;harmony;2;187.01;157.16;102.86;2016-03-15;BEDR;S01;0;0.0;0.0;
T02313;1;L1002;sofa;milano;1;1843.81;1549.42;1014.09;2015-10-14;LIVI;S01;0;0.0;0.0;
T02313;2;L1020;coffee_table;oak;1;331.76;278.79;182.47;2015-10-14;LIVI;S04;0;0.0;0.0;
T02314;1;O4020;bookshelf;oak;1;243.28;204.44;133.81;2016-08-18;OFFI;S04;0;0.0;0.0;
T02315;1;S8010;cabinet;oak;1;561.98;472.25;309.09;2017-02-28;STOR;S04;0;0.0;0.0;
T02316;1;B3030;nightstand;harmony;2;178.6;150.08;98.23;2016-08-19;BEDR;S01;0;0.0;0.0;
T02317;1;S8001;dresser;harmony;1;364.76;306.52;200.62;2016-01-18;STOR;S01;0;0.0;0.0;
T02317;2;C7030;curtain;linen;1;77.64;65.24;42.7;2016-01-18;DECO;S05;1;6.76;0.087;M
T02318;1;B3003;bed;kompakt;1;724.82;609.09;398.65;2016-04-17;BEDR;S02;0;0.0;0.0;
T02319;1;B3001;bed;harmony;1;1144.37;961.66;629.4;2015-08-09;BEDR;S01;0;0.0;0.0;
T02319;2;B3011;mattress;premium;1;926.26;778.37;509.44;2015-08-09;BEDR;S06;0;0.0;0.0;
T02320;1;L1021;coffee_table;glass;1;268.3;225.46;147.57;2016-03-06;LIVI;S04;0;0.0;0.0;
T02320;2;K9001;kitchen_table;oak;1;431.49;362.59;237.32;2016-03-06;KITC;S04;0;0.0;0.0;
T02321;1;E6001;tv;smart55;1;805.62;676.99;443.09;2016-12-26;ELEC;S08;0;0.0;0.0;
T02321;2;G5030;led_strip;smart;1;39.8;33.45;21.89;2016-12-26;LIGH;S08;0;0.0;0.0;
T02322;1;O4001;desk;oak;1;415.43;349.1;228.49;2015-08-11;OFFI;S04;1;46.46;0.1118;A
T02323;1;U1010;garden_table;rattan;1;312.25;262.4;171.74;2017-05-31;OUTD;S09;0;0.0;0.0;
T02323;2;U1001;garden_chair;rattan;4;117.65;98.86;64.71;2017-05-31;OUTD;S09;1;16.22;0.1379;M
T02323;3;E6002;tv;smart65;1;1238.4;1040.67;681.12;2017-05-31;ELEC;S08;0;0.0;0.0;
T02323;4;E6011;soundbar;premium;1;410.74;345.16;225.91;2017-05-31;ELEC;S08;0;0.0;0.0;
T02323;5;B3003;bed;kompakt;1;742.0;623.53;408.1;2017-05-31;BEDR;S02;0;0.0;0.0;
T02324;1;G5020;ceiling_light;modern;1;164.71;138.41;90.59;2016-12-15;LIGH;S05;0;0.0;0.0;
T02325;1;B3020;headboard;harmony;1;267.88;225.11;147.33;2017-02-27;BEDR;S01;0;0.0;0.0;
T02325;2;K9002;kitchen_table;kompakt;1;305.78;256.96;168.18;2017-02-27;KITC;S02;0;0.0;0.0;
T02325;3;K9011;kitchen_chair;fabric;2;99.37;83.5;54.65;2017-02-27;KITC;S03;0;0.0;0.0;
T02325;4;L1041;ottoman;kompakt;1;157.79;132.6;86.79;2017-02-27;LIVI;S02;0;0.0;0.0;
T02326;1;D2012;dining_chair;leather;1;191.47;160.9;105.31;2016-10-31;DINI;S01;0;0.0;0.0;
T02327;1;B3011;mattress;premium;1;937.93;788.18;515.86;2017-05-04;BEDR;S06;0;0.0;0.0;
T02328;1;D2010;dining_chair;oak;6;142.69;119.9;78.48;2015-10-29;DINI;S04;0;0.0;0.0;
T02328;2;G5020;ceiling_light;modern;1;161.84;136.0;89.01;2015-10-29;LIGH;S05;0;0.0;0.0;
T02329;1;E6011;soundbar;premium;1;412.43;346.58;226.84;2015-09-22;ELEC;S08;0;0.0;0.0;
T02329;2;L1001;sofa;harmony;1;1203.32;1011.2;661.83;2015-09-22;LIVI;S01;0;0.0;0.0;
T02329;3;L1021;coffee_table;glass;1;266.66;224.08;146.66;2015-09-22;LIVI;S04;0;0.0;0.0;
T02329;4;L1010;armchair;harmony;1;589.06;495.01;323.98;2015-09-22;LIVI;S01;0;0.0;0.0;
T02329;5;L1050;rug;berber;1;194.63;163.55;107.04;2015-09-22;LIVI;S05;0;0.0;0.0;
T02330;1;S8001;dresser;harmony;1;374.4;314.62;205.92;2016-08-31;STOR;S01;0;0.0;0.0;
T02331;1;L1003;sofa;kompakt;1;834.38;701.16;458.91;2016-04-17;LIVI;S02;0;0.0;0.0;
T02331;2;L1020;coffee_table;oak;1;348.95;293.24;191.92;2016-04-17;LIVI;S04;2;54.8;0.1571;K
T02332;1;D2001;dining_table;oak;1;888.39;746.55;488.61;2016-09-06;DINI;S04;1;81.61;0.0919;M
T02332;2;D2012;dining_chair;leather;4;199.48;167.63;109.71;2016-09-06;DINI;S01;0;0.0;0.0;
T02332;3;D2030;table_extension;oak;1;116.28;97.71;63.95;2016-09-06;DINI;S04;1;14.88;0.128;M
T02333;1;K9011;kitchen_chair;fabric;4;101.96;85.68;56.08;2017-01-17;KITC;S03;0;0.0;0.0;
T02333;2;L1020;coffee_table;oak;1;334.74;281.29;184.11;2017-01-17;LIVI;S04;0;0.0;0.0;
T02334;1;B3003;bed;kompakt;1;755.47;634.85;415.51;2016-05-23;BEDR;S02;0;0.0;0.0;
T02334;2;B3010;mattress;comfort;1;591.99;497.47;325.6;2016-05-23;BEDR;S06;0;0.0;0.0;
T02335;1;D2003;dining_table;kompakt;1;619.57;520.65;340.76;2017-03-23;DINI;S02;0;0.0;0.0;
T02335;2;L1010;armchair;harmony;1;589.8;495.63;324.39;2017-03-23;LIVI;S01;0;0.0;0.0;
T02336;1;L1010;armchair;harmony;1;580.05;487.44;319.03;2017-04-11;LIVI;S01;2;53.49;0.0922;K
T02337;1;L1001;sofa;harmony;1;1145.43;962.54;629.98;2017-02-17;LIVI;S01;2;126.82;0.1107;K
T02337;2;L1050;rug;berber;1;181.95;152.9;100.07;2017-02-17;LIVI;S05;0;0.0;0.0;
T02337;3;L1021;coffee_table;glass;1;277.88;233.52;152.84;2017-02-17;LIVI;S04;0;0.0;0.0;
T02338;1;D2011;dining_chair;fabric;4;118.51;99.59;65.18;2016-10-23;DINI;S03;0;0.0;0.0;
T02338;2;C7010;vase;ceramic;2;37.58;31.58;20.67;2016-10-23;DECO;S05;1;3.72;0.0989;M
T02339;1;U1002;garden_chair;metal;2;89.23;74.99;49.08;2017-05-14;OUTD;S09;0;0.0;0.0;
T02340;1;L1021;coffee_table;glass;1;291.35;244.83;160.24;2015-08-10;LIVI;S04;2;15.01;0.0515;K
T02341;1;L1020;coffee_table;oak;1;340.15;285.84;187.08;2015-11-30;LIVI;S04;0;0.0;0.0;
T02342;1;L1002;sofa;milano;1;1791.59;1505.54;985.37;2017-06-10;LIVI;S01;1;134.15;0.0749;M
T02342;2;L1020;coffee_table;oak;1;360.4;302.86;198.22;2017-06-10;LIVI;S04;1;28.6;0.0793;M
T02342;3;E6001;tv;smart55;1;833.46;700.39;458.4;2017-06-10;ELEC;S08;0;0.0;0.0;
T02342;4;E6020;speakers;stereo;1;179.15;150.55;98.53;2017-06-10;ELEC;S08;0;0.0;0.0;
T02343;1;C7030;curtain;linen;1;81.36;68.37;44.75;2016-07-22;DECO;S05;1;9.09;0.1117;A
T02344;1;D2011;dining_chair;fabric;6;117.63;98.85;64.69;2016-07-08;DINI;S03;0;0.0;0.0;
T02344;2;G5010;table_lamp;luna;2;81.07;68.13;44.59;2016-07-08;LIGH;S03;0;0.0;0.0;
T02345;1;L1001;sofa;harmony;1;1163.55;977.77;639.95;2015-07-27;LIVI;S01;0;0.0;0.0;
T02346;1;D2001;dining_table;oak;1;886.55;745.0;487.6;2017-03-28;DINI;S04;0;0.0;0.0;
T02346;2;D2010;dining_chair;oak;4;155.13;130.36;85.32;2017-03-28;DINI;S04;0;0.0;0.0;
T02347;1;C7001;mirror;round;1;119.82;100.69;65.9;2015-10-28;DECO;S05;0;0.0;0.0;
T02348;1;L1010;armchair;harmony;1;582.45;489.45;320.35;2016-09-10;LIVI;S01;2;33.71;0.0579;A
T02348;2;E6010;soundbar;compact;1;254.88;214.18;140.18;2016-09-10;ELEC;S08;2;24.56;0.0964;K
T02349;1;S8020;shoe_rack;compact;1;110.68;93.01;60.87;2017-04-28;STOR;S02;0;0.0;0.0;
T02349;2;U1002;garden_chair;metal;4;88.22;74.13;48.52;2017-04-28;OUTD;S09;0;0.0;0.0;
T02350;1;B3001;bed;harmony;1;1106.85;930.13;608.77;2016-12-29;BEDR;S01;0;0.0;0.0;
T02351;1;L1050;rug;berber;1;186.41;156.64;102.52;2015-08-30;LIVI;S05;1;14.08;0.0755;A
T02352;1;K9011;kitchen_chair;fabric;4;101.44;85.24;55.79;2017-03-02;KITC;S03;0;0.0;0.0;
T02352;2;D2001;dining_table;oak;1;898.01;754.63;493.9;2017-03-02;DINI;S04;0;0.0;0.0;
T02352;3;D2012;dining_chair;leather;2;192.89;162.09;106.09;2017-03-02;DINI;S01;0;0.0;0.0;
T02352;4;D2030;table_extension;oak;1;120.46;101.23;66.25;2017-03-02;DINI;S04;0;0.0;0.0;
T02353;1;D2010;dining_chair;oak;6;155.93;131.03;85.76;2017-04-19;DINI;S04;0;0.0;0.0;
T02354;1;U1001;garden_chair;rattan;2;115.48;97.04;63.51;2017-03-23;OUTD;S09;0;0.0;0.0;
T02355;1;K9001;kitchen_table;oak;1;444.02;373.12;244.21;2017-05-12;KITC;S04;0;0.0;0.0;
T02355;2;K9010;kitchen_chair;oak;2;118.34;99.44;65.09;2017-05-12;KITC;S04;0;0.0;0.0;
T02355;3;G5001;floor_lamp;luna;1;118.58;99.65;65.22;2017-05-12;LIGH;S03;0;0.0;0.0;
T02355;4;D2011;dining_chair;fabric;1;113.7;95.54;62.53;2017-05-12;DINI;S03;0;0.0;0.0;
T02356;1;K9010;kitchen_chair;oak;2;120.24;101.05;66.13;2017-01-29;KITC;S04;0;0.0;0.0;
T02356;2;L1020;coffee_table;oak;1;355.9;299.07;195.74;2017-01-29;LIVI;S04;2;22.94;0.0645;A
T02357;1;B3040;wardrobe;harmony;1;1062.4;892.77;584.32;2016-07-11;BEDR;S01;0;0.0;0.0;
T02358;1;E6011;soundbar;premium;1;418.51;351.69;230.18;2016-04-13;ELEC;S08;0;0.0;0.0;
T02358;2;D2020;sideboard;oak;1;651.57;547.53;358.36;2016-04-13;DINI;S04;2;113.71;0.1745;A
T02359;1;O4030;filing_cabinet;metal;1;273.11;229.51;150.21;2017-01-19;OFFI;S07;1;27.09;0.0992;A
T02360;1;B3030;nightstand;harmony;1;176.78;148.55;97.23;2017-03-05;BEDR;S01;0;0.0;0.0;
T02360;2;B3001;bed;harmony;1;1096.35;921.31;603.0;2017-03-05;BEDR;S01;0;0.0;0.0;
T02360;3;B3010;mattress;comfort;1;575.58;483.68;316.57;2017-03-05;BEDR;S06;0;0.0;0.0;
T02361;1;L1030;side_table;oak;1;120.1;100.93;66.06;2015-08-26;LIVI;S04;0;0.0;0.0;
T02362;1;B3010;mattress;comfort;1;601.67;505.61;330.92;2016-11-28;BEDR;S06;2;69.32;0.1152;A
T02363;1;K9020;bar_stool;oak;1;142.91;120.09;78.6;2017-01-10;KITC;S04;0;0.0;0.0;
T02364;1;G5011;table_lamp;modern;1;46.87;39.39;25.78;2016-08-25;LIGH;S05;1;5.27;0.1124;B
T02364;2;L1001;sofa;harmony;1;1173.92;986.49;645.65;2016-08-25;LIVI;S01;0;0.0;0.0;
T02364;3;B3011;mattress;premium;1;884.24;743.06;486.33;2016-08-25;BEDR;S06;0;0.0;0.0;
T02365;1;B3040;wardrobe;harmony;1;1082.38;909.56;595.31;2017-03-30;BEDR;S01;0;0.0;0.0;
T02365;2;K9010;kitchen_chair;oak;4;121.19;101.84;66.65;2017-03-30;KITC;S04;0;0.0;0.0;
T02366;1;L1010;armchair;harmony;1;589.39;495.28;324.16;2016-08-30;LIVI;S01;0;0.0;0.0;
T02366;2;E6030;dvd_player;basic;1;67.77;56.95;37.27;2016-08-30;ELEC;S08;1;5.34;0.0788;A
T02366;3;U1001;garden_chair;rattan;4;115.13;96.75;63.32;2016-08-30;OUTD;S09;0;0.0;0.0;
T02367;1;O4002;desk;compact;1;249.84;209.95;137.41;2017-02-21;OFFI;S02;0;0.0;0.0;
T02368;1;L1003;sofa;kompakt;1;775.21;651.43;426.36;2015-10-22;LIVI;S02;0;0.0;0.0;
T02369;1;G5011;table_lamp;modern;1;50.37;42.33;27.7;2016-10-05;LIGH;S05;0;0.0;0.0;
T02370;1;L1020;coffee_table;oak;1;342.91;288.16;188.6;2017-05-19;LIVI;S04;0;0.0;0.0;
T02370;2;D2020;sideboard;oak;1;632.3;531.35;347.77;2017-05-19;DINI;S04;1;85.17;0.1347;M
T02371;1;U1010;garden_table;rattan;1;313.77;263.67;172.57;2017-06-24;OUTD;S09;0;0.0;0.0;
T02371;2;U1001;garden_chair;rattan;2;121.01;101.69;66.55;2017-06-24;OUTD;S09;1;13.84;0.1144;B
T02372;1;D2011;dining_chair;fabric;4;119.19;100.16;65.55;2016-09-09;DINI;S03;0;0.0;0.0;
T02373;1;D2020;sideboard;oak;1;650.29;546.46;357.66;2016-11-23;DINI;S04;1;43.1;0.0663;A
T02373;2;D2012;dining_chair;leather;2;206.21;173.29;113.42;2016-11-23;DINI;S01;0;0.0;0.0;
T02373;3;G5010;table_lamp;luna;1;78.17;65.69;42.99;2016-11-23;LIGH;S03;0;0.0;0.0;
T02374;1;G5031;led_strip;basic;1;19.3;16.22;10.62;2017-01-08;LIGH;S08;0;0.0;0.0;
T02374;2;U1010;garden_table;rattan;1;312.23;262.38;171.73;2017-01-08;OUTD;S09;0;0.0;0.0;
T02374;3;U1002;garden_chair;metal;4;88.33;74.23;48.58;2017-01-08;OUTD;S09;0;0.0;0.0;
T02374;4;S8020;shoe_rack;compact;1;111.06;93.33;61.08;2017-01-08;STOR;S02;0;0.0;0.0;
T02375;1;L1010;armchair;harmony;1;615.16;516.94;338.34;2017-05-14;LIVI;S01;2;31.83;0.0517;K
T02376;1;B3020;headboard;harmony;1;265.8;223.36;146.19;2016-01-10;BEDR;S01;0;0.0;0.0;
T02377;1;B3010;mattress;comfort;1;628.09;527.81;345.45;2017-04-13;BEDR;S06;0;0.0;0.0;
T02378;1;C7020;picture_frame;wood;3;19.62;16.48;10.79;2016-10-17;DECO;S05;0;0.0;0.0;
T02379;1;G5030;led_strip;smart;1;40.07;33.67;22.04;2016-03-26;LIGH;S08;0;0.0;0.0;
T02380;1;B3030;nightstand;harmony;1;187.92;157.91;103.35;2016-10-22;BEDR;S01;0;0.0;0.0;
T02380;2;L1050;rug;berber;1;183.15;153.9;100.73;2016-10-22;LIVI;S05;0;0.0;0.0;
T02380;3;L1040;ottoman;luna;1;224.68;188.81;123.58;2016-10-22;LIVI;S03;0;0.0;0.0;
T02381;1;L1002;sofa;milano;1;1753.37;1473.42;964.35;2016-09-21;LIVI;S01;0;0.0;0.0;
T02381;2;O4010;office_chair;ergo;1;335.29;281.75;184.41;2016-09-21;OFFI;S07;1;25.16;0.075;M
T02382;1;L1021;coffee_table;glass;1;267.45;224.75;147.1;2016-12-09;LIVI;S04;0;0.0;0.0;
T02382;2;S8010;cabinet;oak;1;525.84;441.88;289.21;2016-12-09;STOR;S04;0;0.0;0.0;
T02383;1;S8001;dresser;harmony;1;381.27;320.39;209.7;2017-04-24;STOR;S01;0;0.0;0.0;
T02383;2;C7010;vase;ceramic;1;40.11;33.71;22.06;2017-04-24;DECO;S05;0;0.0;0.0;
T02383;3;K9011;kitchen_chair;fabric;4;103.87;87.29;57.13;2017-04-24;KITC;S03;0;0.0;0.0;
T02384;1;B3040;wardrobe;harmony;1;1080.36;907.86;594.2;2016-07-03;BEDR;S01;2;117.56;0.1088;K
T02385;1;O4010;office_chair;ergo;1;334.36;280.98;183.9;2016-03-04;OFFI;S07;0;0.0;0.0;
T02385;2;E6030;dvd_player;basic;1;70.46;59.21;38.75;2016-03-04;ELEC;S08;0;0.0;0.0;
T02386;1;B3040;wardrobe;harmony;1;1051.17;883.33;578.14;2016-11-08;BEDR;S01;2;199.1;0.1894;K
T02387;1;L1051;rug;shaggy;1;285.32;239.77;156.93;2016-12-28;LIVI;S05;0;0.0;0.0;
T02387;2;G5011;table_lamp;modern;1;51.0;42.85;28.05;2016-12-28;LIGH;S05;0;0.0;0.0;
T02387;3;U1002;garden_chair;metal;2;89.78;75.45;49.38;2016-12-28;OUTD;S09;2;15.26;0.1699;K
T02388;1;E6001;tv;smart55;1;815.74;685.5;448.66;2017-05-06;ELEC;S08;0;0.0;0.0;
T02389;1;D2010;dining_chair;oak;2;155.37;130.57;85.46;2016-06-19;DINI;S04;0;0.0;0.0;
T02389;2;C7030;curtain;linen;1;75.9;63.78;41.74;2016-06-19;DECO;S05;0;0.0;0.0;
T02390;1;B3031;nightstand;kompakt;2;122.51;102.95;67.38;2016-06-19;BEDR;S02;0;0.0;0.0;
T02391;1;K9021;bar_stool;metal;1;104.52;87.83;57.49;2016-06-17;KITC;S07;0;0.0;0.0;
T02392;1;G5030;led_strip;smart;1;39.72;33.38;21.85;2017-04-14;LIGH;S08;0;0.0;0.0;
T02393;1;L1040;ottoman;luna;1;216.33;181.79;118.98;2017-01-26;LIVI;S03;0;0.0;0.0;
T02394;1;G5031;led_strip;basic;1;19.33;16.24;10.63;2016-09-15;LIGH;S08;0;0.0;0.0;
T02395;1;L1051;rug;shaggy;1;285.96;240.31;157.28;2017-02-19;LIVI;S05;0;0.0;0.0;
T02396;1;C7001;mirror;round;1;114.38;96.11;62.91;2015-07-29;DECO;S05;0;0.0;0.0;
T02397;1;L1051;rug;shaggy;1;292.32;245.64;160.77;2016-11-22;LIVI;S05;2;29.37;0.1005;A
T02398;1;B3031;nightstand;kompakt;2;117.82;99.01;64.8;2016-02-14;BEDR;S02;1;16.82;0.1428;A
T02399;1;D2001;dining_table;oak;1;897.29;754.03;493.51;2016-01-13;DINI;S04;0;0.0;0.0;
T02399;2;D2010;dining_chair;oak;2;151.6;127.39;83.38;2016-01-13;DINI;S04;0;0.0;0.0;
T02399;3;D2020;sideboard;oak;1;632.39;531.42;347.82;2016-01-13;DINI;S04;0;0.0;0.0;
T02400;1;K9001;kitchen_table;oak;1;454.34;381.8;249.89;2016-12-03;KITC;S04;0;0.0;0.0;
T02400;2;K9011;kitchen_chair;fabric;1;99.33;83.47;54.63;2016-12-03;KITC;S03;0;0.0;0.0;
T02401;1;C7001;mirror;round;1;113.7;95.55;62.53;2017-03-10;DECO;S05;0;0.0;0.0;
T02402;1;S8001;dresser;harmony;1;386.11;324.46;212.36;2015-09-09;STOR;S01;0;0.0;0.0;
T02403;1;B3030;nightstand;harmony;2;180.72;151.87;99.4;2017-01-09;BEDR;S01;0;0.0;0.0;
T02403;2;B3002;bed;milano;1;1611.02;1353.8;886.06;2017-01-09;BEDR;S01;0;0.0;0.0;
T02403;3;B3011;mattress;premium;1;910.69;765.28;500.88;2017-01-09;BEDR;S06;1;85.68;0.0941;M
T02403;4;B3020;headboard;harmony;1;280.52;235.73;154.29;2017-01-09;BEDR;S01;0;0.0;0.0;
T02404;1;C7020;picture_frame;wood;4;18.94;15.92;10.42;2016-10-18;DECO;S05;0;0.0;0.0;
T02404;2;C7030;curtain;linen;1;76.38;64.18;42.01;2016-10-18;DECO;S05;2;10.47;0.1371;A
T02405;1;S8001;dresser;harmony;1;396.04;332.81;217.82;2017-03-22;STOR;S01;0;0.0;0.0;
T02406;1;S8020;shoe_rack;compact;1;109.19;91.76;60.05;2016-01-08;STOR;S02;0;0.0;0.0;
T02407;1;L1003;sofa;kompakt;1;780.57;655.94;429.31;2016-03-31;LIVI;S02;1;46.01;0.0589;A
T02408;1;D2030;table_extension;oak;1;120.41;101.18;66.22;2017-01-29;DINI;S04;0;0.0;0.0;
T02408;2;O4001;desk;oak;1;396.52;333.21;218.09;2017-01-29;OFFI;S04;0;0.0;0.0;
T02408;3;O4010;office_chair;ergo;1;333.83;280.53;183.61;2017-01-29;OFFI;S07;1;30.6;0.0917;B
T02408;4;O4020;bookshelf;oak;1;248.9;209.16;136.89;2017-01-29;OFFI;S04;0;0.0;0.0;
T02409;1;C7020;picture_frame;wood;2;18.97;15.94;10.43;2016-09-13;DECO;S05;0;0.0;0.0;
T02410;1;U1020;parasol;basic;1;119.03;100.03;65.47;2017-06-22;OUTD;S09;0;0.0;0.0;
T02410;2;K9010;kitchen_chair;oak;4;121.97;102.49;67.08;2017-06-22;KITC;S04;0;0.0;0.0;
T02411;1;L1020;coffee_table;oak;1;362.33;304.48;199.28;2015-12-04;LIVI;S04;0;0.0;0.0;
T02412;1;C7030;curtain;linen;1;80.29;67.47;44.16;2016-07-02;DECO;S05;1;10.28;0.1281;M
T02413;1;D2010;dining_chair;oak;4;153.13;128.68;84.22;2017-02-23;DINI;S04;0;0.0;0.0;
T02414;1;D2002;dining_table;walnut;1;1354.14;1137.94;744.78;2016-10-10;DINI;S04;1;103.1;0.0761;M
T02414;2;D2012;dining_chair;leather;6;195.02;163.88;107.26;2016-10-10;DINI;S01;0;0.0;0.0;
T02415;1;D2012;dining_chair;leather;4;208.94;175.58;114.92;2016-01-20;DINI;S01;0;0.0;0.0;
T02416;1;E6002;tv;smart65;1;1234.71;1037.57;679.09;2017-03-14;ELEC;S08;0;0.0;0.0;
T02416;2;O4010;office_chair;ergo;1;365.93;307.5;201.26;2017-03-14;OFFI;S07;0;0.0;0.0;
T02417;1;C7002;mirror;framed;1;162.07;136.19;89.14;2016-03-02;DECO;S05;0;0.0;0.0;
T02418;1;E6011;soundbar;premium;1;396.4;333.11;218.02;2015-08-18;ELEC;S08;0;0.0;0.0;
T02419;1;K9002;kitchen_table;kompakt;1;300.18;252.25;165.1;2016-09-28;KITC;S02;0;0.0;0.0;
T02419;2;K9011;kitchen_chair;fabric;1;99.31;83.46;54.62;2016-09-28;KITC;S03;0;0.0;0.0;
T02419;3;B3011;mattress;premium;1;926.55;778.61;509.6;2016-09-28;BEDR;S06;0;0.0;0.0;
T02420;1;L1003;sofa;kompakt;1;833.4;700.34;458.37;2016-04-28;LIVI;S02;0;0.0;0.0;
T02420;2;L1011;armchair;luna;1;448.62;376.99;246.74;2016-04-28;LIVI;S03;0;0.0;0.0;
T02421;1;E6020;speakers;stereo;1;172.95;145.34;95.12;2017-04-12;ELEC;S08;0;0.0;0.0;
T02422;1;G5010;table_lamp;luna;1;75.96;63.83;41.78;2016-03-22;LIGH;S03;0;0.0;0.0;
T02422;2;L1003;sofa;kompakt;1;799.33;671.7;439.63;2016-03-22;LIVI;S02;0;0.0;0.0;
T02422;3;L1050;rug;berber;1;193.25;162.4;106.29;2016-03-22;LIVI;S05;0;0.0;0.0;
T02423;1;G5011;table_lamp;modern;1;47.82;40.19;26.3;2016-03-15;LIGH;S05;2;5.52;0.1153;K
T02424;1;U1010;garden_table;rattan;1;312.53;262.63;171.89;2016-11-10;OUTD;S09;0;0.0;0.0;
T02424;2;U1002;garden_chair;metal;4;90.38;75.95;49.71;2016-11-10;OUTD;S09;0;0.0;0.0;
T02425;1;B3010;mattress;comfort;1;579.22;486.74;318.57;2017-04-16;BEDR;S06;0;0.0;0.0;
T02426;1;U1002;garden_chair;metal;2;87.21;73.29;47.97;2017-01-15;OUTD;S09;0;0.0;0.0;
T02427;1;O4010;office_chair;ergo;1;353.33;296.92;194.33;2015-07-22;OFFI;S07;0;0.0;0.0;
T02428;1;B3011;mattress;premium;1;875.6;735.8;481.58;2015-11-19;BEDR;S06;0;0.0;0.0;
T02429;1;L1001;sofa;harmony;1;1200.69;1008.98;660.38;2015-12-06;LIVI;S01;0;0.0;0.0;
T02429;2;L1020;coffee_table;oak;1;332.83;279.69;183.05;2015-12-06;LIVI;S04;0;0.0;0.0;
T02429;3;E6020;speakers;stereo;1;177.76;149.38;97.77;2015-12-06;ELEC;S08;0;0.0;0.0;
T02430;1;C7001;mirror;round;1;114.83;96.5;63.16;2016-06-23;DECO;S05;1;7.04;0.0613;B
T02431;1;B3010;mattress;comfort;1;590.37;496.11;324.7;2016-04-24;BEDR;S06;0;0.0;0.0;
T02431;2;K9010;kitchen_chair;oak;1;119.18;100.15;65.55;2016-04-24;KITC;S04;2;21.31;0.1788;K
T02431;3;B3003;bed;kompakt;1;728.96;612.57;400.93;2016-04-24;BEDR;S02;0;0.0;0.0;
T02431;4;B3020;headboard;harmony;1;269.83;226.75;148.41;2016-04-24;BEDR;S01;0;0.0;0.0;
T02432;1;U1020;parasol;basic;1;115.57;97.12;63.57;2016-05-17;OUTD;S09;0;0.0;0.0;
T02433;1;B3011;mattress;premium;1;867.33;728.85;477.03;2017-05-05;BEDR;S06;0;0.0;0.0;
T02434;1;S8020;shoe_rack;compact;1;104.08;87.47;57.25;2016-10-19;STOR;S02;1;6.65;0.0639;A
T02434;2;O4002;desk;compact;1;256.77;215.77;141.22;2016-10-19;OFFI;S02;0;0.0;0.0;
T02434;3;O4011;office_chair;basic;1;184.64;155.16;101.55;2016-10-19;OFFI;S07;0;0.0;0.0;
T02434;4;O4020;bookshelf;oak;1;237.02;199.18;130.36;2016-10-19;OFFI;S04;0;0.0;0.0;
T02435;1;O4002;desk;compact;1;255.42;214.64;140.48;2016-11-01;OFFI;S02;1;30.37;0.1189;A
T02435;2;O4011;office_chair;basic;1;175.81;147.74;96.7;2016-11-01;OFFI;S07;0;0.0;0.0;
T02436;1;B3011;mattress;premium;1;926.62;778.67;509.64;2015-07-22;BEDR;S06;0;0.0;0.0;
T02437;1;G5001;floor_lamp;luna;1;113.07;95.01;62.19;2015-12-16;LIGH;S03;0;0.0;0.0;
T02438;1;U1001;garden_chair;rattan;1;121.36;101.98;66.75;2017-06-04;OUTD;S09;0;0.0;0.0;
T02439;1;L1003;sofa;kompakt;1;809.18;679.98;445.05;2016-07-31;LIVI;S02;0;0.0;0.0;
T02440;1;C7002;mirror;framed;1;161.87;136.03;89.03;2015-12-17;DECO;S05;0;0.0;0.0;
T02440;2;B3003;bed;kompakt;1;731.54;614.74;402.35;2015-12-17;BEDR;S02;0;0.0;0.0;
T02440;3;B3010;mattress;comfort;1;588.36;494.42;323.6;2015-12-17;BEDR;S06;0;0.0;0.0;
T02440;4;B3031;nightstand;kompakt;1;116.94;98.27;64.31;2015-12-17;BEDR;S02;0;0.0;0.0;
T02441;1;B3020;headboard;harmony;1;275.37;231.41;151.46;2015-12-16;BEDR;S01;0;0.0;0.0;
T02442;1;U1002;garden_chair;metal;2;86.27;72.5;47.45;2016-08-13;OUTD;S09;0;0.0;0.0;
T02443;1;O4002;desk;compact;1;242.95;204.16;133.62;2016-05-01;OFFI;S02;0;0.0;0.0;
T02444;1;B3040;wardrobe;harmony;1;1099.51;923.96;604.73;2017-01-27;BEDR;S01;0;0.0;0.0;
T02444;2;B3003;bed;kompakt;1;718.84;604.07;395.36;2017-01-27;BEDR;S02;0;0.0;0.0;
T02444;3;B3010;mattress;comfort;1;598.61;503.03;329.23;2017-01-27;BEDR;S06;0;0.0;0.0;
T02444;4;B3031;nightstand;kompakt;2;116.76;98.12;64.22;2017-01-27;BEDR;S02;1;9.14;0.0783;A
T02444;5;B3020;headboard;harmony;1;274.29;230.5;150.86;2017-01-27;BEDR;S01;1;36.77;0.134;B
T02445;1;B3002;bed;milano;1;1597.37;1342.32;878.55;2016-02-17;BEDR;S01;2;107.76;0.0675;K
T02445;2;B3030;nightstand;harmony;1;183.17;153.92;100.74;2016-02-17;BEDR;S01;0;0.0;0.0;
T02445;3;O4010;office_chair;ergo;1;340.79;286.37;187.43;2016-02-17;OFFI;S07;0;0.0;0.0;
T02446;1;K9010;kitchen_chair;oak;1;113.72;95.57;62.55;2017-01-21;KITC;S04;0;0.0;0.0;
T02447;1;B3003;bed;kompakt;1;783.88;658.72;431.13;2016-03-31;BEDR;S02;0;0.0;0.0;
T02447;2;B3011;mattress;premium;1;872.78;733.43;480.03;2016-03-31;BEDR;S06;0;0.0;0.0;
T02447;3;B3030;nightstand;harmony;1;187.22;157.33;102.97;2016-03-31;BEDR;S01;0;0.0;0.0;
T02448;1;K9011;kitchen_chair;fabric;1;102.46;86.1;56.36;2016-11-07;KITC;S03;0;0.0;0.0;
T02448;2;K9001;kitchen_table;oak;1;441.56;371.06;242.86;2016-11-07;KITC;S04;0;0.0;0.0;
T02449;1;U1001;garden_chair;rattan;2;115.26;96.86;63.39;2017-01-20;OUTD;S09;0;0.0;0.0;
T02449;2;B3010;mattress;comfort;1;616.45;518.02;339.05;2017-01-20;BEDR;S06;0;0.0;0.0;
T02450;1;C7010;vase;ceramic;1;39.95;33.57;21.97;2016-10-10;DECO;S05;0;0.0;0.0;
T02451;1;U1001;garden_chair;rattan;2;118.98;99.98;65.44;2016-10-24;OUTD;S09;0;0.0;0.0;
T02451;2;K9010;kitchen_chair;oak;2;123.16;103.5;67.74;2016-10-24;KITC;S04;0;0.0;0.0;
T02452;1;K9011;kitchen_chair;fabric;4;98.93;83.14;54.41;2017-06-15;KITC;S03;0;0.0;0.0;
T02453;1;B3010;mattress;comfort;1;574.5;482.77;315.97;2016-06-18;BEDR;S06;0;0.0;0.0;
T02454;1;G5010;table_lamp;luna;1;75.27;63.25;41.4;2017-05-08;LIGH;S03;1;9.0;0.1196;B
T02455;1;L1010;armchair;harmony;1;617.38;518.81;339.56;2015-09-21;LIVI;S01;0;0.0;0.0;
T02456;1;G5001;floor_lamp;luna;1;116.88;98.22;64.29;2015-11-27;LIGH;S03;0;0.0;0.0;
T02456;2;D2020;sideboard;oak;1;680.78;572.08;374.43;2015-11-27;DINI;S04;0;0.0;0.0;
T02457;1;O4010;office_chair;ergo;1;345.7;290.5;190.13;2016-10-09;OFFI;S07;0;0.0;0.0;
T02457;2;L1050;rug;berber;1;198.22;166.57;109.02;2016-10-09;LIVI;S05;0;0.0;0.0;
T02458;1;K9021;bar_stool;metal;1;106.35;89.37;58.49;2017-06-23;KITC;S07;0;0.0;0.0;
T02458;2;G5011;table_lamp;modern;1;47.8;40.17;26.29;2017-06-23;LIGH;S05;0;0.0;0.0;
T02459;1;E6010;soundbar;compact;1;244.27;205.27;134.35;2016-05-26;ELEC;S08;0;0.0;0.0;
T02459;2;L1050;rug;berber;1;182.64;153.48;100.45;2016-05-26;LIVI;S05;0;0.0;0.0;
T02460;1;L1051;rug;shaggy;1;293.4;246.56;161.37;2016-03-14;LIVI;S05;1;16.33;0.0557;B
T02461;1;O4010;office_chair;ergo;1;349.19;293.44;192.06;2016-09-14;OFFI;S07;0;0.0;0.0;
T02462;1;L1003;sofa;kompakt;1;837.52;703.8;460.63;2016-08-17;LIVI;S02;0;0.0;0.0;
T02463;1;B3040;wardrobe;harmony;1;1116.22;938.0;613.92;2016-11-22;BEDR;S01;0;0.0;0.0;
T02463;2;O4020;bookshelf;oak;1;246.67;207.29;135.67;2016-11-22;OFFI;S04;2;48.89;0.1982;K
T02464;1;D2001;dining_table;oak;1;931.44;782.72;512.29;2017-05-04;DINI;S04;0;0.0;0.0;
T02464;2;D2010;dining_chair;oak;2;147.39;123.86;81.06;2017-05-04;DINI;S04;0;0.0;0.0;
T02464;3;D2020;sideboard;oak;1;648.57;545.02;356.72;2017-05-04;DINI;S04;0;0.0;0.0;
T02464;4;L1011;armchair;luna;1;438.06;368.12;240.93;2017-05-04;LIVI;S03;0;0.0;0.0;
T02464;5;C7001;mirror;round;1;113.52;95.39;62.43;2017-05-04;DECO;S05;0;0.0;0.0;
T02465;1;L1001;sofa;harmony;1;1211.3;1017.9;666.21;2016-09-02;LIVI;S01;0;0.0;0.0;
T02466;1;L1021;coffee_table;glass;1;281.95;236.94;155.07;2016-09-02;LIVI;S04;0;0.0;0.0;
T02467;1;K9011;kitchen_chair;fabric;6;100.93;84.81;55.51;2016-07-12;KITC;S03;0;0.0;0.0;
T02467;2;E6010;soundbar;compact;1;238.48;200.4;131.16;2016-07-12;ELEC;S08;0;0.0;0.0;
T02468;1;K9002;kitchen_table;kompakt;1;309.98;260.49;170.49;2015-09-30;KITC;S02;0;0.0;0.0;
T02468;2;K9010;kitchen_chair;oak;2;120.74;101.46;66.41;2015-09-30;KITC;S04;1;8.92;0.0739;B
T02468;3;C7030;curtain;linen;1;79.79;67.05;43.89;2015-09-30;DECO;S05;0;0.0;0.0;
T02469;1;L1021;coffee_table;glass;1;286.73;240.95;157.7;2016-08-09;LIVI;S04;0;0.0;0.0;
T02469;2;L1011;armchair;luna;1;437.99;368.06;240.9;2016-08-09;LIVI;S03;0;0.0;0.0;
T02469;3;G5031;led_strip;basic;1;19.25;16.17;10.59;2016-08-09;LIGH;S08;0;0.0;0.0;
T02470;1;O4020;bookshelf;oak;1;259.56;218.12;142.76;2016-12-28;OFFI;S04;0;0.0;0.0;
T02471;1;K9021;bar_stool;metal;1;106.45;89.45;58.55;2017-03-10;KITC;S07;0;0.0;0.0;
T02471;2;L1041;ottoman;kompakt;1;162.04;136.17;89.12;2017-03-10;LIVI;S02;0;0.0;0.0;
T02471;3;D2002;dining_table;walnut;1;1282.06;1077.36;705.13;2017-03-10;DINI;S04;0;0.0;0.0;
T02471;4;D2010;dining_chair;oak;2;150.94;126.84;83.02;2017-03-10;DINI;S04;0;0.0;0.0;
T02472;1;K9002;kitchen_table;kompakt;1;310.37;260.81;170.7;2016-08-17;KITC;S02;0;0.0;0.0;
T02473;1;O4002;desk;compact;1;258.61;217.32;142.23;2016-09-16;OFFI;S02;1;37.45;0.1448;B
T02474;1;U1020;parasol;basic;1;118.19;99.32;65.01;2017-01-10;OUTD;S09;0;0.0;0.0;
T02474;2;G5030;led_strip;smart;1;40.03;33.64;22.02;2017-01-10;LIGH;S08;0;0.0;0.0;
T02475;1;U1020;parasol;basic;1;120.69;101.42;66.38;2016-05-30;OUTD;S09;0;0.0;0.0;
T02476;1;D2030;table_extension;oak;1;117.53;98.77;64.64;2017-06-02;DINI;S04;0;0.0;0.0;
T02477;1;L1002;sofa;milano;1;1717.72;1443.47;944.75;2016-05-30;LIVI;S01;1;183.51;0.1068;A
T02477;2;L1050;rug;berber;1;189.62;159.34;104.29;2016-05-30;LIVI;S05;0;0.0;0.0;
T02478;1;E6001;tv;smart55;1;771.19;648.06;424.15;2016-04-14;ELEC;S08;0;0.0;0.0;
T02478;2;E6020;speakers;stereo;1;182.05;152.98;100.13;2016-04-14;ELEC;S08;0;0.0;0.0;
T02479;1;S8001;dresser;harmony;1;372.65;313.16;204.96;2016-08-01;STOR;S01;0;0.0;0.0;
T02480;1;O4030;filing_cabinet;metal;1;274.01;230.26;150.71;2015-12-07;OFFI;S07;0;0.0;0.0;
T02481;1;O4010;office_chair;ergo;1;358.29;301.08;197.06;2015-12-30;OFFI;S07;0;0.0;0.0;
T02482;1;C7010;vase;ceramic;1;39.93;33.56;21.96;2017-03-31;DECO;S05;0;0.0;0.0;
T02483;1;B3010;mattress;comfort;1;597.01;501.69;328.36;2015-11-03;BEDR;S06;0;0.0;0.0;
T02483;2;U1020;parasol;basic;1;117.41;98.66;64.57;2015-11-03;OUTD;S09;0;0.0;0.0;
T02484;1;L1010;armchair;harmony;1;597.54;502.13;328.65;2015-09-01;LIVI;S01;0;0.0;0.0;
T02484;2;O4001;desk;oak;1;405.33;340.61;222.93;2015-09-01;OFFI;S04;0;0.0;0.0;
T02484;3;O4010;office_chair;ergo;1;351.5;295.38;193.33;2015-09-01;OFFI;S07;1;30.37;0.0864;M
T02484;4;O4020;bookshelf;oak;1;258.11;216.9;141.96;2015-09-01;OFFI;S04;0;0.0;0.0;
T02485;1;B3010;mattress;comfort;1;624.99;525.2;343.74;2016-04-16;BEDR;S06;0;0.0;0.0;
T02485;2;O4020;bookshelf;oak;1;248.48;208.8;136.66;2016-04-16;OFFI;S04;0;0.0;0.0;
T02486;1;O4001;desk;oak;1;398.01;334.46;218.9;2016-02-23;OFFI;S04;0;0.0;0.0;
T02486;2;O4010;office_chair;ergo;1;343.35;288.53;188.84;2016-02-23;OFFI;S07;0;0.0;0.0;
T02487;1;L1030;side_table;oak;1;124.17;104.35;68.3;2015-11-22;LIVI;S04;1;11.26;0.0907;M
T02488;1;S8010;cabinet;oak;1;527.98;443.68;290.39;2016-05-02;STOR;S04;0;0.0;0.0;
T02489;1;C7010;vase;ceramic;1;37.68;31.67;20.73;2016-07-30;DECO;S05;0;0.0;0.0;
T02490;1;E6010;soundbar;compact;1;255.79;214.95;140.68;2015-10-04;ELEC;S08;0;0.0;0.0;
T02490;2;B3040;wardrobe;harmony;1;1108.41;931.44;609.63;2015-10-04;BEDR;S01;0;0.0;0.0;
T02491;1;B3030;nightstand;harmony;2;173.12;145.48;95.21;2016-06-03;BEDR;S01;0;0.0;0.0;
T02491;2;L1003;sofa;kompakt;1;771.29;648.14;424.21;2016-06-03;LIVI;S02;0;0.0;0.0;
T02492;1;L1020;coffee_table;oak;1;353.51;297.07;194.43;2015-09-03;LIVI;S04;0;0.0;0.0;
T02493;1;U1001;garden_chair;rattan;2;115.14;96.75;63.32;2016-04-29;OUTD;S09;0;0.0;0.0;
T02494;1;O4011;office_chair;basic;1;172.57;145.02;94.91;2016-06-02;OFFI;S07;0;0.0;0.0;
T02494;2;D2001;dining_table;oak;1;932.17;783.33;512.69;2016-06-02;DINI;S04;0;0.0;0.0;
T02494;3;D2010;dining_chair;oak;1;142.86;120.05;78.57;2016-06-02;DINI;S04;0;0.0;0.0;
T02495;1;S8001;dresser;harmony;1;392.37;329.72;215.8;2016-11-10;STOR;S01;0;0.0;0.0;
T02496;1;K9021;bar_stool;metal;1;113.8;95.63;62.59;2016-01-19;KITC;S07;0;0.0;0.0;
T02496;2;E6010;soundbar;compact;1;240.26;201.9;132.14;2016-01-19;ELEC;S08;0;0.0;0.0;
T02497;1;S8001;dresser;harmony;1;387.8;325.89;213.29;2015-11-15;STOR;S01;0;0.0;0.0;
T02498;1;D2001;dining_table;oak;1;871.07;731.99;479.09;2017-02-15;DINI;S04;0;0.0;0.0;
T02498;2;D2011;dining_chair;fabric;4;123.19;103.52;67.75;2017-02-15;DINI;S03;0;0.0;0.0;
T02498;3;D2031;table_extension;walnut;1;153.65;129.12;84.51;2017-02-15;DINI;S04;0;0.0;0.0;
T02499;1;O4020;bookshelf;oak;1;255.75;214.91;140.66;2017-04-22;OFFI;S04;0;0.0;0.0;
T02500;1;D2001;dining_table;oak;1;879.65;739.21;483.81;2017-02-15;DINI;S04;2;75.91;0.0863;A
T02500;2;D2011;dining_chair;fabric;6;124.41;104.54;68.42;2017-02-15;DINI;S03;0;0.0;0.0;
T02501;1;B3003;bed;kompakt;1;713.97;599.97;392.68;2015-07-09;BEDR;S02;0;0.0;0.0;
T02501;2;B3011;mattress;premium;1;858.14;721.13;471.98;2015-07-09;BEDR;S06;1;79.51;0.0927;A
T02501;3;B3020;headboard;harmony;1;265.1;222.77;145.8;2015-07-09;BEDR;S01;0;0.0;0.0;
T02502;1;B3030;nightstand;harmony;2;178.92;150.35;98.41;2016-12-05;BEDR;S01;1;9.59;0.0536;A
T02502;2;O4001;desk;oak;1;415.43;349.1;228.48;2016-12-05;OFFI;S04;1;40.92;0.0985;B
T02503;1;C7020;picture_frame;wood;4;18.53;15.57;10.19;2016-03-30;DECO;S05;0;0.0;0.0;
T02504;1;C7002;mirror;framed;1;166.56;139.97;91.61;2016-06-10;DECO;S05;0;0.0;0.0;
T02505;1;O4010;office_chair;ergo;1;357.59;300.49;196.67;2016-05-22;OFFI;S07;0;0.0;0.0;
T02505;2;D2030;table_extension;oak;1;119.21;100.18;65.57;2016-05-22;DINI;S04;0;0.0;0.0;
T02505;3;B3003;bed;kompakt;1;751.01;631.1;413.05;2016-05-22;BEDR;S02;0;0.0;0.0;
T02505;4;B3010;mattress;comfort;1;617.2;518.65;339.46;2016-05-22;BEDR;S06;0;0.0;0.0;
T02505;5;B3030;nightstand;harmony;1;178.25;149.79;98.03;2016-05-22;BEDR;S01;0;0.0;0.0;
T02506;1;U1002;garden_chair;metal;2;91.35;76.77;50.25;2017-06-16;OUTD;S09;2;10.4;0.1139;K
T02507;1;C7030;curtain;linen;1;77.61;65.21;42.68;2015-10-29;DECO;S05;0;0.0;0.0;
T02507;2;L1030;side_table;oak;1;121.75;102.31;66.96;2015-10-29;LIVI;S04;0;0.0;0.0;
T02508;1;D2001;dining_table;oak;1;925.64;777.85;509.1;2016-04-04;DINI;S04;0;0.0;0.0;
T02508;2;D2010;dining_chair;oak;4;151.18;127.04;83.15;2016-04-04;DINI;S04;0;0.0;0.0;
T02509;1;S8010;cabinet;oak;1;565.51;475.22;311.03;2015-10-22;STOR;S04;0;0.0;0.0;
T02510;1;L1002;sofa;milano;1;1710.49;1437.39;940.77;2015-07-18;LIVI;S01;0;0.0;0.0;
T02510;2;L1010;armchair;harmony;1;596.21;501.02;327.92;2015-07-18;LIVI;S01;0;0.0;0.0;
T02510;3;L1050;rug;berber;1;197.3;165.8;108.51;2015-07-18;LIVI;S05;0;0.0;0.0;
T02511;1;D2010;dining_chair;oak;4;150.04;126.09;82.52;2017-06-24;DINI;S04;1;16.35;0.109;M
T02512;1;E6020;speakers;stereo;1;183.56;154.25;100.96;2017-06-15;ELEC;S08;0;0.0;0.0;
T02512;2;O4010;office_chair;ergo;1;336.0;282.35;184.8;2017-06-15;OFFI;S07;0;0.0;0.0;
T02512;3;E6001;tv;smart55;1;780.74;656.09;429.41;2017-06-15;ELEC;S08;1;95.45;0.1223;B
T02513;1;B3010;mattress;comfort;1;618.76;519.97;340.32;2015-10-13;BEDR;S06;1;41.1;0.0664;A
T02514;1;K9021;bar_stool;metal;1;107.45;90.29;59.1;2016-04-30;KITC;S07;0;0.0;0.0;
T02514;2;S8020;shoe_rack;compact;1;111.09;93.35;61.1;2016-04-30;STOR;S02;0;0.0;0.0;
T02515;1;E6020;speakers;stereo;1;178.98;150.4;98.44;2016-01-27;ELEC;S08;0;0.0;0.0;
T02516;1;U1001;garden_chair;rattan;4;115.36;96.94;63.45;2017-03-05;OUTD;S09;1;13.69;0.1186;B
T02517;1;E6010;soundbar;compact;1;245.14;206.0;134.83;2015-10-20;ELEC;S08;0;0.0;0.0;
T02518;1;D2030;table_extension;oak;1;123.62;103.88;67.99;2017-03-14;DINI;S04;0;0.0;0.0;
T02519;1;B3020;headboard;harmony;1;287.67;241.74;158.22;2017-02-24;BEDR;S01;0;0.0;0.0;
T02519;2;L1030;side_table;oak;1;113.56;95.43;62.46;2017-02-24;LIVI;S04;2;18.93;0.1667;A
T02520;1;K9010;kitchen_chair;oak;1;122.02;102.54;67.11;2015-12-04;KITC;S04;1;8.72;0.0715;B
T02520;2;C7010;vase;ceramic;1;38.91;32.7;21.4;2015-12-04;DECO;S05;0;0.0;0.0;
T02520;3;L1021;coffee_table;glass;1;265.57;223.17;146.06;2015-12-04;LIVI;S04;0;0.0;0.0;
T02521;1;G5010;table_lamp;luna;2;76.12;63.96;41.86;2016-06-01;LIGH;S03;0;0.0;0.0;
T02522;1;O4001;desk;oak;1;411.41;345.72;226.27;2016-05-09;OFFI;S04;1;42.63;0.1036;B
T02522;2;O4011;office_chair;basic;1;170.39;143.19;93.72;2016-05-09;OFFI;S07;0;0.0;0.0;
T02523;1;B3031;nightstand;kompakt;2;113.49;95.37;62.42;2015-11-07;BEDR;S02;0;0.0;0.0;
T02523;2;B3002;bed;milano;1;1521.03;1278.17;836.56;2015-11-07;BEDR;S01;0;0.0;0.0;
T02523;3;B3011;mattress;premium;1;908.0;763.02;499.4;2015-11-07;BEDR;S06;0;0.0;0.0;
T02523;4;B3020;headboard;harmony;1;276.61;232.44;152.13;2015-11-07;BEDR;S01;0;0.0;0.0;
T02524;1;L1051;rug;shaggy;1;300.21;252.28;165.12;2015-12-11;LIVI;S05;0;0.0;0.0;
T02524;2;U1001;garden_chair;rattan;4;115.35;96.93;63.44;2015-12-11;OUTD;S09;0;0.0;0.0;
T02525;1;L1050;rug;berber;1;189.88;159.56;104.43;2016-12-15;LIVI;S05;0;0.0;0.0;
T02526;1;G5010;table_lamp;luna;2;76.96;64.68;42.33;2017-05-18;LIGH;S03;1;5.6;0.0728;B
T02527;1;O4002;desk;compact;1;241.02;202.54;132.56;2015-07-13;OFFI;S02;0;0.0;0.0;
T02527;2;O4011;office_chair;basic;1;172.49;144.95;94.87;2015-07-13;OFFI;S07;0;0.0;0.0;
T02528;1;C7020;picture_frame;wood;1;18.1;15.21;9.95;2016-03-29;DECO;S05;0;0.0;0.0;
T02528;2;L1041;ottoman;kompakt;1;158.68;133.35;87.28;2016-03-29;LIVI;S02;0;0.0;0.0;
T02529;1;K9021;bar_stool;metal;1;105.28;88.47;57.91;2015-11-23;KITC;S07;0;0.0;0.0;
T02529;2;L1010;armchair;harmony;1;577.33;485.15;317.53;2015-11-23;LIVI;S01;0;0.0;0.0;
T02530;1;L1003;sofa;kompakt;1;796.99;669.74;438.34;2015-08-29;LIVI;S02;0;0.0;0.0;
T02530;2;L1021;coffee_table;glass;1;276.77;232.58;152.22;2015-08-29;LIVI;S04;0;0.0;0.0;
T02530;3;L1011;armchair;luna;1;441.8;371.26;242.99;2015-08-29;LIVI;S03;0;0.0;0.0;
T02531;1;L1001;sofa;harmony;1;1192.28;1001.91;655.75;2015-08-26;LIVI;S01;0;0.0;0.0;
T02531;2;B3020;headboard;harmony;1;282.71;237.57;155.49;2015-08-26;BEDR;S01;0;0.0;0.0;
T02531;3;S8010;cabinet;oak;1;533.48;448.3;293.42;2015-08-26;STOR;S04;0;0.0;0.0;
T02532;1;D2002;dining_table;walnut;1;1281.86;1077.2;705.03;2016-01-31;DINI;S04;0;0.0;0.0;
T02532;2;D2011;dining_chair;fabric;4;119.44;100.37;65.69;2016-01-31;DINI;S03;0;0.0;0.0;
T02532;3;D2030;table_extension;oak;1;117.34;98.61;64.54;2016-01-31;DINI;S04;1;10.9;0.0929;A
T02532;4;G5010;table_lamp;luna;1;78.91;66.31;43.4;2016-01-31;LIGH;S03;0;0.0;0.0;
T02532;5;L1050;rug;berber;1;196.45;165.08;108.05;2016-01-31;LIVI;S05;0;0.0;0.0;
T02533;1;B3002;bed;milano;1;1638.09;1376.54;900.95;2016-10-24;BEDR;S01;1;215.69;0.1317;M
T02533;2;B3010;mattress;comfort;1;588.22;494.3;323.52;2016-10-24;BEDR;S06;0;0.0;0.0;
T02533;3;B3031;nightstand;kompakt;1;124.05;104.24;68.22;2016-10-24;BEDR;S02;0;0.0;0.0;
T02533;4;B3020;headboard;harmony;1;291.61;245.05;160.39;2016-10-24;BEDR;S01;0;0.0;0.0;
T02534;1;C7020;picture_frame;wood;1;18.77;15.78;10.33;2017-03-22;DECO;S05;0;0.0;0.0;
T02535;1;C7001;mirror;round;1;123.59;103.86;67.98;2016-12-02;DECO;S05;1;8.11;0.0656;M
T02536;1;B3003;bed;kompakt;1;774.71;651.01;426.09;2015-12-07;BEDR;S02;0;0.0;0.0;
T02536;2;B3011;mattress;premium;1;943.38;792.75;518.86;2015-12-07;BEDR;S06;0;0.0;0.0;
T02537;1;L1020;coffee_table;oak;1;346.17;290.9;190.39;2015-07-27;LIVI;S04;0;0.0;0.0;
T02537;2;D2011;dining_chair;fabric;2;114.34;96.08;62.89;2015-07-27;DINI;S03;0;0.0;0.0;
T02538;1;C7030;curtain;linen;1;81.54;68.52;44.85;2016-12-09;DECO;S05;0;0.0;0.0;
T02538;2;U1001;garden_chair;rattan;4;119.91;100.76;65.95;2016-12-09;OUTD;S09;0;0.0;0.0;
T02539;1;K9011;kitchen_chair;fabric;4;94.82;79.68;52.15;2016-05-29;KITC;S03;1;10.66;0.1124;M
T02540;1;S8010;cabinet;oak;1;524.82;441.02;288.65;2017-06-27;STOR;S04;0;0.0;0.0;
T02541;1;C7002;mirror;framed;1;172.91;145.3;95.1;2015-10-30;DECO;S05;0;0.0;0.0;
T02542;1;G5031;led_strip;basic;1;18.91;15.89;10.4;2017-06-02;LIGH;S08;1;2.51;0.1327;A
T02543;1;O4011;office_chair;basic;1;171.63;144.23;94.4;2016-06-24;OFFI;S07;0;0.0;0.0;
T02543;2;S8020;shoe_rack;compact;1;105.63;88.76;58.1;2016-06-24;STOR;S02;0;0.0;0.0;
T02544;1;D2011;dining_chair;fabric;4;123.91;104.12;68.15;2016-08-11;DINI;S03;0;0.0;0.0;
T02545;1;L1030;side_table;oak;1;114.27;96.02;62.85;2015-12-06;LIVI;S04;2;7.9;0.0691;A
T02546;1;D2012;dining_chair;leather;6;207.68;174.52;114.22;2015-07-17;DINI;S01;0;0.0;0.0;
T02547;1;K9020;bar_stool;oak;1;143.24;120.37;78.78;2017-01-04;KITC;S04;0;0.0;0.0;
T02548;1;E6010;soundbar;compact;1;243.99;205.04;134.2;2016-03-24;ELEC;S08;1;20.1;0.0824;B
T02548;2;S8001;dresser;harmony;1;368.91;310.01;202.9;2016-03-24;STOR;S01;0;0.0;0.0;
T02549;1;L1021;coffee_table;glass;1;281.38;236.46;154.76;2017-06-06;LIVI;S04;0;0.0;0.0;
T02549;2;L1040;ottoman;luna;1;223.48;187.8;122.91;2017-06-06;LIVI;S03;0;0.0;0.0;
T02550;1;D2011;dining_chair;fabric;6;124.85;104.92;68.67;2015-12-20;DINI;S03;0;0.0;0.0;
T02551;1;O4030;filing_cabinet;metal;1;281.31;236.39;154.72;2016-02-06;OFFI;S07;0;0.0;0.0;
T02551;2;L1001;sofa;harmony;1;1226.89;1031.0;674.79;2016-02-06;LIVI;S01;0;0.0;0.0;
T02551;3;L1020;coffee_table;oak;1;363.45;305.42;199.9;2016-02-06;LIVI;S04;0;0.0;0.0;
T02551;4;L1050;rug;berber;1;184.9;155.37;101.69;2016-02-06;LIVI;S05;0;0.0;0.0;
T02551;5;O4011;office_chair;basic;1;174.1;146.3;95.75;2016-02-06;OFFI;S07;0;0.0;0.0;
T02552;1;E6001;tv;smart55;1;766.44;644.07;421.54;2017-05-22;ELEC;S08;0;0.0;0.0;
T02552;2;E6010;soundbar;compact;1;256.74;215.75;141.21;2017-05-22;ELEC;S08;1;16.93;0.0659;B
T02552;3;E6020;speakers;stereo;1;172.22;144.73;94.72;2017-05-22;ELEC;S08;0;0.0;0.0;
T02552;4;G5011;table_lamp;modern;1;49.96;41.98;27.48;2017-05-22;LIGH;S05;0;0.0;0.0;
T02552;5;L1030;side_table;oak;1;122.31;102.78;67.27;2017-05-22;LIVI;S04;0;0.0;0.0;
T02553;1;S8010;cabinet;oak;1;564.93;474.73;310.71;2016-07-16;STOR;S04;0;0.0;0.0;
T02554;1;C7001;mirror;round;1;115.96;97.44;63.78;2015-11-05;DECO;S05;0;0.0;0.0;
T02555;1;D2011;dining_chair;fabric;1;113.54;95.41;62.45;2016-10-27;DINI;S03;0;0.0;0.0;
T02556;1;L1050;rug;berber;1;187.17;157.28;102.94;2016-03-04;LIVI;S05;1;20.93;0.1118;A
T02556;2;L1001;sofa;harmony;1;1207.42;1014.64;664.08;2016-03-04;LIVI;S01;0;0.0;0.0;
T02557;1;L1021;coffee_table;glass;1;268.29;225.45;147.56;2015-07-13;LIVI;S04;0;0.0;0.0;
T02558;1;G5010;table_lamp;luna;1;81.47;68.47;44.81;2016-10-27;LIGH;S03;0;0.0;0.0;
T02559;1;D2020;sideboard;oak;1;671.09;563.94;369.1;2016-03-04;DINI;S04;0;0.0;0.0;
T02559;2;G5031;led_strip;basic;1;19.59;16.46;10.78;2016-03-04;LIGH;S08;0;0.0;0.0;
T02559;3;O4010;office_chair;ergo;1;361.71;303.96;198.94;2016-03-04;OFFI;S07;0;0.0;0.0;
T02560;1;D2010;dining_chair;oak;1;149.19;125.37;82.05;2015-09-08;DINI;S04;2;24.45;0.1639;A
T02561;1;G5030;led_strip;smart;1;37.73;31.7;20.75;2017-01-17;LIGH;S08;0;0.0;0.0;
T02561;2;E6020;speakers;stereo;1;186.45;156.68;102.55;2017-01-17;ELEC;S08;0;0.0;0.0;
T02561;3;D2003;dining_table;kompakt;1;618.62;519.85;340.24;2017-01-17;DINI;S02;0;0.0;0.0;
T02561;4;D2011;dining_chair;fabric;6;122.15;102.65;67.18;2017-01-17;DINI;S03;1;12.53;0.1026;M
T02561;5;D2030;table_extension;oak;1;117.34;98.61;64.54;2017-01-17;DINI;S04;0;0.0;0.0;
T02562;1;C7001;mirror;round;1;113.48;95.37;62.42;2016-10-06;DECO;S05;1;6.92;0.061;M
T02563;1;L1051;rug;shaggy;1;292.83;246.07;161.05;2016-12-09;LIVI;S05;0;0.0;0.0;
T02564;1;K9010;kitchen_chair;oak;2;123.01;103.37;67.66;2017-01-01;KITC;S04;0;0.0;0.0;
T02565;1;L1021;coffee_table;glass;1;287.1;241.26;157.9;2017-02-24;LIVI;S04;0;0.0;0.0;
T02566;1;U1002;garden_chair;metal;4;90.28;75.87;49.65;2016-08-12;OUTD;S09;0;0.0;0.0;
T02566;2;G5011;table_lamp;modern;1;47.67;40.06;26.22;2016-08-12;LIGH;S05;0;0.0;0.0;
T02566;3;G5031;led_strip;basic;1;19.35;16.26;10.64;2016-08-12;LIGH;S08;0;0.0;0.0;
T02567;1;O4030;filing_cabinet;metal;1;276.21;232.11;151.92;2015-08-20;OFFI;S07;0;0.0;0.0;
T02567;2;D2010;dining_chair;oak;4;156.43;131.46;86.04;2015-08-20;DINI;S04;1;21.52;0.1376;A
T02568;1;B3020;headboard;harmony;1;280.47;235.69;154.26;2016-11-09;BEDR;S01;0;0.0;0.0;
T02568;2;D2012;dining_chair;leather;4;197.25;165.76;108.49;2016-11-09;DINI;S01;0;0.0;0.0;
T02569;1;D2001;dining_table;oak;1;930.75;782.15;511.91;2015-12-20;DINI;S04;0;0.0;0.0;
T02569;2;D2010;dining_chair;oak;6;154.52;129.85;84.98;2015-12-20;DINI;S04;0;0.0;0.0;
T02569;3;D2020;sideboard;oak;1;626.39;526.38;344.52;2015-12-20;DINI;S04;0;0.0;0.0;
T02570;1;D2020;sideboard;oak;1;636.93;535.24;350.31;2016-02-27;DINI;S04;0;0.0;0.0;
T02570;2;S8020;shoe_rack;compact;1;107.24;90.12;58.98;2016-02-27;STOR;S02;0;0.0;0.0;
T02571;1;B3040;wardrobe;harmony;1;1141.63;959.35;627.9;2016-10-05;BEDR;S01;0;0.0;0.0;
T02571;2;D2003;dining_table;kompakt;1;576.96;484.84;317.33;2016-10-05;DINI;S02;0;0.0;0.0;
T02571;3;D2011;dining_chair;fabric;2;116.35;97.77;63.99;2016-10-05;DINI;S03;0;0.0;0.0;
T02571;4;D2030;table_extension;oak;1;117.93;99.1;64.86;2016-10-05;DINI;S04;0;0.0;0.0;
T02571;5;D2020;sideboard;oak;1;644.39;541.5;354.41;2016-10-05;DINI;S04;0;0.0;0.0;
T02572;1;B3003;bed;kompakt;1;751.38;631.41;413.26;2016-09-21;BEDR;S02;0;0.0;0.0;
T02572;2;B3010;mattress;comfort;1;574.18;482.51;315.8;2016-09-21;BEDR;S06;0;0.0;0.0;
T02573;1;K9001;kitchen_table;oak;1;458.89;385.63;252.39;2016-07-02;KITC;S04;0;0.0;0.0;
T02573;2;K9010;kitchen_chair;oak;4;116.28;97.71;63.95;2016-07-02;KITC;S04;0;0.0;0.0;
T02573;3;L1040;ottoman;luna;1;219.61;184.55;120.79;2016-07-02;LIVI;S03;0;0.0;0.0;
T02574;1;G5001;floor_lamp;luna;1;122.07;102.58;67.14;2016-01-18;LIGH;S03;0;0.0;0.0;
T02575;1;D2010;dining_chair;oak;4;153.72;129.18;84.55;2015-12-27;DINI;S04;0;0.0;0.0;
T02576;1;K9002;kitchen_table;kompakt;1;285.24;239.7;156.88;2016-11-21;KITC;S02;0;0.0;0.0;
T02576;2;K9011;kitchen_chair;fabric;4;98.22;82.54;54.02;2016-11-21;KITC;S03;0;0.0;0.0;
T02576;3;L1041;ottoman;kompakt;1;159.45;133.99;87.7;2016-11-21;LIVI;S02;0;0.0;0.0;
T02577;1;C7002;mirror;framed;1;174.7;146.8;96.08;2017-05-12;DECO;S05;0;0.0;0.0;
T02577;2;G5010;table_lamp;luna;2;82.13;69.01;45.17;2017-05-12;LIGH;S03;0;0.0;0.0;
T02578;1;B3010;mattress;comfort;1;588.53;494.56;323.69;2017-03-17;BEDR;S06;0;0.0;0.0;
T02579;1;B3003;bed;kompakt;1;728.32;612.04;400.58;2015-12-05;BEDR;S02;0;0.0;0.0;
T02579;2;B3011;mattress;premium;1;930.89;782.26;511.99;2015-12-05;BEDR;S06;0;0.0;0.0;
T02580;1;G5020;ceiling_light;modern;1;166.52;139.93;91.59;2015-08-04;LIGH;S05;0;0.0;0.0;
T02581;1;L1021;coffee_table;glass;1;272.04;228.6;149.62;2015-10-21;LIVI;S04;0;0.0;0.0;
T02581;2;L1011;armchair;luna;1;471.13;395.91;259.12;2015-10-21;LIVI;S03;0;0.0;0.0;
T02582;1;G5011;table_lamp;modern;2;47.26;39.71;25.99;2016-06-15;LIGH;S05;0;0.0;0.0;
T02583;1;L1002;sofa;milano;1;1835.73;1542.63;1009.65;2015-08-04;LIVI;S01;0;0.0;0.0;
T02583;2;L1020;coffee_table;oak;1;353.88;297.38;194.63;2015-08-04;LIVI;S04;0;0.0;0.0;
T02583;3;L1010;armchair;harmony;1;593.76;498.96;326.57;2015-08-04;LIVI;S01;0;0.0;0.0;
T02584;1;K9011;kitchen_chair;fabric;4;102.31;85.97;56.27;2017-02-10;KITC;S03;0;0.0;0.0;
T02585;1;L1021;coffee_table;glass;1;285.34;239.79;156.94;2017-01-22;LIVI;S04;0;0.0;0.0;
T02586;1;G5030;led_strip;smart;1;40.07;33.67;22.04;2015-12-13;LIGH;S08;0;0.0;0.0;
T02587;1;E6020;speakers;stereo;1;182.15;153.07;100.18;2015-08-13;ELEC;S08;0;0.0;0.0;
T02588;1;D2030;table_extension;oak;1;115.48;97.04;63.52;2017-06-22;DINI;S04;0;0.0;0.0;
T02589;1;B3002;bed;milano;1;1587.7;1334.2;873.24;2016-11-05;BEDR;S01;2;175.9;0.1108;K
T02589;2;C7002;mirror;framed;1;173.95;146.18;95.67;2016-11-05;DECO;S05;0;0.0;0.0;
T02590;1;G5011;table_lamp;modern;1;48.42;40.69;26.63;2017-05-05;LIGH;S05;0;0.0;0.0;
T02591;1;U1002;garden_chair;metal;1;91.35;76.77;50.25;2015-12-19;OUTD;S09;0;0.0;0.0;
T02592;1;O4020;bookshelf;oak;1;241.61;203.03;132.89;2016-11-28;OFFI;S04;0;0.0;0.0;
T02593;1;C7002;mirror;framed;1;165.15;138.78;90.83;2016-12-10;DECO;S05;0;0.0;0.0;
T02593;2;L1001;sofa;harmony;1;1256.83;1056.16;691.25;2016-12-10;LIVI;S01;0;0.0;0.0;
T02594;1;O4020;bookshelf;oak;1;243.88;204.94;134.13;2015-11-17;OFFI;S04;0;0.0;0.0;
T02595;1;D2010;dining_chair;oak;6;150.33;126.32;82.68;2017-01-24;DINI;S04;0;0.0;0.0;
T02596;1;B3040;wardrobe;harmony;1;1087.31;913.71;598.02;2016-07-12;BEDR;S01;2;177.55;0.1633;K
T02596;2;L1002;sofa;milano;1;1796.28;1509.48;987.96;2016-07-12;LIVI;S01;0;0.0;0.0;
T02597;1;G5001;floor_lamp;luna;1;118.16;99.29;64.99;2016-07-31;LIGH;S03;0;0.0;0.0;
T02598;1;K9011;kitchen_chair;fabric;2;97.77;82.16;53.77;2015-10-03;KITC;S03;0;0.0;0.0;
T02599;1;C7010;vase;ceramic;1;40.25;33.82;22.14;2016-08-20;DECO;S05;0;0.0;0.0;
T02600;1;C7030;curtain;linen;1;81.93;68.84;45.06;2016-03-14;DECO;S05;1;10.81;0.1319;M
T02601;1;B3040;wardrobe;harmony;1;1047.11;879.92;575.91;2015-07-15;BEDR;S01;0;0.0;0.0;
T02601;2;O4001;desk;oak;1;394.63;331.62;217.05;2015-07-15;OFFI;S04;0;0.0;0.0;
T02601;3;O4010;office_chair;ergo;1;332.16;279.12;182.69;2015-07-15;OFFI;S07;1;35.09;0.1056;B
T02601;4;O4020;bookshelf;oak;1;255.96;215.09;140.78;2015-07-15;OFFI;S04;0;0.0;0.0;
T02602;1;B3003;bed;kompakt;1;729.06;612.66;400.99;2016-10-15;BEDR;S02;0;0.0;0.0;
T02602;2;B3010;mattress;comfort;1;574.46;482.74;315.95;2016-10-15;BEDR;S06;0;0.0;0.0;
T02602;3;B3020;headboard;harmony;1;289.21;243.03;159.07;2016-10-15;BEDR;S01;0;0.0;0.0;
T02603;1;B3020;headboard;harmony;1;265.37;223.0;145.95;2016-03-01;BEDR;S01;0;0.0;0.0;
T02604;1;O4011;office_chair;basic;1;172.5;144.96;94.88;2016-11-26;OFFI;S07;0;0.0;0.0;
T02605;1;L1001;sofa;harmony;1;1201.82;1009.94;661.0;2017-05-10;LIVI;S01;0;0.0;0.0;
T02606;1;D2011;dining_chair;fabric;4;115.83;97.34;63.71;2016-01-02;DINI;S03;0;0.0;0.0;
T02607;1;B3002;bed;milano;1;1672.06;1405.09;919.63;2016-04-07;BEDR;S01;0;0.0;0.0;
T02608;1;U1020;parasol;basic;1;115.78;97.29;63.68;2016-05-26;OUTD;S09;0;0.0;0.0;
T02608;2;D2010;dining_chair;oak;6;146.12;122.79;80.37;2016-05-26;DINI;S04;0;0.0;0.0;
T02609;1;S8001;dresser;harmony;1;387.11;325.3;212.91;2016-11-02;STOR;S01;0;0.0;0.0;
T02609;2;L1003;sofa;kompakt;1;823.64;692.13;453.0;2016-11-02;LIVI;S02;0;0.0;0.0;
T02610;1;L1003;sofa;kompakt;1;806.08;677.37;443.34;2016-07-29;LIVI;S02;0;0.0;0.0;
T02611;1;L1030;side_table;oak;1;116.64;98.02;64.15;2016-07-02;LIVI;S04;0;0.0;0.0;
T02611;2;D2010;dining_chair;oak;4;150.13;126.16;82.57;2016-07-02;DINI;S04;0;0.0;0.0;
T02612;1;G5020;ceiling_light;modern;1;168.69;141.76;92.78;2016-04-25;LIGH;S05;0;0.0;0.0;
T02613;1;K9010;kitchen_chair;oak;6;114.9;96.56;63.2;2017-03-16;KITC;S04;0;0.0;0.0;
T02614;1;E6002;tv;smart65;1;1228.03;1031.96;675.42;2016-07-16;ELEC;S08;0;0.0;0.0;
T02615;1;L1003;sofa;kompakt;1;809.56;680.3;445.26;2017-01-18;LIVI;S02;0;0.0;0.0;
T02615;2;L1021;coffee_table;glass;1;290.75;244.33;159.91;2017-01-18;LIVI;S04;0;0.0;0.0;
T02616;1;D2010;dining_chair;oak;2;150.76;126.69;82.92;2016-07-18;DINI;S04;2;9.33;0.0619;A
T02617;1;G5020;ceiling_light;modern;1;171.56;144.17;94.36;2016-04-09;LIGH;S05;0;0.0;0.0;
T02618;1;B3030;nightstand;harmony;2;173.12;145.48;95.22;2016-11-14;BEDR;S01;0;0.0;0.0;
T02619;1;K9020;bar_stool;oak;1;135.35;113.74;74.44;2016-01-12;KITC;S04;1;10.07;0.0744;A
T02620;1;L1020;coffee_table;oak;1;345.31;290.17;189.92;2016-12-31;LIVI;S04;2;47.28;0.1369;A
T02620;2;L1050;rug;berber;1;179.56;150.89;98.76;2016-12-31;LIVI;S05;0;0.0;0.0;
T02621;1;D2010;dining_chair;oak;4;155.29;130.49;85.41;2016-01-09;DINI;S04;0;0.0;0.0;
T02622;1;O4001;desk;oak;1;412.43;346.58;226.84;2017-01-23;OFFI;S04;0;0.0;0.0;
T02622;2;O4011;office_chair;basic;1;175.88;147.8;96.73;2017-01-23;OFFI;S07;0;0.0;0.0;
T02623;1;D2001;dining_table;oak;1;921.44;774.32;506.79;2017-05-06;DINI;S04;1;121.39;0.1317;A
T02623;2;D2010;dining_chair;oak;2;151.42;127.24;83.28;2017-05-06;DINI;S04;0;0.0;0.0;
T02624;1;U1010;garden_table;rattan;1;284.48;239.06;156.47;2016-06-26;OUTD;S09;0;0.0;0.0;
T02624;2;U1002;garden_chair;metal;2;90.59;76.12;49.82;2016-06-26;OUTD;S09;0;0.0;0.0;
T02624;3;U1020;parasol;basic;1;115.05;96.68;63.28;2016-06-26;OUTD;S09;0;0.0;0.0;
T02625;1;L1001;sofa;harmony;1;1184.76;995.59;651.62;2015-10-20;LIVI;S01;0;0.0;0.0;
T02625;2;L1010;armchair;harmony;1;605.12;508.5;332.82;2015-10-20;LIVI;S01;0;0.0;0.0;
T02626;1;S8020;shoe_rack;compact;1;108.67;91.32;59.77;2015-11-14;STOR;S02;0;0.0;0.0;
T02627;1;K9021;bar_stool;metal;1;113.58;95.44;62.47;2015-09-23;KITC;S07;0;0.0;0.0;
T02627;2;D2001;dining_table;oak;1;885.5;744.12;487.02;2015-09-23;DINI;S04;1;122.61;0.1385;A
T02627;3;D2010;dining_chair;oak;2;148.75;125.0;81.81;2015-09-23;DINI;S04;1;17.41;0.1171;M
T02628;1;G5020;ceiling_light;modern;1;165.84;139.36;91.21;2016-10-08;LIGH;S05;0;0.0;0.0;
T02628;2;O4001;desk;oak;1;397.01;333.63;218.36;2016-10-08;OFFI;S04;2;40.82;0.1028;A
T02628;3;O4010;office_chair;ergo;1;350.92;294.89;193.01;2016-10-08;OFFI;S07;0;0.0;0.0;
T02628;4;B3031;nightstand;kompakt;2;113.4;95.29;62.37;2016-10-08;BEDR;S02;0;0.0;0.0;
T02629;1;E6020;speakers;stereo;1;178.99;150.42;98.45;2016-12-06;ELEC;S08;2;16.59;0.0927;K
T02630;1;L1040;ottoman;luna;1;219.67;184.6;120.82;2017-04-22;LIVI;S03;0;0.0;0.0;
T02631;1;G5031;led_strip;basic;1;19.34;16.25;10.64;2016-11-06;LIGH;S08;0;0.0;0.0;
T02632;1;G5031;led_strip;basic;1;18.72;15.73;10.29;2017-04-03;LIGH;S08;0;0.0;0.0;
T02632;2;O4011;office_chair;basic;1;177.93;149.52;97.86;2017-04-03;OFFI;S07;0;0.0;0.0;
T02633;1;B3002;bed;milano;1;1592.18;1337.96;875.7;2016-11-07;BEDR;S01;0;0.0;0.0;
T02633;2;B3011;mattress;premium;1;911.12;765.65;501.12;2016-11-07;BEDR;S06;0;0.0;0.0;
T02633;3;U1001;garden_chair;rattan;4;124.34;104.48;68.39;2016-11-07;OUTD;S09;0;0.0;0.0;
T02633;4;K9001;kitchen_table;oak;1;467.14;392.56;256.93;2016-11-07;KITC;S04;0;0.0;0.0;
T02633;5;K9010;kitchen_chair;oak;2;122.73;103.14;67.5;2016-11-07;KITC;S04;0;0.0;0.0;
T02634;1;L1040;ottoman;luna;1;228.88;192.33;125.88;2016-04-29;LIVI;S03;0;0.0;0.0;
T02634;2;B3010;mattress;comfort;1;583.24;490.12;320.78;2016-04-29;BEDR;S06;0;0.0;0.0;
T02634;3;B3020;headboard;harmony;1;279.63;234.98;153.8;2016-04-29;BEDR;S01;0;0.0;0.0;
T02635;1;S8001;dresser;harmony;1;382.01;321.02;210.1;2016-11-20;STOR;S01;0;0.0;0.0;
T02636;1;B3031;nightstand;kompakt;2;117.07;98.37;64.39;2015-08-17;BEDR;S02;0;0.0;0.0;
T02637;1;L1020;coffee_table;oak;1;336.4;282.68;185.02;2016-05-16;LIVI;S04;0;0.0;0.0;
T02638;1;L1050;rug;berber;1;189.99;159.66;104.5;2015-09-18;LIVI;S05;0;0.0;0.0;
T02638;2;B3010;mattress;comfort;1;592.79;498.15;326.04;2015-09-18;BEDR;S06;0;0.0;0.0;
T02639;1;O4002;desk;compact;1;259.1;217.73;142.51;2016-11-12;OFFI;S02;0;0.0;0.0;
T02639;2;O4010;office_chair;ergo;1;334.96;281.48;184.23;2016-11-12;OFFI;S07;0;0.0;0.0;
T02639;3;L1010;armchair;harmony;1;624.94;525.16;343.72;2016-11-12;LIVI;S01;0;0.0;0.0;
T02640;1;C7010;vase;ceramic;1;38.48;32.33;21.16;2016-04-05;DECO;S05;0;0.0;0.0;
T02641;1;B3002;bed;milano;1;1598.41;1343.2;879.13;2016-04-21;BEDR;S01;0;0.0;0.0;
T02641;2;B3010;mattress;comfort;1;589.56;495.43;324.26;2016-04-21;BEDR;S06;0;0.0;0.0;
T02642;1;E6001;tv;smart55;1;813.47;683.59;447.41;2016-12-01;ELEC;S08;0;0.0;0.0;
T02642;2;E6010;soundbar;compact;1;246.73;207.33;135.7;2016-12-01;ELEC;S08;0;0.0;0.0;
T02642;3;E6020;speakers;stereo;1;180.73;151.88;99.4;2016-12-01;ELEC;S08;0;0.0;0.0;
T02643;1;S8010;cabinet;oak;1;552.04;463.9;303.62;2017-01-25;STOR;S04;0;0.0;0.0;
T02643;2;K9010;kitchen_chair;oak;4;115.42;96.99;63.48;2017-01-25;KITC;S04;0;0.0;0.0;
T02644;1;K9020;bar_stool;oak;1;132.77;111.57;73.02;2017-02-18;KITC;S04;0;0.0;0.0;
T02645;1;D2031;table_extension;walnut;1;149.08;125.27;81.99;2016-05-28;DINI;S04;0;0.0;0.0;
T02646;1;L1001;sofa;harmony;1;1248.97;1049.56;686.93;2015-10-26;LIVI;S01;0;0.0;0.0;
T02646;2;L1010;armchair;harmony;1;582.08;489.15;320.15;2015-10-26;LIVI;S01;0;0.0;0.0;
T02647;1;L1001;sofa;harmony;1;1247.77;1048.55;686.27;2016-10-26;LIVI;S01;1;69.65;0.0558;A
T02648;1;B3002;bed;milano;1;1519.87;1277.2;835.93;2015-07-31;BEDR;S01;0;0.0;0.0;
T02648;2;B3010;mattress;comfort;1;595.81;500.68;327.7;2015-07-31;BEDR;S06;0;0.0;0.0;
T02648;3;B3031;nightstand;kompakt;2;113.46;95.34;62.4;2015-07-31;BEDR;S02;0;0.0;0.0;
T02648;4;B3020;headboard;harmony;1;268.37;225.52;147.6;2015-07-31;BEDR;S01;0;0.0;0.0;
T02649;1;K9011;kitchen_chair;fabric;4;95.64;80.37;52.6;2015-11-16;KITC;S03;0;0.0;0.0;
T02649;2;B3001;bed;harmony;1;1061.68;892.17;583.92;2015-11-16;BEDR;S01;0;0.0;0.0;
T02649;3;B3011;mattress;premium;1;912.27;766.61;501.75;2015-11-16;BEDR;S06;0;0.0;0.0;
T02649;4;B3030;nightstand;harmony;2;178.53;150.02;98.19;2015-11-16;BEDR;S01;0;0.0;0.0;
T02650;1;B3020;headboard;harmony;1;270.75;227.52;148.91;2017-02-25;BEDR;S01;0;0.0;0.0;
T02651;1;G5011;table_lamp;modern;2;50.52;42.45;27.79;2016-10-10;LIGH;S05;0;0.0;0.0;
T02652;1;O4010;office_chair;ergo;1;365.21;306.9;200.86;2017-04-30;OFFI;S07;0;0.0;0.0;
T02653;1;L1003;sofa;kompakt;1;825.51;693.71;454.03;2015-10-27;LIVI;S02;0;0.0;0.0;
T02654;1;L1051;rug;shaggy;1;308.13;258.94;169.47;2015-10-31;LIVI;S05;0;0.0;0.0;
T02655;1;B3002;bed;milano;1;1612.74;1355.24;887.01;2017-04-23;BEDR;S01;0;0.0;0.0;
T02656;1;L1021;coffee_table;glass;1;278.88;234.35;153.38;2016-02-12;LIVI;S04;0;0.0;0.0;
T02656;2;B3002;bed;milano;1;1525.58;1282.0;839.07;2016-02-12;BEDR;S01;0;0.0;0.0;
T02656;3;B3011;mattress;premium;1;924.16;776.6;508.29;2016-02-12;BEDR;S06;1;79.01;0.0855;B
T02656;4;B3020;headboard;harmony;1;276.19;232.09;151.9;2016-02-12;BEDR;S01;0;0.0;0.0;
T02657;1;S8001;dresser;harmony;1;395.15;332.06;217.33;2016-02-28;STOR;S01;0;0.0;0.0;
T02657;2;B3031;nightstand;kompakt;2;115.84;97.34;63.71;2016-02-28;BEDR;S02;0;0.0;0.0;
T02657;3;D2001;dining_table;oak;1;890.58;748.38;489.82;2016-02-28;DINI;S04;0;0.0;0.0;
T02657;4;D2010;dining_chair;oak;2;143.51;120.59;78.93;2016-02-28;DINI;S04;1;19.23;0.134;M
T02657;5;D2030;table_extension;oak;1;116.47;97.87;64.06;2016-02-28;DINI;S04;0;0.0;0.0;
T02657;6;D2020;sideboard;oak;1;640.16;537.95;352.09;2016-02-28;DINI;S04;0;0.0;0.0;
T02658;1;E6030;dvd_player;basic;1;69.09;58.06;38.0;2016-01-24;ELEC;S08;0;0.0;0.0;
T02658;2;L1030;side_table;oak;1;114.12;95.9;62.77;2016-01-24;LIVI;S04;0;0.0;0.0;
T02659;1;L1003;sofa;kompakt;1;770.27;647.28;423.65;2016-10-17;LIVI;S02;1;105.95;0.1375;M
T02660;1;D2031;table_extension;walnut;1;155.84;130.96;85.71;2015-09-29;DINI;S04;0;0.0;0.0;
T02661;1;E6011;soundbar;premium;1;409.05;343.74;224.98;2017-01-21;ELEC;S08;0;0.0;0.0;
T02661;2;D2002;dining_table;walnut;1;1323.26;1111.98;727.79;2017-01-21;DINI;S04;0;0.0;0.0;
T02661;3;D2011;dining_chair;fabric;2;121.62;102.21;66.89;2017-01-21;DINI;S03;0;0.0;0.0;
T02661;4;D2030;table_extension;oak;1;114.73;96.41;63.1;2017-01-21;DINI;S04;0;0.0;0.0;
T02662;1;E6002;tv;smart65;1;1238.27;1040.57;681.05;2015-09-10;ELEC;S08;0;0.0;0.0;
T02663;1;C7001;mirror;round;1;115.72;97.24;63.65;2016-06-03;DECO;S05;1;10.51;0.0908;B
T02663;2;B3010;mattress;comfort;1;621.63;522.38;341.9;2016-06-03;BEDR;S06;0;0.0;0.0;
T02664;1;L1001;sofa;harmony;1;1185.73;996.41;652.15;2016-02-06;LIVI;S01;0;0.0;0.0;
T02665;1;G5011;table_lamp;modern;1;48.32;40.6;26.57;2017-03-21;LIGH;S05;0;0.0;0.0;
T02666;1;C7001;mirror;round;1;119.91;100.76;65.95;2016-11-30;DECO;S05;0;0.0;0.0;
T02667;1;B3031;nightstand;kompakt;2;113.41;95.3;62.37;2015-07-01;BEDR;S02;0;0.0;0.0;
T02668;1;S8001;dresser;harmony;1;368.74;309.87;202.81;2016-03-14;STOR;S01;0;0.0;0.0;
T02669;1;K9002;kitchen_table;kompakt;1;307.4;258.32;169.07;2017-05-08;KITC;S02;0;0.0;0.0;
T02669;2;K9010;kitchen_chair;oak;6;117.89;99.06;64.84;2017-05-08;KITC;S04;0;0.0;0.0;
T02670;1;B3030;nightstand;harmony;1;175.64;147.59;96.6;2015-09-29;BEDR;S01;0;0.0;0.0;
T02671;1;C7020;picture_frame;wood;2;19.33;16.24;10.63;2016-01-29;DECO;S05;0;0.0;0.0;
T02672;1;S8020;shoe_rack;compact;1;108.81;91.44;59.84;2016-09-04;STOR;S02;0;0.0;0.0;
T02673;1;K9021;bar_stool;metal;1;106.83;89.77;58.75;2016-07-23;KITC;S07;1;15.93;0.1491;B
T02673;2;B3003;bed;kompakt;1;720.74;605.67;396.41;2016-07-23;BEDR;S02;2;54.53;0.0757;A
T02673;3;B3010;mattress;comfort;1;615.26;517.03;338.39;2016-07-23;BEDR;S06;0;0.0;0.0;
T02673;4;B3030;nightstand;harmony;1;174.71;146.81;96.09;2016-07-23;BEDR;S01;0;0.0;0.0;
T02674;1;L1041;ottoman;kompakt;1;162.05;136.17;89.13;2017-04-13;LIVI;S02;2;17.56;0.1084;K
T02675;1;L1002;sofa;milano;1;1878.4;1578.48;1033.12;2017-01-15;LIVI;S01;0;0.0;0.0;
T02676;1;E6020;speakers;stereo;1;186.53;156.75;102.59;2017-01-16;ELEC;S08;0;0.0;0.0;
T02676;2;D2010;dining_chair;oak;6;146.95;123.49;80.82;2017-01-16;DINI;S04;0;0.0;0.0;
T02677;1;U1001;garden_chair;rattan;2;114.39;96.12;62.91;2016-04-29;OUTD;S09;0;0.0;0.0;
T02678;1;B3001;bed;harmony;1;1090.93;916.75;600.01;2016-02-16;BEDR;S01;0;0.0;0.0;
T02678;2;G5020;ceiling_light;modern;1;164.1;137.9;90.26;2016-02-16;LIGH;S05;0;0.0;0.0;
T02679;1;O4002;desk;compact;1;249.62;209.77;137.29;2016-05-08;OFFI;S02;0;0.0;0.0;
T02679;2;O4011;office_chair;basic;1;185.5;155.88;102.02;2016-05-08;OFFI;S07;0;0.0;0.0;
T02679;3;O4020;bookshelf;oak;1;257.29;216.21;141.51;2016-05-08;OFFI;S04;0;0.0;0.0;
T02679;4;C7001;mirror;round;1;119.65;100.54;65.81;2016-05-08;DECO;S05;0;0.0;0.0;
T02680;1;G5011;table_lamp;modern;1;46.76;39.3;25.72;2016-07-13;LIGH;S05;0;0.0;0.0;
T02680;2;L1050;rug;berber;1;184.09;154.7;101.25;2016-07-13;LIVI;S05;0;0.0;0.0;
T02681;1;G5031;led_strip;basic;1;18.21;15.3;10.02;2017-02-05;LIGH;S08;0;0.0;0.0;
T02681;2;D2030;table_extension;oak;1;117.71;98.91;64.74;2017-02-05;DINI;S04;0;0.0;0.0;
T02682;1;B3020;headboard;harmony;1;286.64;240.87;157.65;2016-03-17;BEDR;S01;0;0.0;0.0;
T02682;2;B3001;bed;harmony;1;1108.0;931.1;609.4;2016-03-17;BEDR;S01;2;139.3;0.1257;K
T02682;3;B3030;nightstand;harmony;2;173.77;146.03;95.57;2016-03-17;BEDR;S01;0;0.0;0.0;
T02682;4;L1040;ottoman;luna;1;226.76;190.56;124.72;2016-03-17;LIVI;S03;0;0.0;0.0;
T02683;1;D2012;dining_chair;leather;1;195.17;164.01;107.34;2015-09-24;DINI;S01;0;0.0;0.0;
T02684;1;L1002;sofa;milano;1;1866.69;1568.65;1026.68;2017-06-26;LIVI;S01;0;0.0;0.0;
T02684;2;L1020;coffee_table;oak;1;363.58;305.53;199.97;2017-06-26;LIVI;S04;0;0.0;0.0;
T02684;3;L1040;ottoman;luna;1;219.62;184.55;120.79;2017-06-26;LIVI;S03;0;0.0;0.0;
T02685;1;D2031;table_extension;walnut;1;142.36;119.63;78.3;2016-01-02;DINI;S04;0;0.0;0.0;
T02685;2;L1003;sofa;kompakt;1;816.83;686.41;449.26;2016-01-02;LIVI;S02;0;0.0;0.0;
T02686;1;L1021;coffee_table;glass;1;266.1;223.61;146.35;2016-11-06;LIVI;S04;0;0.0;0.0;
T02686;2;L1010;armchair;harmony;1;603.93;507.5;332.16;2016-11-06;LIVI;S01;0;0.0;0.0;
T02686;3;D2002;dining_table;walnut;1;1282.78;1077.97;705.53;2016-11-06;DINI;S04;0;0.0;0.0;
T02686;4;D2010;dining_chair;oak;6;153.25;128.78;84.29;2016-11-06;DINI;S04;1;18.91;0.1234;M
T02686;5;D2030;table_extension;oak;1;122.92;103.29;67.6;2016-11-06;DINI;S04;2;14.51;0.118;A
T02687;1;L1003;sofa;kompakt;1;802.07;674.01;441.14;2017-04-23;LIVI;S02;1;67.85;0.0846;B
T02687;2;L1020;coffee_table;oak;1;356.05;299.2;195.83;2017-04-23;LIVI;S04;0;0.0;0.0;
T02688;1;C7030;curtain;linen;1;75.1;63.11;41.31;2016-02-17;DECO;S05;1;4.09;0.0544;B
T02689;1;D2012;dining_chair;leather;6;197.4;165.88;108.57;2016-11-09;DINI;S01;0;0.0;0.0;
T02690;1;L1001;sofa;harmony;1;1185.88;996.54;652.23;2017-01-01;LIVI;S01;0;0.0;0.0;
T02690;2;L1020;coffee_table;oak;1;362.52;304.64;199.38;2017-01-01;LIVI;S04;0;0.0;0.0;
T02691;1;U1001;garden_chair;rattan;2;121.69;102.26;66.93;2017-01-02;OUTD;S09;0;0.0;0.0;
T02692;1;K9001;kitchen_table;oak;1;458.73;385.49;252.3;2015-11-04;KITC;S04;0;0.0;0.0;
T02693;1;C7010;vase;ceramic;1;39.16;32.91;21.54;2016-09-23;DECO;S05;0;0.0;0.0;
T02694;1;L1011;armchair;luna;1;456.89;383.94;251.29;2016-03-08;LIVI;S03;0;0.0;0.0;
T02695;1;U1001;garden_chair;rattan;1;113.32;95.23;62.33;2016-12-14;OUTD;S09;0;0.0;0.0;
T02696;1;C7010;vase;ceramic;3;39.16;32.91;21.54;2016-10-25;DECO;S05;0;0.0;0.0;
T02697;1;L1021;coffee_table;glass;1;274.92;231.02;151.2;2015-09-12;LIVI;S04;0;0.0;0.0;
T02698;1;D2020;sideboard;oak;1;680.24;571.63;374.13;2016-12-26;DINI;S04;0;0.0;0.0;
T02699;1;L1030;side_table;oak;1;116.67;98.04;64.17;2016-08-24;LIVI;S04;0;0.0;0.0;
T02700;1;G5001;floor_lamp;luna;1;113.6;95.46;62.48;2017-01-26;LIGH;S03;0;0.0;0.0;
T02700;2;L1040;ottoman;luna;1;212.81;178.83;117.04;2017-01-26;LIVI;S03;0;0.0;0.0;
T02701;1;B3020;headboard;harmony;1;290.23;243.89;159.62;2016-09-28;BEDR;S01;0;0.0;0.0;
T02701;2;L1041;ottoman;kompakt;1;166.67;140.06;91.67;2016-09-28;LIVI;S02;0;0.0;0.0;
T02702;1;B3001;bed;harmony;1;1071.52;900.44;589.34;2017-04-16;BEDR;S01;0;0.0;0.0;
T02702;2;G5001;floor_lamp;luna;1;124.85;104.91;68.67;2017-04-16;LIGH;S03;1;7.97;0.0638;M
T02703;1;L1020;coffee_table;oak;1;341.68;287.13;187.92;2017-03-01;LIVI;S04;0;0.0;0.0;
T02704;1;L1011;armchair;luna;1;439.2;369.08;241.56;2015-11-27;LIVI;S03;0;0.0;0.0;
T02704;2;K9021;bar_stool;metal;1;109.32;91.87;60.13;2015-11-27;KITC;S07;0;0.0;0.0;
T02705;1;O4010;office_chair;ergo;1;362.82;304.89;199.55;2015-08-13;OFFI;S07;0;0.0;0.0;
T02706;1;L1040;ottoman;luna;1;217.55;182.82;119.65;2016-12-16;LIVI;S03;0;0.0;0.0;
T02706;2;L1020;coffee_table;oak;1;344.31;289.34;189.37;2016-12-16;LIVI;S04;0;0.0;0.0;
T02706;3;L1003;sofa;kompakt;1;759.51;638.25;417.73;2016-12-16;LIVI;S02;0;0.0;0.0;
T02707;1;C7010;vase;ceramic;1;40.34;33.9;22.19;2016-11-15;DECO;S05;1;4.88;0.1211;M
T02707;2;D2011;dining_chair;fabric;4;113.92;95.73;62.66;2016-11-15;DINI;S03;0;0.0;0.0;
T02708;1;B3001;bed;harmony;1;1068.91;898.24;587.9;2016-10-24;BEDR;S01;0;0.0;0.0;
T02708;2;B3010;mattress;comfort;1;627.74;527.51;345.26;2016-10-24;BEDR;S06;0;0.0;0.0;
T02709;1;S8001;dresser;harmony;1;383.66;322.41;211.01;2015-07-01;STOR;S01;0;0.0;0.0;
T02710;1;K9001;kitchen_table;oak;1;427.65;359.37;235.21;2016-01-09;KITC;S04;0;0.0;0.0;
T02710;2;K9011;kitchen_chair;fabric;6;101.27;85.1;55.7;2016-01-09;KITC;S03;2;9.51;0.0939;K
T02710;3;C7002;mirror;framed;1;173.87;146.11;95.63;2016-01-09;DECO;S05;0;0.0;0.0;
T02711;1;E6001;tv;smart55;1;775.72;651.86;426.65;2016-06-01;ELEC;S08;1;49.8;0.0642;M
T02711;2;E6011;soundbar;premium;1;395.9;332.69;217.74;2016-06-01;ELEC;S08;0;0.0;0.0;
T02712;1;G5011;table_lamp;modern;1;48.11;40.43;26.46;2016-02-04;LIGH;S05;0;0.0;0.0;
T02713;1;S8010;cabinet;oak;1;526.95;442.82;289.83;2017-06-10;STOR;S04;1;27.3;0.0518;B
T02714;1;B3020;headboard;harmony;1;269.99;226.88;148.5;2015-07-03;BEDR;S01;2;47.7;0.1767;A
T02715;1;G5031;led_strip;basic;1;19.64;16.5;10.8;2017-01-09;LIGH;S08;0;0.0;0.0;
T02716;1;D2011;dining_chair;fabric;1;116.05;97.52;63.83;2016-05-04;DINI;S03;0;0.0;0.0;
T02717;1;B3011;mattress;premium;1;904.88;760.41;497.69;2015-09-10;BEDR;S06;0;0.0;0.0;
T02718;1;D2003;dining_table;kompakt;1;600.92;504.97;330.5;2015-08-31;DINI;S02;0;0.0;0.0;
T02718;2;D2011;dining_chair;fabric;6;118.27;99.39;65.05;2015-08-31;DINI;S03;1;13.63;0.1152;B
T02718;3;D2020;sideboard;oak;1;652.98;548.73;359.14;2015-08-31;DINI;S04;0;0.0;0.0;
T02719;1;L1021;coffee_table;glass;1;272.99;229.4;150.14;2016-05-11;LIVI;S04;0;0.0;0.0;
T02720;1;C7002;mirror;framed;1;165.07;138.72;90.79;2016-09-09;DECO;S05;1;18.15;0.11;A
T02720;2;D2001;dining_table;oak;1;872.5;733.2;479.88;2016-09-09;DINI;S04;0;0.0;0.0;
T02720;3;E6020;speakers;stereo;1;175.01;147.06;96.25;2016-09-09;ELEC;S08;0;0.0;0.0;
T02721;1;B3010;mattress;comfort;1;628.56;528.2;345.71;2016-12-23;BEDR;S06;0;0.0;0.0;
T02721;2;L1001;sofa;harmony;1;1170.94;983.98;644.02;2016-12-23;LIVI;S01;0;0.0;0.0;
T02721;3;L1020;coffee_table;oak;1;341.04;286.59;187.57;2016-12-23;LIVI;S04;0;0.0;0.0;
T02721;4;L1010;armchair;harmony;1;604.0;507.56;332.2;2016-12-23;LIVI;S01;1;32.21;0.0533;B
T02722;1;U1010;garden_table;rattan;1;313.29;263.27;172.31;2017-06-16;OUTD;S09;0;0.0;0.0;
T02722;2;U1001;garden_chair;rattan;2;113.15;95.08;62.23;2017-06-16;OUTD;S09;0;0.0;0.0;
T02723;1;G5010;table_lamp;luna;2;78.28;65.78;43.05;2016-10-25;LIGH;S03;0;0.0;0.0;
T02723;2;L1010;armchair;harmony;1;604.09;507.64;332.25;2016-10-25;LIVI;S01;2;98.0;0.1622;K
T02724;1;B3010;mattress;comfort;1;601.32;505.31;330.72;2016-11-14;BEDR;S06;0;0.0;0.0;
T02725;1;E6002;tv;smart65;1;1149.85;966.26;632.42;2016-11-11;ELEC;S08;0;0.0;0.0;
T02726;1;B3040;wardrobe;harmony;1;1061.79;892.26;583.99;2015-08-12;BEDR;S01;0;0.0;0.0;
T02726;2;G5020;ceiling_light;modern;1;164.07;137.87;90.24;2015-08-12;LIGH;S05;1;8.46;0.0516;M
T02727;1;B3001;bed;harmony;1;1124.7;945.13;618.59;2016-11-18;BEDR;S01;0;0.0;0.0;
T02727;2;B3010;mattress;comfort;1;577.35;485.17;317.54;2016-11-18;BEDR;S06;0;0.0;0.0;
T02727;3;O4020;bookshelf;oak;1;250.98;210.91;138.04;2016-11-18;OFFI;S04;0;0.0;0.0;
T02728;1;E6020;speakers;stereo;1;184.06;154.67;101.23;2016-07-30;ELEC;S08;0;0.0;0.0;
T02728;2;B3001;bed;harmony;1;1062.17;892.58;584.19;2016-07-30;BEDR;S01;0;0.0;0.0;
T02728;3;B3010;mattress;comfort;1;611.11;513.54;336.11;2016-07-30;BEDR;S06;0;0.0;0.0;
T02728;4;B3020;headboard;harmony;1;274.83;230.95;151.15;2016-07-30;BEDR;S01;0;0.0;0.0;
T02729;1;D2010;dining_chair;oak;2;154.92;130.19;85.21;2015-11-30;DINI;S04;0;0.0;0.0;
T02730;1;B3031;nightstand;kompakt;2;116.64;98.01;64.15;2017-05-12;BEDR;S02;0;0.0;0.0;
T02731;1;L1051;rug;shaggy;1;285.95;240.3;157.27;2016-11-03;LIVI;S05;0;0.0;0.0;
T02732;1;L1010;armchair;harmony;1;581.42;488.58;319.78;2017-05-31;LIVI;S01;0;0.0;0.0;
T02733;1;B3003;bed;kompakt;1;722.61;607.23;397.43;2015-08-20;BEDR;S02;0;0.0;0.0;
T02733;2;B3011;mattress;premium;1;914.14;768.19;502.78;2015-08-20;BEDR;S06;0;0.0;0.0;
T02733;3;B3030;nightstand;harmony;1;175.81;147.74;96.7;2015-08-20;BEDR;S01;0;0.0;0.0;
T02733;4;B3020;headboard;harmony;1;292.35;245.67;160.79;2015-08-20;BEDR;S01;0;0.0;0.0;
T02734;1;K9010;kitchen_chair;oak;4;123.33;103.64;67.83;2016-06-03;KITC;S04;0;0.0;0.0;
T02735;1;D2010;dining_chair;oak;2;153.89;129.32;84.64;2016-03-30;DINI;S04;0;0.0;0.0;
T02735;2;O4002;desk;compact;1;243.37;204.51;133.85;2016-03-30;OFFI;S02;0;0.0;0.0;
T02735;3;O4011;office_chair;basic;1;186.53;156.75;102.59;2016-03-30;OFFI;S07;0;0.0;0.0;
T02736;1;L1051;rug;shaggy;1;285.86;240.22;157.22;2015-08-14;LIVI;S05;0;0.0;0.0;
T02737;1;L1030;side_table;oak;1;115.39;96.96;63.46;2016-08-09;LIVI;S04;0;0.0;0.0;
T02738;1;G5020;ceiling_light;modern;1;164.08;137.88;90.25;2015-07-09;LIGH;S05;2;22.9;0.1395;A
T02739;1;O4001;desk;oak;1;400.89;336.88;220.49;2016-10-25;OFFI;S04;0;0.0;0.0;
T02739;2;O4020;bookshelf;oak;1;240.47;202.07;132.26;2016-10-25;OFFI;S04;0;0.0;0.0;
T02739;3;L1001;sofa;harmony;1;1224.18;1028.72;673.3;2016-10-25;LIVI;S01;0;0.0;0.0;
T02739;4;L1010;armchair;harmony;1;604.71;508.16;332.59;2016-10-25;LIVI;S01;0;0.0;0.0;
T02740;1;D2020;sideboard;oak;1;649.99;546.21;357.49;2016-01-06;DINI;S04;0;0.0;0.0;
T02740;2;B3001;bed;harmony;1;1124.73;945.15;618.6;2016-01-06;BEDR;S01;0;0.0;0.0;
T02740;3;B3011;mattress;premium;1;902.7;758.57;496.49;2016-01-06;BEDR;S06;0;0.0;0.0;
T02740;4;B3031;nightstand;kompakt;2;118.47;99.56;65.16;2016-01-06;BEDR;S02;0;0.0;0.0;
T02740;5;B3020;headboard;harmony;1;266.31;223.79;146.47;2016-01-06;BEDR;S01;1;29.08;0.1092;B
T02741;1;B3010;mattress;comfort;1;571.84;480.54;314.51;2015-10-28;BEDR;S06;0;0.0;0.0;
T02742;1;B3010;mattress;comfort;1;571.71;480.43;314.44;2016-10-04;BEDR;S06;0;0.0;0.0;
T02743;1;B3003;bed;kompakt;1;750.26;630.47;412.64;2015-08-02;BEDR;S02;1;45.71;0.0609;B
T02743;2;B3020;headboard;harmony;1;281.77;236.78;154.98;2015-08-02;BEDR;S01;0;0.0;0.0;
T02744;1;B3011;mattress;premium;1;854.18;717.8;469.8;2017-05-09;BEDR;S06;0;0.0;0.0;
T02745;1;D2012;dining_chair;leather;1;197.05;165.58;108.38;2015-07-27;DINI;S01;0;0.0;0.0;
T02746;1;E6010;soundbar;compact;1;238.44;200.37;131.14;2016-08-05;ELEC;S08;0;0.0;0.0;
T02746;2;L1001;sofa;harmony;1;1209.05;1016.01;664.98;2016-08-05;LIVI;S01;0;0.0;0.0;
T02746;3;U1010;garden_table;rattan;1;306.85;257.86;168.77;2016-08-05;OUTD;S09;2;24.86;0.081;A
T02747;1;K9001;kitchen_table;oak;1;471.14;395.92;259.13;2016-09-15;KITC;S04;0;0.0;0.0;
T02747;2;G5010;table_lamp;luna;1;76.1;63.95;41.85;2016-09-15;LIGH;S03;0;0.0;0.0;
T02748;1;C7020;picture_frame;wood;2;18.73;15.74;10.3;2016-05-09;DECO;S05;0;0.0;0.0;
T02749;1;O4001;desk;oak;1;399.38;335.61;219.66;2016-09-26;OFFI;S04;2;73.9;0.185;A
T02749;2;O4010;office_chair;ergo;1;341.81;287.24;188.0;2016-09-26;OFFI;S07;0;0.0;0.0;
T02750;1;L1051;rug;shaggy;1;310.62;261.03;170.84;2016-09-23;LIVI;S05;1;22.69;0.073;A
T02751;1;S8020;shoe_rack;compact;1;113.05;95.0;62.18;2017-01-05;STOR;S02;2;22.06;0.1952;K
T02752;1;B3001;bed;harmony;1;1132.97;952.07;623.13;2015-12-19;BEDR;S01;0;0.0;0.0;
T02752;2;B3011;mattress;premium;1;891.76;749.38;490.47;2015-12-19;BEDR;S06;0;0.0;0.0;
T02752;3;B3030;nightstand;harmony;2;184.01;154.63;101.21;2015-12-19;BEDR;S01;1;24.69;0.1342;M
T02752;4;B3020;headboard;harmony;1;277.48;233.18;152.61;2015-12-19;BEDR;S01;0;0.0;0.0;
T02753;1;G5001;floor_lamp;luna;1;120.02;100.85;66.01;2015-08-21;LIGH;S03;0;0.0;0.0;
T02753;2;B3002;bed;milano;1;1522.76;1279.63;837.52;2015-08-21;BEDR;S01;0;0.0;0.0;
T02753;3;B3011;mattress;premium;1;904.5;760.08;497.47;2015-08-21;BEDR;S06;0;0.0;0.0;
T02753;4;B3031;nightstand;kompakt;1;121.96;102.49;67.08;2015-08-21;BEDR;S02;0;0.0;0.0;
T02754;1;G5001;floor_lamp;luna;1;114.43;96.16;62.94;2016-07-21;LIGH;S03;0;0.0;0.0;
T02755;1;O4001;desk;oak;1;389.74;327.51;214.36;2015-11-05;OFFI;S04;0;0.0;0.0;
T02755;2;O4010;office_chair;ergo;1;348.84;293.14;191.86;2015-11-05;OFFI;S07;0;0.0;0.0;
T02756;1;S8010;cabinet;oak;1;559.56;470.22;307.76;2017-06-05;STOR;S04;0;0.0;0.0;
T02757;1;G5001;floor_lamp;luna;1;124.17;104.34;68.29;2015-12-18;LIGH;S03;0;0.0;0.0;
T02758;1;G5001;floor_lamp;luna;1;123.2;103.53;67.76;2016-08-18;LIGH;S03;0;0.0;0.0;
T02759;1;L1021;coffee_table;glass;1;289.11;242.95;159.01;2016-06-05;LIVI;S04;0;0.0;0.0;
T02760;1;G5010;table_lamp;luna;2;81.23;68.26;44.68;2017-04-07;LIGH;S03;0;0.0;0.0;
T02761;1;D2001;dining_table;oak;1;937.51;787.82;515.63;2017-01-20;DINI;S04;0;0.0;0.0;
T02761;2;D2012;dining_chair;leather;2;204.63;171.96;112.55;2017-01-20;DINI;S01;0;0.0;0.0;
T02761;3;O4010;office_chair;ergo;1;347.01;291.6;190.85;2017-01-20;OFFI;S07;0;0.0;0.0;
T02762;1;O4002;desk;compact;1;239.95;201.64;131.97;2017-02-14;OFFI;S02;0;0.0;0.0;
T02762;2;O4010;office_chair;ergo;1;341.41;286.9;187.78;2017-02-14;OFFI;S07;0;0.0;0.0;
T02763;1;D2020;sideboard;oak;1;680.88;572.17;374.48;2016-04-20;DINI;S04;0;0.0;0.0;
T02763;2;L1051;rug;shaggy;1;290.92;244.47;160.0;2016-04-20;LIVI;S05;0;0.0;0.0;
T02763;3;G5011;table_lamp;modern;1;51.17;43.0;28.14;2016-04-20;LIGH;S05;0;0.0;0.0;
T02764;1;O4001;desk;oak;1;402.99;338.64;221.64;2017-06-11;OFFI;S04;0;0.0;0.0;
T02764;2;O4010;office_chair;ergo;1;346.94;291.55;190.82;2017-06-11;OFFI;S07;0;0.0;0.0;
T02765;1;E6030;dvd_player;basic;1;69.06;58.04;37.98;2016-05-21;ELEC;S08;0;0.0;0.0;
T02766;1;L1002;sofa;milano;1;1773.46;1490.3;975.4;2016-03-17;LIVI;S01;0;0.0;0.0;
T02767;1;U1002;garden_chair;metal;4;85.16;71.56;46.84;2016-04-27;OUTD;S09;0;0.0;0.0;
T02768;1;D2003;dining_table;kompakt;1;573.4;481.85;315.37;2015-11-14;DINI;S02;0;0.0;0.0;
T02768;2;D2012;dining_chair;leather;4;207.32;174.22;114.03;2015-11-14;DINI;S01;0;0.0;0.0;
T02768;3;D2020;sideboard;oak;1;663.61;557.66;364.99;2015-11-14;DINI;S04;0;0.0;0.0;
T02769;1;E6001;tv;smart55;1;759.55;638.28;417.75;2015-12-28;ELEC;S08;0;0.0;0.0;
T02770;1;O4020;bookshelf;oak;1;241.87;203.25;133.03;2015-12-08;OFFI;S04;0;0.0;0.0;
T02771;1;G5020;ceiling_light;modern;1;169.78;142.68;93.38;2017-03-04;LIGH;S05;0;0.0;0.0;
T02771;2;D2001;dining_table;oak;1;885.06;743.75;486.78;2017-03-04;DINI;S04;0;0.0;0.0;
T02771;3;D2011;dining_chair;fabric;2;122.19;102.68;67.2;2017-03-04;DINI;S03;0;0.0;0.0;
T02772;1;L1021;coffee_table;glass;1;289.49;243.27;159.22;2015-08-21;LIVI;S04;0;0.0;0.0;
T02773;1;D2011;dining_chair;fabric;2;119.55;100.46;65.75;2016-09-12;DINI;S03;0;0.0;0.0;
T02773;2;K9010;kitchen_chair;oak;4;119.44;100.37;65.69;2016-09-12;KITC;S04;0;0.0;0.0;
T02773;3;B3003;bed;kompakt;1;738.24;620.37;406.03;2016-09-12;BEDR;S02;0;0.0;0.0;
T02774;1;L1003;sofa;kompakt;1;813.72;683.8;447.55;2016-07-15;LIVI;S02;0;0.0;0.0;
T02774;2;L1011;armchair;luna;1;463.44;389.45;254.89;2016-07-15;LIVI;S03;0;0.0;0.0;
T02774;3;L1050;rug;berber;1;181.15;152.22;99.63;2016-07-15;LIVI;S05;0;0.0;0.0;
T02775;1;S8020;shoe_rack;compact;1;105.8;88.9;58.19;2017-06-06;STOR;S02;0;0.0;0.0;
T02776;1;D2001;dining_table;oak;1;860.99;723.52;473.54;2017-05-12;DINI;S04;0;0.0;0.0;
T02776;2;D2012;dining_chair;leather;2;206.52;173.55;113.59;2017-05-12;DINI;S01;0;0.0;0.0;
T02776;3;D2031;table_extension;walnut;1;156.18;131.24;85.9;2017-05-12;DINI;S04;0;0.0;0.0;
T02776;4;D2020;sideboard;oak;1;632.19;531.25;347.7;2017-05-12;DINI;S04;0;0.0;0.0;
T02777;1;D2012;dining_chair;leather;2;202.24;169.95;111.23;2016-03-13;DINI;S01;0;0.0;0.0;
T02778;1;L1003;sofa;kompakt;1;817.79;687.22;449.79;2016-11-21;LIVI;S02;0;0.0;0.0;
T02779;1;C7020;picture_frame;wood;1;18.17;15.27;9.99;2017-04-26;DECO;S05;0;0.0;0.0;
T02780;1;O4030;filing_cabinet;metal;1;281.19;236.29;154.65;2016-09-15;OFFI;S07;0;0.0;0.0;
T02781;1;O4001;desk;oak;1;387.64;325.75;213.2;2016-05-23;OFFI;S04;0;0.0;0.0;
T02781;2;O4010;office_chair;ergo;1;337.62;283.72;185.69;2016-05-23;OFFI;S07;0;0.0;0.0;
T02782;1;U1020;parasol;basic;1;119.92;100.77;65.95;2015-11-27;OUTD;S09;0;0.0;0.0;
T02782;2;U1001;garden_chair;rattan;4;113.85;95.67;62.62;2015-11-27;OUTD;S09;0;0.0;0.0;
T02783;1;G5001;floor_lamp;luna;1;115.84;97.35;63.71;2015-07-13;LIGH;S03;0;0.0;0.0;
T02783;2;L1021;coffee_table;glass;1;290.13;243.81;159.57;2015-07-13;LIVI;S04;0;0.0;0.0;
T02783;3;E6020;speakers;stereo;1;182.05;152.99;100.13;2015-07-13;ELEC;S08;1;24.96;0.1371;M
T02784;1;L1040;ottoman;luna;1;209.48;176.03;115.21;2017-03-26;LIVI;S03;0;0.0;0.0;
T02784;2;O4011;office_chair;basic;1;187.12;157.24;102.91;2017-03-26;OFFI;S07;0;0.0;0.0;
T02784;3;B3031;nightstand;kompakt;2;115.67;97.2;63.62;2017-03-26;BEDR;S02;0;0.0;0.0;
T02785;1;O4002;desk;compact;1;250.26;210.3;137.64;2015-07-07;OFFI;S02;0;0.0;0.0;
T02786;1;O4010;office_chair;ergo;1;353.82;297.32;194.6;2016-11-06;OFFI;S07;0;0.0;0.0;
T02787;1;E6002;tv;smart65;1;1175.93;988.17;646.76;2016-04-02;ELEC;S08;0;0.0;0.0;
T02787;2;O4010;office_chair;ergo;1;334.59;281.17;184.02;2016-04-02;OFFI;S07;0;0.0;0.0;
T02788;1;B3003;bed;kompakt;1;759.26;638.03;417.59;2016-05-10;BEDR;S02;0;0.0;0.0;
T02788;2;B3011;mattress;premium;1;926.98;778.98;509.84;2016-05-10;BEDR;S06;0;0.0;0.0;
T02788;3;B3030;nightstand;harmony;1;179.65;150.97;98.81;2016-05-10;BEDR;S01;0;0.0;0.0;
T02788;4;G5020;ceiling_light;modern;1;169.05;142.06;92.98;2016-05-10;LIGH;S05;0;0.0;0.0;
T02788;5;D2003;dining_table;kompakt;1;600.74;504.83;330.41;2016-05-10;DINI;S02;0;0.0;0.0;
T02788;6;D2010;dining_chair;oak;2;154.28;129.65;84.85;2016-05-10;DINI;S04;0;0.0;0.0;
T02789;1;L1002;sofa;milano;1;1884.49;1583.6;1036.47;2015-07-19;LIVI;S01;0;0.0;0.0;
T02790;1;O4020;bookshelf;oak;1;250.38;210.4;137.71;2016-04-30;OFFI;S04;2;21.44;0.0856;A
T02791;1;B3010;mattress;comfort;1;611.77;514.09;336.47;2016-11-12;BEDR;S06;2;93.78;0.1533;A
T02792;1;D2003;dining_table;kompakt;1;588.07;494.18;323.44;2017-01-26;DINI;S02;0;0.0;0.0;
T02792;2;D2010;dining_chair;oak;6;143.62;120.69;78.99;2017-01-26;DINI;S04;0;0.0;0.0;
T02792;3;D2020;sideboard;oak;1;622.29;522.93;342.26;2017-01-26;DINI;S04;0;0.0;0.0;
T02793;1;D2012;dining_chair;leather;4;201.85;169.62;111.02;2017-06-21;DINI;S01;0;0.0;0.0;
T02794;1;E6011;soundbar;premium;1;392.8;330.09;216.04;2016-04-12;ELEC;S08;0;0.0;0.0;
T02794;2;L1010;armchair;harmony;1;574.45;482.73;315.95;2016-04-12;LIVI;S01;0;0.0;0.0;
T02795;1;D2003;dining_table;kompakt;1;593.62;498.84;326.49;2015-11-14;DINI;S02;0;0.0;0.0;
T02795;2;U1020;parasol;basic;1;120.8;101.51;66.44;2015-11-14;OUTD;S09;1;15.67;0.1297;B
T02796;1;E6001;tv;smart55;1;814.68;684.61;448.08;2015-08-17;ELEC;S08;0;0.0;0.0;
T02797;1;E6011;soundbar;premium;1;412.95;347.02;227.12;2017-05-30;ELEC;S08;0;0.0;0.0;
T02798;1;O4011;office_chair;basic;1;187.14;157.26;102.92;2016-02-15;OFFI;S07;1;12.91;0.069;B
T02799;1;C7020;picture_frame;wood;2;19.67;16.53;10.82;2016-10-27;DECO;S05;0;0.0;0.0;
T02800;1;L1003;sofa;kompakt;1;830.42;697.83;456.73;2016-07-01;LIVI;S02;0;0.0;0.0;
T02800;2;L1050;rug;berber;1;185.86;156.19;102.22;2016-07-01;LIVI;S05;0;0.0;0.0;
T02801;1;B3010;mattress;comfort;1;602.59;506.38;331.43;2017-05-06;BEDR;S06;2;42.92;0.0712;A
T02802;1;O4011;office_chair;basic;1;185.09;155.54;101.8;2017-05-24;OFFI;S07;0;0.0;0.0;
T02802;2;L1021;coffee_table;glass;1;265.33;222.96;145.93;2017-05-24;LIVI;S04;0;0.0;0.0;
T02802;3;G5030;led_strip;smart;1;37.5;31.51;20.62;2017-05-24;LIGH;S08;0;0.0;0.0;
T02803;1;U1002;garden_chair;metal;1;86.72;72.88;47.7;2017-05-14;OUTD;S09;0;0.0;0.0;
T02804;1;L1021;coffee_table;glass;1;268.66;225.77;147.77;2016-11-28;LIVI;S04;0;0.0;0.0;
T02804;2;L1051;rug;shaggy;1;287.84;241.88;158.31;2016-11-28;LIVI;S05;0;0.0;0.0;
T02805;1;L1010;armchair;harmony;1;597.81;502.36;328.8;2016-12-10;LIVI;S01;0;0.0;0.0;
T02806;1;D2001;dining_table;oak;1;857.6;720.67;471.68;2016-07-11;DINI;S04;2;101.51;0.1184;A
T02806;2;D2011;dining_chair;fabric;2;113.14;95.08;62.23;2016-07-11;DINI;S03;0;0.0;0.0;
T02806;3;D2030;table_extension;oak;1;121.66;102.24;66.91;2016-07-11;DINI;S04;2;6.47;0.0532;K
T02807;1;E6001;tv;smart55;1;825.97;694.1;454.29;2015-08-29;ELEC;S08;1;93.9;0.1137;A
T02807;2;E6020;speakers;stereo;1;176.95;148.7;97.32;2015-08-29;ELEC;S08;0;0.0;0.0;
T02808;1;C7020;picture_frame;wood;4;18.6;15.63;10.23;2016-07-10;DECO;S05;0;0.0;0.0;
T02809;1;C7030;curtain;linen;1;78.17;65.69;42.99;2016-10-04;DECO;S05;0;0.0;0.0;
T02809;2;U1001;garden_chair;rattan;2;120.78;101.49;66.43;2016-10-04;OUTD;S09;0;0.0;0.0;
T02810;1;K9011;kitchen_chair;fabric;1;98.0;82.35;53.9;2016-06-30;KITC;S03;0;0.0;0.0;
T02810;2;B3031;nightstand;kompakt;1;123.84;104.07;68.11;2016-06-30;BEDR;S02;0;0.0;0.0;
T02811;1;L1011;armchair;luna;1;444.34;373.39;244.39;2016-05-04;LIVI;S03;0;0.0;0.0;
T02812;1;O4001;desk;oak;1;411.26;345.59;226.19;2016-01-12;OFFI;S04;2;77.87;0.1894;A
T02812;2;K9010;kitchen_chair;oak;4;116.53;97.93;64.09;2016-01-12;KITC;S04;0;0.0;0.0;
T02813;1;K9002;kitchen_table;kompakt;1;308.86;259.55;169.87;2017-06-26;KITC;S02;0;0.0;0.0;
T02814;1;G5030;led_strip;smart;1;38.85;32.64;21.37;2016-12-13;LIGH;S08;0;0.0;0.0;
T02815;1;O4001;desk;oak;1;412.87;346.95;227.08;2015-08-24;OFFI;S04;0;0.0;0.0;
T02815;2;O4011;office_chair;basic;1;180.05;151.3;99.03;2015-08-24;OFFI;S07;0;0.0;0.0;
T02815;3;L1030;side_table;oak;1;119.47;100.4;65.71;2015-08-24;LIVI;S04;0;0.0;0.0;
T02816;1;E6010;soundbar;compact;1;259.51;218.07;142.73;2015-09-06;ELEC;S08;0;0.0;0.0;
T02816;2;D2011;dining_chair;fabric;2;116.76;98.11;64.22;2015-09-06;DINI;S03;0;0.0;0.0;
T02817;1;C7030;curtain;linen;1;82.69;69.49;45.48;2015-08-09;DECO;S05;0;0.0;0.0;
T02818;1;O4030;filing_cabinet;metal;1;267.89;225.12;147.34;2016-02-17;OFFI;S07;0;0.0;0.0;
T02819;1;E6011;soundbar;premium;1;386.78;325.02;212.73;2016-03-07;ELEC;S08;0;0.0;0.0;
T02820;1;D2002;dining_table;walnut;1;1352.52;1136.57;743.89;2016-11-09;DINI;S04;0;0.0;0.0;
T02820;2;D2011;dining_chair;fabric;1;123.0;103.36;67.65;2016-11-09;DINI;S03;0;0.0;0.0;
T02821;1;E6001;tv;smart55;1;836.8;703.2;460.24;2016-04-24;ELEC;S08;0;0.0;0.0;
T02821;2;D2012;dining_chair;leather;4;206.14;173.23;113.38;2016-04-24;DINI;S01;0;0.0;0.0;
T02822;1;D2020;sideboard;oak;1;665.62;559.34;366.09;2016-11-30;DINI;S04;0;0.0;0.0;
T02822;2;K9020;bar_stool;oak;1;135.54;113.9;74.55;2016-11-30;KITC;S04;0;0.0;0.0;
T02823;1;S8010;cabinet;oak;1;543.07;456.37;298.69;2015-07-02;STOR;S04;0;0.0;0.0;
T02824;1;K9011;kitchen_chair;fabric;2;99.0;83.19;54.45;2016-04-16;KITC;S03;0;0.0;0.0;
T02825;1;E6010;soundbar;compact;1;248.81;209.09;136.85;2015-09-27;ELEC;S08;0;0.0;0.0;
T02826;1;B3020;headboard;harmony;1;284.11;238.75;156.26;2016-02-12;BEDR;S01;0;0.0;0.0;
T02827;1;C7002;mirror;framed;1;162.28;136.37;89.26;2016-05-13;DECO;S05;2;14.32;0.0882;A
T02827;2;L1002;sofa;milano;1;1805.96;1517.61;993.28;2016-05-13;LIVI;S01;0;0.0;0.0;
T02827;3;L1021;coffee_table;glass;1;281.81;236.81;154.99;2016-05-13;LIVI;S04;0;0.0;0.0;
T02827;4;L1011;armchair;luna;1;456.05;383.23;250.82;2016-05-13;LIVI;S03;0;0.0;0.0;
T02828;1;G5030;led_strip;smart;1;40.02;33.63;22.01;2017-03-02;LIGH;S08;0;0.0;0.0;
T02829;1;L1001;sofa;harmony;1;1183.94;994.91;651.17;2016-09-08;LIVI;S01;0;0.0;0.0;
T02830;1;C7010;vase;ceramic;1;39.81;33.46;21.9;2016-06-01;DECO;S05;0;0.0;0.0;
T02831;1;B3040;wardrobe;harmony;1;1143.06;960.55;628.68;2016-02-03;BEDR;S01;0;0.0;0.0;
T02831;2;D2010;dining_chair;oak;4;151.41;127.24;83.28;2016-02-03;DINI;S04;0;0.0;0.0;
T02831;3;L1003;sofa;kompakt;1;798.54;671.04;439.2;2016-02-03;LIVI;S02;0;0.0;0.0;
T02831;4;L1020;coffee_table;oak;1;342.25;287.61;188.24;2016-02-03;LIVI;S04;0;0.0;0.0;
T02831;5;L1051;rug;shaggy;1;300.86;252.82;165.47;2016-02-03;LIVI;S05;0;0.0;0.0;
T02832;1;D2010;dining_chair;oak;4;142.54;119.78;78.4;2017-04-03;DINI;S04;0;0.0;0.0;
T02832;2;D2003;dining_table;kompakt;1;627.8;527.57;345.29;2017-04-03;DINI;S02;0;0.0;0.0;
T02832;3;D2020;sideboard;oak;1;655.89;551.17;360.74;2017-04-03;DINI;S04;0;0.0;0.0;
T02833;1;L1051;rug;shaggy;1;296.03;248.77;162.82;2015-09-25;LIVI;S05;0;0.0;0.0;
T02834;1;O4020;bookshelf;oak;1;239.77;201.48;131.87;2015-08-23;OFFI;S04;0;0.0;0.0;
T02835;1;B3011;mattress;premium;1;856.47;719.73;471.06;2015-12-19;BEDR;S06;0;0.0;0.0;
T02836;1;O4002;desk;compact;1;245.95;206.68;135.27;2017-04-18;OFFI;S02;0;0.0;0.0;
T02837;1;K9002;kitchen_table;kompakt;1;300.5;252.52;165.27;2017-03-13;KITC;S02;2;59.83;0.1991;A
T02837;2;K9010;kitchen_chair;oak;1;118.63;99.69;65.25;2017-03-13;KITC;S04;1;13.51;0.1138;M
T02837;3;D2003;dining_table;kompakt;1;621.7;522.44;341.94;2017-03-13;DINI;S02;0;0.0;0.0;
T02837;4;D2010;dining_chair;oak;2;144.46;121.39;79.45;2017-03-13;DINI;S04;0;0.0;0.0;
T02837;5;D2020;sideboard;oak;1;661.72;556.06;363.94;2017-03-13;DINI;S04;0;0.0;0.0;
T02838;1;E6030;dvd_player;basic;1;68.37;57.46;37.61;2016-10-09;ELEC;S08;0;0.0;0.0;
T02839;1;B3031;nightstand;kompakt;2;123.16;103.49;67.74;2015-08-02;BEDR;S02;0;0.0;0.0;
T02840;1;D2003;dining_table;kompakt;1;617.22;518.67;339.47;2016-12-09;DINI;S02;0;0.0;0.0;
T02840;2;D2010;dining_chair;oak;4;148.16;124.5;81.49;2016-12-09;DINI;S04;0;0.0;0.0;
T02840;3;D2020;sideboard;oak;1;666.76;560.3;366.72;2016-12-09;DINI;S04;0;0.0;0.0;
T02841;1;K9011;kitchen_chair;fabric;2;94.94;79.78;52.22;2017-05-26;KITC;S03;0;0.0;0.0;
T02841;2;C7002;mirror;framed;1;171.48;144.1;94.32;2017-05-26;DECO;S05;0;0.0;0.0;
T02842;1;U1002;garden_chair;metal;4;86.87;73.0;47.78;2017-04-09;OUTD;S09;0;0.0;0.0;
T02843;1;D2002;dining_table;walnut;1;1245.44;1046.58;684.99;2017-06-30;DINI;S04;0;0.0;0.0;
T02843;2;D2012;dining_chair;leather;6;197.07;165.6;108.39;2017-06-30;DINI;S01;1;23.18;0.1176;A
T02843;3;D2030;table_extension;oak;1;122.8;103.19;67.54;2017-06-30;DINI;S04;0;0.0;0.0;
T02844;1;O4010;office_chair;ergo;1;356.41;299.5;196.02;2016-09-05;OFFI;S07;0;0.0;0.0;
T02845;1;B3030;nightstand;harmony;1;173.48;145.79;95.42;2015-10-27;BEDR;S01;1;18.92;0.1091;A
T02846;1;S8001;dresser;harmony;1;381.55;320.63;209.85;2015-11-29;STOR;S01;0;0.0;0.0;
T02846;2;L1020;coffee_table;oak;1;350.43;294.47;192.73;2015-11-29;LIVI;S04;0;0.0;0.0;
T02847;1;L1001;sofa;harmony;1;1237.08;1039.56;680.39;2016-04-01;LIVI;S01;0;0.0;0.0;
T02848;1;E6020;speakers;stereo;1;180.66;151.82;99.36;2015-07-05;ELEC;S08;0;0.0;0.0;
T02849;1;L1002;sofa;milano;1;1728.7;1452.69;950.78;2015-12-02;LIVI;S01;1;121.16;0.0701;M
T02849;2;L1020;coffee_table;oak;1;355.43;298.68;195.49;2015-12-02;LIVI;S04;0;0.0;0.0;
T02850;1;K9011;kitchen_chair;fabric;4;97.62;82.04;53.69;2016-02-07;KITC;S03;0;0.0;0.0;
T02851;1;K9020;bar_stool;oak;1;132.87;111.66;73.08;2015-10-10;KITC;S04;1;8.55;0.0644;B
T02852;1;L1002;sofa;milano;1;1760.4;1479.33;968.22;2015-10-29;LIVI;S01;0;0.0;0.0;
T02852;2;L1010;armchair;harmony;1;583.61;490.43;320.99;2015-10-29;LIVI;S01;0;0.0;0.0;
T02853;1;D2020;sideboard;oak;1;665.8;559.49;366.19;2015-08-09;DINI;S04;0;0.0;0.0;
T02854;1;D2031;table_extension;walnut;1;153.25;128.79;84.29;2015-11-05;DINI;S04;2;26.62;0.1737;A
T02854;2;C7002;mirror;framed;1;176.92;148.67;97.31;2015-11-05;DECO;S05;0;0.0;0.0;
T02855;1;O4030;filing_cabinet;metal;1;257.85;216.68;141.81;2016-03-15;OFFI;S07;0;0.0;0.0;
T02856;1;B3001;bed;harmony;1;1067.21;896.82;586.97;2015-12-15;BEDR;S01;0;0.0;0.0;
T02856;2;B3030;nightstand;harmony;1;186.28;156.54;102.45;2015-12-15;BEDR;S01;0;0.0;0.0;
T02857;1;D2010;dining_chair;oak;6;152.29;127.98;83.76;2015-11-15;DINI;S04;0;0.0;0.0;
T02857;2;L1001;sofa;harmony;1;1229.27;1033.0;676.1;2015-11-15;LIVI;S01;0;0.0;0.0;
T02858;1;U1001;garden_chair;rattan;1;116.3;97.73;63.96;2017-05-18;OUTD;S09;0;0.0;0.0;
T02859;1;D2011;dining_chair;fabric;6;115.59;97.13;63.57;2015-07-26;DINI;S03;0;0.0;0.0;
T02860;1;G5031;led_strip;basic;1;19.63;16.5;10.8;2017-05-11;LIGH;S08;0;0.0;0.0;
T02861;1;B3030;nightstand;harmony;2;180.28;151.5;99.16;2016-12-19;BEDR;S01;0;0.0;0.0;
T02862;1;B3020;headboard;harmony;1;267.97;225.19;147.38;2015-12-28;BEDR;S01;0;0.0;0.0;
T02862;2;L1003;sofa;kompakt;1;832.42;699.52;457.83;2015-12-28;LIVI;S02;0;0.0;0.0;
T02862;3;L1011;armchair;luna;1;458.98;385.7;252.44;2015-12-28;LIVI;S03;0;0.0;0.0;
T02863;1;D2002;dining_table;walnut;1;1319.72;1109.01;725.84;2015-11-19;DINI;S04;0;0.0;0.0;
T02863;2;D2010;dining_chair;oak;2;145.05;121.89;79.78;2015-11-19;DINI;S04;0;0.0;0.0;
T02864;1;D2001;dining_table;oak;1;895.44;752.47;492.49;2016-09-03;DINI;S04;1;64.5;0.072;B
T02864;2;D2011;dining_chair;fabric;6;122.29;102.76;67.26;2016-09-03;DINI;S03;0;0.0;0.0;
T02864;3;L1011;armchair;luna;1;466.04;391.63;256.32;2016-09-03;LIVI;S03;0;0.0;0.0;
T02865;1;E6001;tv;smart55;1;773.3;649.83;425.32;2016-04-02;ELEC;S08;0;0.0;0.0;
T02866;1;K9001;kitchen_table;oak;1;468.54;393.73;257.69;2015-10-20;KITC;S04;0;0.0;0.0;
T02866;2;K9011;kitchen_chair;fabric;4;96.86;81.39;53.27;2015-10-20;KITC;S03;0;0.0;0.0;
T02867;1;L1003;sofa;kompakt;1;779.98;655.44;428.99;2016-11-19;LIVI;S02;0;0.0;0.0;
T02867;2;L1011;armchair;luna;1;450.9;378.91;247.99;2016-11-19;LIVI;S03;0;0.0;0.0;
T02868;1;O4020;bookshelf;oak;1;250.59;210.58;137.82;2016-03-27;OFFI;S04;0;0.0;0.0;
T02869;1;L1011;armchair;luna;1;430.59;361.84;236.82;2016-05-14;LIVI;S03;0;0.0;0.0;
T02870;1;O4020;bookshelf;oak;1;258.18;216.95;142.0;2016-05-15;OFFI;S04;0;0.0;0.0;
T02871;1;L1001;sofa;harmony;1;1142.31;959.93;628.27;2015-08-07;LIVI;S01;1;161.91;0.1417;B
T02871;2;L1010;armchair;harmony;1;611.34;513.73;336.23;2015-08-07;LIVI;S01;0;0.0;0.0;
T02872;1;E6011;soundbar;premium;1;412.27;346.45;226.75;2016-08-04;ELEC;S08;0;0.0;0.0;
T02873;1;L1001;sofa;harmony;1;1238.58;1040.82;681.22;2017-01-14;LIVI;S01;0;0.0;0.0;
T02873;2;L1010;armchair;harmony;1;614.5;516.39;337.98;2017-01-14;LIVI;S01;0;0.0;0.0;
T02873;3;L1020;coffee_table;oak;1;352.63;296.33;193.94;2017-01-14;LIVI;S04;0;0.0;0.0;
T02873;4;D2010;dining_chair;oak;2;150.81;126.73;82.95;2017-01-14;DINI;S04;0;0.0;0.0;
T02874;1;L1051;rug;shaggy;1;304.22;255.65;167.32;2016-01-06;LIVI;S05;0;0.0;0.0;
T02875;1;E6011;soundbar;premium;1;415.03;348.76;228.27;2016-11-28;ELEC;S08;0;0.0;0.0;
T02876;1;D2010;dining_chair;oak;2;155.06;130.3;85.28;2016-12-07;DINI;S04;0;0.0;0.0;
T02877;1;K9020;bar_stool;oak;1;133.97;112.58;73.68;2017-01-31;KITC;S04;0;0.0;0.0;
T02878;1;C7010;vase;ceramic;1;39.49;33.19;21.72;2016-04-15;DECO;S05;0;0.0;0.0;
T02879;1;B3040;wardrobe;harmony;1;1131.27;950.64;622.2;2017-02-06;BEDR;S01;0;0.0;0.0;
T02880;1;L1003;sofa;kompakt;1;772.35;649.03;424.79;2017-06-30;LIVI;S02;0;0.0;0.0;
T02881;1;O4010;office_chair;ergo;1;353.88;297.38;194.63;2017-02-28;OFFI;S07;2;70.27;0.1986;A
T02882;1;B3011;mattress;premium;1;899.3;755.71;494.61;2016-04-29;BEDR;S06;0;0.0;0.0;
T02883;1;K9001;kitchen_table;oak;1;433.43;364.22;238.38;2017-03-01;KITC;S04;1;29.45;0.0679;B
T02883;2;K9011;kitchen_chair;fabric;4;101.02;84.89;55.56;2017-03-01;KITC;S03;0;0.0;0.0;
T02884;1;D2001;dining_table;oak;1;917.27;770.82;504.5;2015-08-23;DINI;S04;0;0.0;0.0;
T02884;2;D2012;dining_chair;leather;6;204.49;171.84;112.47;2015-08-23;DINI;S01;0;0.0;0.0;
T02885;1;C7010;vase;ceramic;2;38.91;32.69;21.4;2015-11-19;DECO;S05;0;0.0;0.0;
T02886;1;G5020;ceiling_light;modern;1;175.09;147.13;96.3;2015-10-18;LIGH;S05;0;0.0;0.0;
T02887;1;L1030;side_table;oak;1;120.81;101.52;66.45;2017-02-23;LIVI;S04;0;0.0;0.0;
T02888;1;L1020;coffee_table;oak;1;362.14;304.32;199.18;2015-07-02;LIVI;S04;0;0.0;0.0;
T02888;2;D2030;table_extension;oak;1;116.86;98.2;64.27;2015-07-02;DINI;S04;2;14.63;0.1252;K
T02889;1;L1001;sofa;harmony;1;1156.67;971.99;636.17;2015-07-06;LIVI;S01;1;172.82;0.1494;B
T02890;1;L1050;rug;berber;1;187.22;157.33;102.97;2015-08-07;LIVI;S05;0;0.0;0.0;
T02890;2;B3040;wardrobe;harmony;1;1147.95;964.67;631.37;2015-08-07;BEDR;S01;0;0.0;0.0;
T02891;1;D2012;dining_chair;leather;4;195.84;164.57;107.71;2016-04-26;DINI;S01;0;0.0;0.0;
T02892;1;B3001;bed;harmony;1;1109.75;932.57;610.36;2016-01-10;BEDR;S01;0;0.0;0.0;
T02892;2;B3011;mattress;premium;1;912.49;766.8;501.87;2016-01-10;BEDR;S06;0;0.0;0.0;
T02893;1;K9021;bar_stool;metal;1;106.46;89.46;58.55;2015-11-29;KITC;S07;0;0.0;0.0;
T02894;1;L1001;sofa;harmony;1;1189.61;999.67;654.29;2015-10-22;LIVI;S01;0;0.0;0.0;
T02894;2;L1011;armchair;luna;1;463.7;389.67;255.04;2015-10-22;LIVI;S03;0;0.0;0.0;
T02895;1;L1020;coffee_table;oak;1;344.13;289.19;189.27;2015-11-15;LIVI;S04;0;0.0;0.0;
T02896;1;S8010;cabinet;oak;1;563.61;473.62;309.98;2016-06-27;STOR;S04;0;0.0;0.0;
T02896;2;B3010;mattress;comfort;1;601.43;505.4;330.78;2016-06-27;BEDR;S06;0;0.0;0.0;
T02897;1;D2010;dining_chair;oak;4;145.58;122.34;80.07;2015-10-30;DINI;S04;0;0.0;0.0;
T02898;1;L1030;side_table;oak;1;122.83;103.22;67.56;2015-12-20;LIVI;S04;0;0.0;0.0;
T02898;2;K9001;kitchen_table;oak;1;430.94;362.13;237.02;2015-12-20;KITC;S04;0;0.0;0.0;
T02899;1;E6011;soundbar;premium;1;416.19;349.74;228.91;2016-10-09;ELEC;S08;0;0.0;0.0;
T02900;1;O4011;office_chair;basic;1;183.46;154.17;100.9;2016-07-16;OFFI;S07;0;0.0;0.0;
T02900;2;O4001;desk;oak;1;411.41;345.72;226.28;2016-07-16;OFFI;S04;0;0.0;0.0;
T02901;1;C7020;picture_frame;wood;2;18.83;15.83;10.36;2016-03-02;DECO;S05;0;0.0;0.0;
T02902;1;B3011;mattress;premium;1;865.81;727.57;476.19;2016-03-22;BEDR;S06;0;0.0;0.0;
T02902;2;D2011;dining_chair;fabric;2;121.23;101.87;66.67;2016-03-22;DINI;S03;0;0.0;0.0;
T02903;1;L1003;sofa;kompakt;1;830.81;698.16;456.95;2015-08-21;LIVI;S02;0;0.0;0.0;
T02903;2;L1021;coffee_table;glass;1;286.5;240.75;157.57;2015-08-21;LIVI;S04;0;0.0;0.0;
T02903;3;L1010;armchair;harmony;1;590.01;495.8;324.5;2015-08-21;LIVI;S01;0;0.0;0.0;
T02904;1;L1020;coffee_table;oak;1;348.79;293.1;191.84;2015-12-28;LIVI;S04;2;19.39;0.0556;A
T02905;1;O4001;desk;oak;1;388.36;326.36;213.6;2016-09-04;OFFI;S04;0;0.0;0.0;
T02905;2;O4010;office_chair;ergo;1;341.81;287.23;187.99;2016-09-04;OFFI;S07;0;0.0;0.0;
T02906;1;L1050;rug;berber;1;197.01;165.55;108.35;2016-05-30;LIVI;S05;0;0.0;0.0;
T02907;1;L1021;coffee_table;glass;1;269.86;226.77;148.42;2017-02-10;LIVI;S04;0;0.0;0.0;
T02908;1;O4001;desk;oak;1;413.02;347.07;227.16;2016-01-18;OFFI;S04;0;0.0;0.0;
T02908;2;O4011;office_chair;basic;1;181.23;152.29;99.68;2016-01-18;OFFI;S07;0;0.0;0.0;
T02908;3;O4020;bookshelf;oak;1;240.12;201.78;132.07;2016-01-18;OFFI;S04;0;0.0;0.0;
T02909;1;S8001;dresser;harmony;1;364.6;306.38;200.53;2017-02-15;STOR;S01;0;0.0;0.0;
T02909;2;O4001;desk;oak;1;403.14;338.77;221.73;2017-02-15;OFFI;S04;0;0.0;0.0;
T02909;3;O4011;office_chair;basic;1;174.24;146.42;95.83;2017-02-15;OFFI;S07;0;0.0;0.0;
T02909;4;D2012;dining_chair;leather;4;197.71;166.15;108.74;2017-02-15;DINI;S01;0;0.0;0.0;
T02910;1;S8001;dresser;harmony;1;392.85;330.13;216.07;2015-09-06;STOR;S01;0;0.0;0.0;
T02910;2;D2031;table_extension;walnut;1;155.08;130.32;85.29;2015-09-06;DINI;S04;0;0.0;0.0;
T02910;3;G5020;ceiling_light;modern;1;169.96;142.82;93.48;2015-09-06;LIGH;S05;0;0.0;0.0;
T02911;1;D2003;dining_table;kompakt;1;580.95;488.19;319.52;2015-12-07;DINI;S02;0;0.0;0.0;
T02911;2;D2011;dining_chair;fabric;2;122.83;103.22;67.56;2015-12-07;DINI;S03;0;0.0;0.0;
T02911;3;D2030;table_extension;oak;1;123.88;104.1;68.14;2015-12-07;DINI;S04;0;0.0;0.0;
T02911;4;O4030;filing_cabinet;metal;1;281.5;236.56;154.83;2015-12-07;OFFI;S07;2;42.55;0.1512;K
T02912;1;B3011;mattress;premium;1;867.93;729.35;477.36;2017-04-05;BEDR;S06;0;0.0;0.0;
T02913;1;E6001;tv;smart55;1;791.65;665.25;435.41;2016-06-09;ELEC;S08;0;0.0;0.0;
T02913;2;E6020;speakers;stereo;1;187.48;157.54;103.11;2016-06-09;ELEC;S08;0;0.0;0.0;
T02913;3;K9020;bar_stool;oak;1;142.1;119.41;78.15;2016-06-09;KITC;S04;0;0.0;0.0;
T02914;1;K9020;bar_stool;oak;1;142.93;120.11;78.61;2015-07-31;KITC;S04;0;0.0;0.0;
T02915;1;C7001;mirror;round;1;124.02;104.22;68.21;2017-05-14;DECO;S05;0;0.0;0.0;
T02915;2;K9010;kitchen_chair;oak;4;124.22;104.39;68.32;2017-05-14;KITC;S04;0;0.0;0.0;
T02916;1;L1010;armchair;harmony;1;603.92;507.5;332.16;2015-10-22;LIVI;S01;0;0.0;0.0;
T02917;1;L1001;sofa;harmony;1;1213.03;1019.35;667.16;2015-08-12;LIVI;S01;0;0.0;0.0;
T02918;1;O4001;desk;oak;1;401.81;337.66;221.0;2017-02-16;OFFI;S04;0;0.0;0.0;
T02918;2;O4010;office_chair;ergo;1;332.91;279.76;183.1;2017-02-16;OFFI;S07;0;0.0;0.0;
T02918;3;O4020;bookshelf;oak;1;255.5;214.71;140.53;2017-02-16;OFFI;S04;0;0.0;0.0;
T02919;1;E6030;dvd_player;basic;1;67.75;56.94;37.26;2016-08-25;ELEC;S08;0;0.0;0.0;
T02919;2;K9021;bar_stool;metal;1;110.43;92.8;60.74;2016-08-25;KITC;S07;0;0.0;0.0;
T02919;3;G5011;table_lamp;modern;1;47.6;40.0;26.18;2016-08-25;LIGH;S05;1;2.7;0.0566;M
T02920;1;K9011;kitchen_chair;fabric;4;95.4;80.17;52.47;2017-02-14;KITC;S03;0;0.0;0.0;
T02920;2;L1003;sofa;kompakt;1;831.2;698.49;457.16;2017-02-14;LIVI;S02;0;0.0;0.0;
T02921;1;U1002;garden_chair;metal;4;91.44;76.84;50.29;2017-01-26;OUTD;S09;0;0.0;0.0;
T02922;1;K9020;bar_stool;oak;1;143.08;120.23;78.69;2017-02-27;KITC;S04;0;0.0;0.0;
T02923;1;L1002;sofa;milano;1;1857.13;1560.61;1021.42;2017-04-28;LIVI;S01;0;0.0;0.0;
T02923;2;L1020;coffee_table;oak;1;334.64;281.21;184.05;2017-04-28;LIVI;S04;0;0.0;0.0;
T02923;3;L1010;armchair;harmony;1;589.95;495.75;324.47;2017-04-28;LIVI;S01;0;0.0;0.0;
T02924;1;D2012;dining_chair;leather;4;190.82;160.36;104.95;2016-12-25;DINI;S01;0;0.0;0.0;
T02925;1;B3020;headboard;harmony;1;277.06;232.83;152.38;2017-06-25;BEDR;S01;0;0.0;0.0;
T02926;1;K9020;bar_stool;oak;1;135.08;113.51;74.29;2016-08-20;KITC;S04;0;0.0;0.0;
T02926;2;B3002;bed;milano;1;1596.67;1341.74;878.17;2016-08-20;BEDR;S01;0;0.0;0.0;
T02926;3;B3020;headboard;harmony;1;292.19;245.54;160.71;2016-08-20;BEDR;S01;0;0.0;0.0;
T02927;1;D2001;dining_table;oak;1;910.17;764.85;500.59;2016-10-11;DINI;S04;0;0.0;0.0;
T02927;2;D2020;sideboard;oak;1;660.77;555.27;363.42;2016-10-11;DINI;S04;1;82.11;0.1243;B
T02927;3;B3031;nightstand;kompakt;1;118.8;99.83;65.34;2016-10-11;BEDR;S02;0;0.0;0.0;
T02928;1;O4002;desk;compact;1;246.38;207.04;135.51;2016-11-04;OFFI;S02;1;21.52;0.0873;A
T02928;2;O4011;office_chair;basic;1;181.04;152.13;99.57;2016-11-04;OFFI;S07;0;0.0;0.0;
T02929;1;C7030;curtain;linen;1;78.5;65.96;43.17;2016-12-16;DECO;S05;1;10.8;0.1376;A
T02929;2;C7002;mirror;framed;1;174.66;146.78;96.07;2016-12-16;DECO;S05;0;0.0;0.0;
T02929;3;U1001;garden_chair;rattan;2;119.62;100.52;65.79;2016-12-16;OUTD;S09;0;0.0;0.0;
T02930;1;G5030;led_strip;smart;1;39.93;33.56;21.96;2017-01-08;LIGH;S08;0;0.0;0.0;
T02931;1;L1030;side_table;oak;1;120.67;101.4;66.37;2016-08-28;LIVI;S04;0;0.0;0.0;
T02932;1;L1002;sofa;milano;1;1835.87;1542.74;1009.73;2016-03-15;LIVI;S01;0;0.0;0.0;
T02933;1;L1020;coffee_table;oak;1;334.24;280.87;183.83;2015-09-14;LIVI;S04;0;0.0;0.0;
T02934;1;L1001;sofa;harmony;1;1239.64;1041.71;681.8;2017-05-31;LIVI;S01;0;0.0;0.0;
T02934;2;L1021;coffee_table;glass;1;272.83;229.27;150.06;2017-05-31;LIVI;S04;0;0.0;0.0;
T02935;1;L1002;sofa;milano;1;1810.5;1521.43;995.77;2016-09-14;LIVI;S01;2;163.51;0.0903;A
T02935;2;L1051;rug;shaggy;1;305.9;257.06;168.25;2016-09-14;LIVI;S05;0;0.0;0.0;
T02935;3;L1040;ottoman;luna;1;228.46;191.99;125.65;2016-09-14;LIVI;S03;0;0.0;0.0;
T02936;1;K9021;bar_stool;metal;1;113.83;95.66;62.61;2015-12-15;KITC;S07;0;0.0;0.0;
T02936;2;D2001;dining_table;oak;1;882.09;741.25;485.15;2015-12-15;DINI;S04;0;0.0;0.0;
T02936;3;D2012;dining_chair;leather;1;199.44;167.6;109.69;2015-12-15;DINI;S01;0;0.0;0.0;
T02936;4;D2020;sideboard;oak;1;619.55;520.63;340.75;2015-12-15;DINI;S04;0;0.0;0.0;
T02937;1;L1002;sofa;milano;1;1842.84;1548.61;1013.56;2016-02-01;LIVI;S01;0;0.0;0.0;
T02937;2;L1020;coffee_table;oak;1;366.05;307.6;201.33;2016-02-01;LIVI;S04;0;0.0;0.0;
T02937;3;L1050;rug;berber;1;179.55;150.88;98.75;2016-02-01;LIVI;S05;0;0.0;0.0;
T02938;1;K9011;kitchen_chair;fabric;4;103.8;87.23;57.09;2015-07-02;KITC;S03;0;0.0;0.0;
T02939;1;B3003;bed;kompakt;1;775.58;651.75;426.57;2015-09-10;BEDR;S02;0;0.0;0.0;
T02939;2;B3020;headboard;harmony;1;284.15;238.78;156.28;2015-09-10;BEDR;S01;0;0.0;0.0;
T02939;3;C7001;mirror;round;1;115.37;96.95;63.45;2015-09-10;DECO;S05;0;0.0;0.0;
T02940;1;U1020;parasol;basic;1;115.02;96.65;63.26;2017-02-11;OUTD;S09;0;0.0;0.0;
T02941;1;C7002;mirror;framed;1;169.95;142.81;93.47;2017-03-31;DECO;S05;0;0.0;0.0;
T02942;1;K9011;kitchen_chair;fabric;2;96.1;80.76;52.86;2016-08-19;KITC;S03;0;0.0;0.0;
T02943;1;L1003;sofa;kompakt;1;784.62;659.35;431.54;2015-08-29;LIVI;S02;0;0.0;0.0;
T02943;2;L1021;coffee_table;glass;1;289.18;243.01;159.05;2015-08-29;LIVI;S04;0;0.0;0.0;
T02944;1;D2010;dining_chair;oak;1;151.74;127.52;83.46;2016-11-26;DINI;S04;0;0.0;0.0;
T02945;1;C7010;vase;ceramic;2;37.1;31.18;20.41;2017-01-29;DECO;S05;0;0.0;0.0;
T02946;1;L1003;sofa;kompakt;1;765.06;642.9;420.78;2017-06-07;LIVI;S02;0;0.0;0.0;
T02946;2;L1040;ottoman;luna;1;213.32;179.26;117.33;2017-06-07;LIVI;S03;0;0.0;0.0;
T02947;1;D2030;table_extension;oak;1;119.22;100.19;65.57;2016-09-18;DINI;S04;0;0.0;0.0;
T02948;1;D2010;dining_chair;oak;4;145.29;122.1;79.91;2016-05-16;DINI;S04;0;0.0;0.0;
T02949;1;S8001;dresser;harmony;1;367.02;308.42;201.86;2016-02-03;STOR;S01;0;0.0;0.0;
T02950;1;K9021;bar_stool;metal;1;113.54;95.41;62.45;2016-08-11;KITC;S07;0;0.0;0.0;
T02950;2;E6001;tv;smart55;1;829.04;696.68;455.97;2016-08-11;ELEC;S08;0;0.0;0.0;
T02950;3;E6010;soundbar;compact;1;240.32;201.95;132.17;2016-08-11;ELEC;S08;1;24.92;0.1037;B
T02950;4;E6020;speakers;stereo;1;178.07;149.64;97.94;2016-08-11;ELEC;S08;0;0.0;0.0;
T02951;1;L1021;coffee_table;glass;1;284.43;239.01;156.43;2017-06-20;LIVI;S04;0;0.0;0.0;
T02951;2;K9011;kitchen_chair;fabric;4;94.37;79.3;51.9;2017-06-20;KITC;S03;0;0.0;0.0;
T02952;1;E6030;dvd_player;basic;1;68.38;57.46;37.61;2015-10-16;ELEC;S08;0;0.0;0.0;
T02953;1;U1020;parasol;basic;1;122.45;102.9;67.35;2016-12-31;OUTD;S09;0;0.0;0.0;
T02954;1;K9010;kitchen_chair;oak;6;124.92;104.97;68.7;2017-06-21;KITC;S04;0;0.0;0.0;
T02955;1;G5031;led_strip;basic;1;18.06;15.17;9.93;2016-03-27;LIGH;S08;0;0.0;0.0;
T02956;1;D2001;dining_table;oak;1;910.14;764.83;500.58;2017-06-15;DINI;S04;0;0.0;0.0;
T02956;2;D2011;dining_chair;fabric;6;117.7;98.91;64.73;2017-06-15;DINI;S03;0;0.0;0.0;
T02956;3;D2030;table_extension;oak;1;121.66;102.24;66.91;2017-06-15;DINI;S04;1;12.37;0.1017;B
T02957;1;L1002;sofa;milano;1;1806.19;1517.81;993.4;2016-06-20;LIVI;S01;0;0.0;0.0;
T02958;1;G5020;ceiling_light;modern;1;169.07;142.07;92.99;2016-09-15;LIGH;S05;0;0.0;0.0;
T02959;1;C7002;mirror;framed;1;164.94;138.6;90.71;2016-09-08;DECO;S05;0;0.0;0.0;
T02959;2;D2011;dining_chair;fabric;4;113.18;95.11;62.25;2016-09-08;DINI;S03;0;0.0;0.0;
T02960;1;C7010;vase;ceramic;2;39.63;33.3;21.8;2017-01-02;DECO;S05;0;0.0;0.0;
T02961;1;U1010;garden_table;rattan;1;287.27;241.4;158.0;2016-02-10;OUTD;S09;2;16.81;0.0585;K
T02961;2;U1002;garden_chair;metal;2;88.93;74.73;48.91;2016-02-10;OUTD;S09;2;13.47;0.1515;K
T02961;3;B3040;wardrobe;harmony;1;1108.4;931.43;609.62;2016-02-10;BEDR;S01;0;0.0;0.0;
T02962;1;L1002;sofa;milano;1;1878.33;1578.42;1033.08;2017-02-15;LIVI;S01;0;0.0;0.0;
T02963;1;B3010;mattress;comfort;1;592.29;497.72;325.76;2016-01-30;BEDR;S06;1;45.47;0.0768;A
T02963;2;B3020;headboard;harmony;1;291.85;245.25;160.52;2016-01-30;BEDR;S01;0;0.0;0.0;
T02963;3;D2030;table_extension;oak;1;122.14;102.64;67.18;2016-01-30;DINI;S04;0;0.0;0.0;
T02964;1;G5020;ceiling_light;modern;1;173.29;145.62;95.31;2015-12-10;LIGH;S05;0;0.0;0.0;
T02965;1;U1010;garden_table;rattan;1;287.59;241.68;158.18;2016-09-07;OUTD;S09;0;0.0;0.0;
T02965;2;U1001;garden_chair;rattan;4;120.73;101.46;66.4;2016-09-07;OUTD;S09;0;0.0;0.0;
T02966;1;D2020;sideboard;oak;1;618.85;520.04;340.37;2015-10-05;DINI;S04;0;0.0;0.0;
T02967;1;S8001;dresser;harmony;1;389.13;327.0;214.02;2016-05-20;STOR;S01;0;0.0;0.0;
T02967;2;G5011;table_lamp;modern;1;49.11;41.27;27.01;2016-05-20;LIGH;S05;0;0.0;0.0;
T02968;1;S8001;dresser;harmony;1;390.13;327.84;214.57;2016-01-18;STOR;S01;0;0.0;0.0;
T02969;1;D2003;dining_table;kompakt;1;616.11;517.74;338.86;2016-06-08;DINI;S02;0;0.0;0.0;
T02969;2;L1001;sofa;harmony;1;1249.95;1050.38;687.47;2016-06-08;LIVI;S01;0;0.0;0.0;
T02969;3;L1020;coffee_table;oak;1;349.1;293.36;192.0;2016-06-08;LIVI;S04;0;0.0;0.0;
T02969;4;L1010;armchair;harmony;1;583.42;490.27;320.88;2016-06-08;LIVI;S01;0;0.0;0.0;
T02970;1;B3003;bed;kompakt;1;714.79;600.67;393.14;2015-08-30;BEDR;S02;0;0.0;0.0;
T02970;2;B3011;mattress;premium;1;877.26;737.2;482.49;2015-08-30;BEDR;S06;0;0.0;0.0;
T02970;3;B3031;nightstand;kompakt;1;122.88;103.26;67.59;2015-08-30;BEDR;S02;0;0.0;0.0;
T02970;4;B3020;headboard;harmony;1;292.65;245.92;160.96;2015-08-30;BEDR;S01;0;0.0;0.0;
T02971;1;S8001;dresser;harmony;1;362.92;304.98;199.61;2017-04-14;STOR;S01;0;0.0;0.0;
T02972;1;G5031;led_strip;basic;1;19.71;16.56;10.84;2016-11-12;LIGH;S08;1;2.52;0.1279;B
T02972;2;D2010;dining_chair;oak;1;156.42;131.44;86.03;2016-11-12;DINI;S04;0;0.0;0.0;
T02973;1;O4030;filing_cabinet;metal;1;268.59;225.71;147.73;2015-07-06;OFFI;S07;0;0.0;0.0;
T02973;2;L1002;sofa;milano;1;1872.65;1573.66;1029.96;2015-07-06;LIVI;S01;0;0.0;0.0;
T02973;3;E6030;dvd_player;basic;1;68.01;57.15;37.41;2015-07-06;ELEC;S08;2;6.57;0.0967;K
T02974;1;U1001;garden_chair;rattan;2;116.23;97.67;63.92;2016-03-27;OUTD;S09;0;0.0;0.0;
T02974;2;K9001;kitchen_table;oak;1;449.08;377.38;247.0;2016-03-27;KITC;S04;0;0.0;0.0;
T02975;1;L1001;sofa;harmony;1;1187.81;998.16;653.29;2017-02-27;LIVI;S01;0;0.0;0.0;
T02975;2;L1021;coffee_table;glass;1;268.08;225.28;147.44;2017-02-27;LIVI;S04;0;0.0;0.0;
T02976;1;E6001;tv;smart55;1;814.21;684.21;447.82;2016-07-30;ELEC;S08;2;127.19;0.1562;A
T02976;2;D2001;dining_table;oak;1;877.03;737.0;482.37;2016-07-30;DINI;S04;0;0.0;0.0;
T02976;3;D2010;dining_chair;oak;4;149.35;125.51;82.15;2016-07-30;DINI;S04;0;0.0;0.0;
T02977;1;B3003;bed;kompakt;1;775.79;651.93;426.69;2016-01-27;BEDR;S02;0;0.0;0.0;
T02977;2;B3011;mattress;premium;1;881.46;740.72;484.8;2016-01-27;BEDR;S06;0;0.0;0.0;
T02978;1;U1001;garden_chair;rattan;2;122.09;102.6;67.15;2017-06-24;OUTD;S09;0;0.0;0.0;
T02979;1;B3040;wardrobe;harmony;1;1099.2;923.7;604.56;2017-06-08;BEDR;S01;0;0.0;0.0;
T02980;1;G5020;ceiling_light;modern;1;172.59;145.03;94.93;2016-10-07;LIGH;S05;0;0.0;0.0;
T02981;1;B3010;mattress;comfort;1;623.84;524.23;343.11;2016-01-22;BEDR;S06;0;0.0;0.0;
T02982;1;B3010;mattress;comfort;1;626.23;526.24;344.43;2017-05-18;BEDR;S06;0;0.0;0.0;
T02983;1;D2010;dining_chair;oak;6;143.07;120.23;78.69;2017-04-10;DINI;S04;0;0.0;0.0;
T02983;2;B3010;mattress;comfort;1;616.26;517.86;338.94;2017-04-10;BEDR;S06;0;0.0;0.0;
T02984;1;L1002;sofa;milano;1;1801.27;1513.67;990.7;2016-10-10;LIVI;S01;0;0.0;0.0;
T02985;1;C7030;curtain;linen;1;81.38;68.38;44.76;2016-05-18;DECO;S05;0;0.0;0.0;
T02985;2;D2011;dining_chair;fabric;6;116.91;98.25;64.3;2016-05-18;DINI;S03;1;7.0;0.0598;B
T02985;3;K9011;kitchen_chair;fabric;4;95.27;80.06;52.4;2016-05-18;KITC;S03;0;0.0;0.0;
T02986;1;B3030;nightstand;harmony;2;172.46;144.93;94.85;2016-06-14;BEDR;S01;0;0.0;0.0;
T02987;1;K9011;kitchen_chair;fabric;4;100.48;84.44;55.27;2015-09-10;KITC;S03;0;0.0;0.0;
T02987;2;B3040;wardrobe;harmony;1;1053.57;885.35;579.46;2015-09-10;BEDR;S01;0;0.0;0.0;
T02988;1;D2010;dining_chair;oak;4;155.72;130.85;85.64;2015-11-10;DINI;S04;0;0.0;0.0;
T02988;2;D2002;dining_table;walnut;1;1239.81;1041.86;681.9;2015-11-10;DINI;S04;0;0.0;0.0;
T02989;1;L1020;coffee_table;oak;1;336.04;282.39;184.82;2017-04-08;LIVI;S04;0;0.0;0.0;
T02990;1;B3011;mattress;premium;1;885.44;744.06;486.99;2015-10-03;BEDR;S06;0;0.0;0.0;
T02990;2;D2010;dining_chair;oak;4;146.07;122.75;80.34;2015-10-03;DINI;S04;0;0.0;0.0;
T02990;3;B3002;bed;milano;1;1628.18;1368.22;895.5;2015-10-03;BEDR;S01;0;0.0;0.0;
T02991;1;O4010;office_chair;ergo;1;339.98;285.7;186.99;2016-03-06;OFFI;S07;0;0.0;0.0;
T02992;1;K9001;kitchen_table;oak;1;440.11;369.84;242.06;2016-02-18;KITC;S04;2;65.14;0.148;K
T02993;1;L1003;sofa;kompakt;1;816.11;685.81;448.86;2016-11-13;LIVI;S02;1;112.53;0.1379;A
T02993;2;L1020;coffee_table;oak;1;340.58;286.2;187.32;2016-11-13;LIVI;S04;2;31.16;0.0915;A
T02994;1;D2001;dining_table;oak;1;940.83;790.62;517.46;2016-01-16;DINI;S04;1;121.58;0.1292;A
T02994;2;D2010;dining_chair;oak;4;154.67;129.98;85.07;2016-01-16;DINI;S04;0;0.0;0.0;
T02995;1;K9020;bar_stool;oak;1;144.67;121.57;79.57;2016-09-08;KITC;S04;0;0.0;0.0;
T02996;1;D2020;sideboard;oak;1;645.09;542.09;354.8;2015-11-29;DINI;S04;1;65.58;0.1017;A
T02996;2;G5001;floor_lamp;luna;1;121.3;101.93;66.71;2015-11-29;LIGH;S03;0;0.0;0.0;
T02997;1;B3020;headboard;harmony;1;271.8;228.4;149.49;2015-07-10;BEDR;S01;2;18.22;0.067;K
T02998;1;G5011;table_lamp;modern;2;47.54;39.95;26.15;2017-01-04;LIGH;S05;0;0.0;0.0;
T02999;1;C7010;vase;ceramic;2;40.8;34.29;22.44;2017-04-20;DECO;S05;0;0.0;0.0;
T03000;1;G5030;led_strip;smart;1;38.43;32.29;21.14;2017-01-28;LIGH;S08;0;0.0;0.0;
T03001;1;G5031;led_strip;basic;1;18.06;15.18;9.93;2016-05-21;LIGH;S08;0;0.0;0.0;
T03002;1;L1010;armchair;harmony;1;600.22;504.39;330.12;2015-11-22;LIVI;S01;0;0.0;0.0;
T03003;1;L1001;sofa;harmony;1;1183.84;994.83;651.11;2017-05-28;LIVI;S01;0;0.0;0.0;
T03004;1;D2012;dining_chair;leather;2;208.02;174.81;114.41;2015-12-27;DINI;S01;0;0.0;0.0;
T03005;1;S8001;dresser;harmony;1;378.2;317.82;208.01;2016-07-17;STOR;S01;0;0.0;0.0;
T03005;2;B3020;headboard;harmony;1;277.43;233.14;152.59;2016-07-17;BEDR;S01;0;0.0;0.0;
T03005;3;O4002;desk;compact;1;238.56;200.47;131.21;2016-07-17;OFFI;S02;0;0.0;0.0;
T03005;4;O4011;office_chair;basic;1;170.67;143.42;93.87;2016-07-17;OFFI;S07;0;0.0;0.0;
T03006;1;D2001;dining_table;oak;1;900.47;756.7;495.26;2016-01-14;DINI;S04;0;0.0;0.0;
T03007;1;L1051;rug;shaggy;1;308.32;259.09;169.58;2016-01-18;LIVI;S05;0;0.0;0.0;
T03008;1;C7030;curtain;linen;1;75.29;63.27;41.41;2016-03-20;DECO;S05;0;0.0;0.0;
T03008;2;G5011;table_lamp;modern;2;48.34;40.62;26.59;2016-03-20;LIGH;S05;0;0.0;0.0;
T03009;1;B3003;bed;kompakt;1;781.27;656.53;429.7;2015-07-05;BEDR;S02;0;0.0;0.0;
T03009;2;B3010;mattress;comfort;1;576.8;484.7;317.24;2015-07-05;BEDR;S06;0;0.0;0.0;
T03010;1;D2011;dining_chair;fabric;1;123.22;103.55;67.77;2016-02-20;DINI;S03;1;10.08;0.0818;B
T03011;1;G5001;floor_lamp;luna;1;120.31;101.1;66.17;2017-01-17;LIGH;S03;0;0.0;0.0;
T03011;2;D2010;dining_chair;oak;1;154.58;129.9;85.02;2017-01-17;DINI;S04;0;0.0;0.0;
T03012;1;D2002;dining_table;walnut;1;1267.91;1065.47;697.35;2016-12-27;DINI;S04;0;0.0;0.0;
T03012;2;D2030;table_extension;oak;1;124.46;104.59;68.46;2016-12-27;DINI;S04;0;0.0;0.0;
T03013;1;L1021;coffee_table;glass;1;287.27;241.4;158.0;2016-05-21;LIVI;S04;0;0.0;0.0;
T03014;1;B3020;headboard;harmony;1;291.12;244.64;160.12;2016-02-21;BEDR;S01;0;0.0;0.0;
T03014;2;D2031;table_extension;walnut;1;152.37;128.04;83.8;2016-02-21;DINI;S04;0;0.0;0.0;
T03015;1;O4002;desk;compact;1;260.42;218.84;143.23;2016-12-22;OFFI;S02;0;0.0;0.0;
T03015;2;O4010;office_chair;ergo;1;357.36;300.3;196.55;2016-12-22;OFFI;S07;0;0.0;0.0;
T03016;1;D2012;dining_chair;leather;4;205.19;172.43;112.86;2015-08-06;DINI;S01;0;0.0;0.0;
T03017;1;L1001;sofa;harmony;1;1162.37;976.78;639.3;2016-01-06;LIVI;S01;0;0.0;0.0;
T03017;2;L1020;coffee_table;oak;1;341.89;287.31;188.04;2016-01-06;LIVI;S04;0;0.0;0.0;
T03017;3;L1010;armchair;harmony;1;599.35;503.66;329.64;2016-01-06;LIVI;S01;0;0.0;0.0;
T03017;4;L1050;rug;berber;1;189.88;159.56;104.43;2016-01-06;LIVI;S05;1;10.16;0.0535;M
T03017;5;U1020;parasol;basic;1;117.6;98.82;64.68;2016-01-06;OUTD;S09;0;0.0;0.0;
T03018;1;L1020;coffee_table;oak;1;364.09;305.95;200.25;2015-10-24;LIVI;S04;1;36.86;0.1013;A
T03018;2;G5011;table_lamp;modern;2;48.32;40.6;26.57;2015-10-24;LIGH;S05;0;0.0;0.0;
T03019;1;U1002;garden_chair;metal;1;91.95;77.27;50.57;2017-03-15;OUTD;S09;0;0.0;0.0;
T03019;2;E6010;soundbar;compact;1;252.09;211.84;138.65;2017-03-15;ELEC;S08;0;0.0;0.0;
T03020;1;L1050;rug;berber;1;196.36;165.01;108.0;2015-09-13;LIVI;S05;0;0.0;0.0;
T03020;2;D2003;dining_table;kompakt;1;622.63;523.22;342.45;2015-09-13;DINI;S02;0;0.0;0.0;
T03020;3;D2010;dining_chair;oak;2;152.86;128.45;84.07;2015-09-13;DINI;S04;0;0.0;0.0;
T03020;4;D2020;sideboard;oak;1;679.27;570.82;373.6;2015-09-13;DINI;S04;0;0.0;0.0;
T03021;1;C7030;curtain;linen;1;81.7;68.66;44.94;2016-07-11;DECO;S05;0;0.0;0.0;
T03022;1;L1020;coffee_table;oak;1;355.57;298.8;195.56;2016-07-10;LIVI;S04;0;0.0;0.0;
T03022;2;D2002;dining_table;walnut;1;1334.52;1121.45;733.99;2016-07-10;DINI;S04;0;0.0;0.0;
T03022;3;D2011;dining_chair;fabric;4;115.63;97.17;63.59;2016-07-10;DINI;S03;0;0.0;0.0;
T03023;1;S8001;dresser;harmony;1;386.49;324.78;212.57;2016-10-06;STOR;S01;0;0.0;0.0;
T03023;2;K9021;bar_stool;metal;1;114.21;95.97;62.81;2016-10-06;KITC;S07;0;0.0;0.0;
T03023;3;E6001;tv;smart55;1;763.26;641.4;419.79;2016-10-06;ELEC;S08;0;0.0;0.0;
T03023;4;E6010;soundbar;compact;1;241.59;203.01;132.87;2016-10-06;ELEC;S08;0;0.0;0.0;
T03024;1;U1010;garden_table;rattan;1;301.73;253.56;165.95;2017-02-16;OUTD;S09;0;0.0;0.0;
T03024;2;U1001;garden_chair;rattan;4;121.02;101.7;66.56;2017-02-16;OUTD;S09;0;0.0;0.0;
T03024;3;U1020;parasol;basic;1;118.84;99.86;65.36;2017-02-16;OUTD;S09;0;0.0;0.0;
T03025;1;D2012;dining_chair;leather;2;191.69;161.08;105.43;2016-08-04;DINI;S01;0;0.0;0.0;
T03026;1;D2002;dining_table;walnut;1;1295.87;1088.96;712.73;2016-12-31;DINI;S04;0;0.0;0.0;
T03026;2;D2012;dining_chair;leather;4;197.17;165.69;108.44;2016-12-31;DINI;S01;0;0.0;0.0;
T03026;3;D2031;table_extension;walnut;1;156.12;131.19;85.87;2016-12-31;DINI;S04;1;15.65;0.1002;A
T03026;4;D2020;sideboard;oak;1;670.84;563.73;368.96;2016-12-31;DINI;S04;0;0.0;0.0;
T03027;1;B3011;mattress;premium;1;936.62;787.07;515.14;2016-01-11;BEDR;S06;0;0.0;0.0;
T03028;1;K9010;kitchen_chair;oak;2;122.06;102.57;67.13;2016-07-22;KITC;S04;0;0.0;0.0;
T03029;1;L1001;sofa;harmony;1;1175.0;987.4;646.25;2016-06-27;LIVI;S01;1;81.41;0.0693;M
T03029;2;L1050;rug;berber;1;187.43;157.51;103.09;2016-06-27;LIVI;S05;0;0.0;0.0;
T03030;1;D2010;dining_chair;oak;6;147.59;124.02;81.17;2016-12-30;DINI;S04;0;0.0;0.0;
T03030;2;E6010;soundbar;compact;1;237.21;199.33;130.46;2016-12-30;ELEC;S08;0;0.0;0.0;
T03031;1;L1002;sofa;milano;1;1710.41;1437.32;940.73;2015-10-01;LIVI;S01;0;0.0;0.0;
T03031;2;L1021;coffee_table;glass;1;285.7;240.09;157.14;2015-10-01;LIVI;S04;0;0.0;0.0;
T03031;3;L1010;armchair;harmony;1;582.95;489.88;320.62;2015-10-01;LIVI;S01;0;0.0;0.0;
T03031;4;B3001;bed;harmony;1;1064.43;894.48;585.44;2015-10-01;BEDR;S01;2;103.05;0.0968;A
T03031;5;B3030;nightstand;harmony;1;184.18;154.77;101.3;2015-10-01;BEDR;S01;0;0.0;0.0;
T03032;1;L1011;armchair;luna;1;458.58;385.36;252.22;2016-05-09;LIVI;S03;0;0.0;0.0;
T03033;1;S8010;cabinet;oak;1;573.18;481.67;315.25;2015-08-30;STOR;S04;0;0.0;0.0;
T03034;1;B3001;bed;harmony;1;1132.37;951.58;622.81;2017-06-08;BEDR;S01;1;92.8;0.082;M
T03035;1;G5010;table_lamp;luna;1;76.65;64.42;42.16;2016-10-12;LIGH;S03;0;0.0;0.0;
T03035;2;B3011;mattress;premium;1;863.11;725.3;474.71;2016-10-12;BEDR;S06;0;0.0;0.0;
T03036;1;K9010;kitchen_chair;oak;2;122.06;102.58;67.14;2017-06-02;KITC;S04;0;0.0;0.0;
T03037;1;E6001;tv;smart55;1;784.8;659.49;431.64;2015-09-13;ELEC;S08;0;0.0;0.0;
T03038;1;D2030;table_extension;oak;1;118.96;99.96;65.43;2015-12-05;DINI;S04;0;0.0;0.0;
T03039;1;L1041;ottoman;kompakt;1;151.09;126.97;83.1;2016-08-28;LIVI;S02;0;0.0;0.0;
T03040;1;E6030;dvd_player;basic;1;68.65;57.69;37.76;2016-05-06;ELEC;S08;0;0.0;0.0;
T03041;1;E6001;tv;smart55;1;787.99;662.18;433.39;2017-04-22;ELEC;S08;1;89.26;0.1133;M
T03042;1;E6020;speakers;stereo;1;185.91;156.22;102.25;2017-03-23;ELEC;S08;0;0.0;0.0;
T03042;2;B3040;wardrobe;harmony;1;1147.26;964.08;630.99;2017-03-23;BEDR;S01;0;0.0;0.0;
T03042;3;U1002;garden_chair;metal;4;89.49;75.2;49.22;2017-03-23;OUTD;S09;0;0.0;0.0;
T03043;1;E6030;dvd_player;basic;1;71.04;59.7;39.07;2016-02-20;ELEC;S08;1;8.07;0.1136;M
T03044;1;C7030;curtain;linen;1;79.63;66.92;43.8;2015-08-13;DECO;S05;0;0.0;0.0;
T03044;2;B3020;headboard;harmony;1;284.25;238.87;156.34;2015-08-13;BEDR;S01;0;0.0;0.0;
T03045;1;D2011;dining_chair;fabric;4;123.92;104.13;68.16;2016-05-28;DINI;S03;0;0.0;0.0;
T03045;2;K9020;bar_stool;oak;1;134.37;112.92;73.91;2016-05-28;KITC;S04;0;0.0;0.0;
T03046;1;L1020;coffee_table;oak;1;343.7;288.83;189.04;2016-11-30;LIVI;S04;0;0.0;0.0;
T03046;2;O4001;desk;oak;1;400.99;336.96;220.54;2016-11-30;OFFI;S04;0;0.0;0.0;
T03046;3;O4010;office_chair;ergo;1;363.71;305.63;200.04;2016-11-30;OFFI;S07;0;0.0;0.0;
T03046;4;G5011;table_lamp;modern;2;51.42;43.21;28.28;2016-11-30;LIGH;S05;0;0.0;0.0;
T03047;1;L1001;sofa;harmony;1;1149.44;965.91;632.19;2015-08-03;LIVI;S01;0;0.0;0.0;
T03047;2;L1050;rug;berber;1;184.06;154.67;101.23;2015-08-03;LIVI;S05;2;28.05;0.1524;K
T03047;3;C7010;vase;ceramic;2;39.15;32.9;21.53;2015-08-03;DECO;S05;1;2.89;0.0739;B
T03048;1;B3010;mattress;comfort;1;619.11;520.26;340.51;2015-11-27;BEDR;S06;0;0.0;0.0;
T03049;1;D2011;dining_chair;fabric;4;115.2;96.81;63.36;2015-07-20;DINI;S03;2;17.15;0.1489;A
T03049;2;B3040;wardrobe;harmony;1;1127.54;947.52;620.15;2015-07-20;BEDR;S01;0;0.0;0.0;
T03050;1;L1001;sofa;harmony;1;1205.18;1012.76;662.85;2017-03-16;LIVI;S01;0;0.0;0.0;
T03050;2;L1011;armchair;luna;1;455.97;383.16;250.78;2017-03-16;LIVI;S03;0;0.0;0.0;
T03051;1;K9010;kitchen_chair;oak;4;123.45;103.74;67.9;2016-03-27;KITC;S04;0;0.0;0.0;
T03052;1;D2003;dining_table;kompakt;1;571.6;480.33;314.38;2017-01-04;DINI;S02;0;0.0;0.0;
T03052;2;D2011;dining_chair;fabric;2;122.49;102.93;67.37;2017-01-04;DINI;S03;2;20.4;0.1665;A
T03053;1;U1020;parasol;basic;1;122.69;103.1;67.48;2017-03-14;OUTD;S09;0;0.0;0.0;
T03053;2;O4011;office_chair;basic;1;177.79;149.41;97.79;2017-03-14;OFFI;S07;0;0.0;0.0;
T03054;1;K9011;kitchen_chair;fabric;2;97.98;82.34;53.89;2017-05-01;KITC;S03;1;6.56;0.067;B
T03054;2;B3003;bed;kompakt;1;776.19;652.26;426.9;2017-05-01;BEDR;S02;0;0.0;0.0;
T03054;3;B3011;mattress;premium;1;942.23;791.79;518.23;2017-05-01;BEDR;S06;0;0.0;0.0;
T03055;1;E6010;soundbar;compact;1;237.52;199.6;130.64;2016-05-17;ELEC;S08;0;0.0;0.0;
T03055;2;C7010;vase;ceramic;1;39.77;33.42;21.88;2016-05-17;DECO;S05;0;0.0;0.0;
T03056;1;D2011;dining_chair;fabric;2;117.8;98.99;64.79;2016-12-18;DINI;S03;0;0.0;0.0;
T03057;1;K9002;kitchen_table;kompakt;1;307.54;258.43;169.15;2016-02-16;KITC;S02;1;30.8;0.1002;A
T03057;2;K9011;kitchen_chair;fabric;2;97.82;82.2;53.8;2016-02-16;KITC;S03;0;0.0;0.0;
T03058;1;E6002;tv;smart65;1;1214.46;1020.56;667.95;2016-03-23;ELEC;S08;1;114.89;0.0946;A
T03059;1;O4010;office_chair;ergo;1;358.86;301.56;197.37;2016-12-24;OFFI;S07;1;43.52;0.1213;A
T03060;1;D2010;dining_chair;oak;2;151.55;127.35;83.35;2016-03-28;DINI;S04;0;0.0;0.0;
T03061;1;L1011;armchair;luna;1;441.72;371.19;242.95;2017-06-10;LIVI;S03;0;0.0;0.0;
T03061;2;D2012;dining_chair;leather;4;203.71;171.19;112.04;2017-06-10;DINI;S01;0;0.0;0.0;
T03061;3;D2001;dining_table;oak;1;924.98;777.29;508.74;2017-06-10;DINI;S04;1;92.37;0.0999;M
T03061;4;D2030;table_extension;oak;1;113.51;95.39;62.43;2017-06-10;DINI;S04;0;0.0;0.0;
T03061;5;D2020;sideboard;oak;1;670.37;563.33;368.7;2017-06-10;DINI;S04;0;0.0;0.0;
T03062;1;L1021;coffee_table;glass;1;289.92;243.63;159.46;2015-09-14;LIVI;S04;0;0.0;0.0;
T03063;1;K9001;kitchen_table;oak;1;456.75;383.83;251.21;2015-10-05;KITC;S04;0;0.0;0.0;
T03063;2;K9010;kitchen_chair;oak;6;122.39;102.85;67.31;2015-10-05;KITC;S04;0;0.0;0.0;
T03064;1;G5020;ceiling_light;modern;1;165.94;139.44;91.26;2015-11-03;LIGH;S05;0;0.0;0.0;
T03064;2;L1001;sofa;harmony;1;1232.18;1035.45;677.7;2015-11-03;LIVI;S01;0;0.0;0.0;
T03064;3;L1021;coffee_table;glass;1;269.48;226.45;148.21;2015-11-03;LIVI;S04;0;0.0;0.0;
T03064;4;B3031;nightstand;kompakt;1;120.68;101.42;66.38;2015-11-03;BEDR;S02;2;19.57;0.1622;A
T03065;1;B3002;bed;milano;1;1538.81;1293.12;846.35;2016-09-13;BEDR;S01;0;0.0;0.0;
T03066;1;L1010;armchair;harmony;1;582.62;489.6;320.44;2016-03-12;LIVI;S01;1;84.95;0.1458;A
T03066;2;L1050;rug;berber;1;183.74;154.4;101.06;2016-03-12;LIVI;S05;0;0.0;0.0;
T03067;1;K9011;kitchen_chair;fabric;2;100.73;84.65;55.4;2015-08-16;KITC;S03;0;0.0;0.0;
T03068;1;L1020;coffee_table;oak;1;361.47;303.76;198.81;2017-02-04;LIVI;S04;0;0.0;0.0;
T03069;1;E6020;speakers;stereo;1;176.21;148.07;96.91;2015-11-05;ELEC;S08;0;0.0;0.0;
T03069;2;D2010;dining_chair;oak;6;144.29;121.25;79.36;2015-11-05;DINI;S04;0;0.0;0.0;
T03070;1;B3040;wardrobe;harmony;1;1149.67;966.11;632.32;2015-10-21;BEDR;S01;1;105.03;0.0914;M
T03070;2;K9021;bar_stool;metal;1;107.03;89.94;58.87;2015-10-21;KITC;S07;0;0.0;0.0;
T03071;1;D2030;table_extension;oak;1;114.0;95.8;62.7;2016-01-15;DINI;S04;0;0.0;0.0;
T03072;1;D2020;sideboard;oak;1;651.02;547.08;358.06;2015-09-15;DINI;S04;1;75.43;0.1159;A
T03073;1;D2011;dining_chair;fabric;4;114.88;96.54;63.18;2015-08-19;DINI;S03;0;0.0;0.0;
T03074;1;U1001;garden_chair;rattan;4;118.25;99.37;65.04;2017-01-27;OUTD;S09;0;0.0;0.0;
T03075;1;G5020;ceiling_light;modern;1;171.23;143.89;94.18;2017-01-04;LIGH;S05;0;0.0;0.0;
T03075;2;D2011;dining_chair;fabric;4;124.27;104.43;68.35;2017-01-04;DINI;S03;0;0.0;0.0;
T03075;3;E6002;tv;smart65;1;1203.88;1011.66;662.13;2017-01-04;ELEC;S08;0;0.0;0.0;
T03076;1;C7030;curtain;linen;1;76.44;64.23;42.04;2016-05-11;DECO;S05;0;0.0;0.0;
T03077;1;G5020;ceiling_light;modern;1;163.88;137.71;90.13;2015-11-16;LIGH;S05;0;0.0;0.0;
T03077;2;B3011;mattress;premium;1;900.43;756.66;495.23;2015-11-16;BEDR;S06;0;0.0;0.0;
T03077;3;O4001;desk;oak;1;402.93;338.6;221.61;2015-11-16;OFFI;S04;0;0.0;0.0;
T03078;1;C7020;picture_frame;wood;3;19.61;16.48;10.78;2016-03-16;DECO;S05;2;1.08;0.0553;A
T03079;1;L1041;ottoman;kompakt;1;156.77;131.74;86.22;2016-05-15;LIVI;S02;0;0.0;0.0;
T03080;1;U1002;garden_chair;metal;2;90.79;76.29;49.93;2016-08-29;OUTD;S09;0;0.0;0.0;
T03081;1;E6010;soundbar;compact;1;256.9;215.89;141.3;2016-05-15;ELEC;S08;2;14.98;0.0583;A
T03081;2;E6002;tv;smart65;1;1236.54;1039.11;680.1;2016-05-15;ELEC;S08;0;0.0;0.0;
T03082;1;O4002;desk;compact;1;246.91;207.49;135.8;2016-06-28;OFFI;S02;0;0.0;0.0;
T03082;2;O4020;bookshelf;oak;1;256.75;215.76;141.22;2016-06-28;OFFI;S04;0;0.0;0.0;
T03082;3;L1003;sofa;kompakt;1;832.01;699.17;457.61;2016-06-28;LIVI;S02;0;0.0;0.0;
T03082;4;L1021;coffee_table;glass;1;267.31;224.63;147.02;2016-06-28;LIVI;S04;0;0.0;0.0;
T03083;1;K9010;kitchen_chair;oak;1;121.14;101.8;66.63;2017-03-28;KITC;S04;0;0.0;0.0;
T03084;1;G5001;floor_lamp;luna;1;123.76;104.0;68.07;2017-05-03;LIGH;S03;0;0.0;0.0;
T03085;1;D2003;dining_table;kompakt;1;590.46;496.18;324.75;2017-04-27;DINI;S02;0;0.0;0.0;
T03085;2;D2011;dining_chair;fabric;4;121.68;102.25;66.92;2017-04-27;DINI;S03;0;0.0;0.0;
T03085;3;D2030;table_extension;oak;1;121.3;101.93;66.71;2017-04-27;DINI;S04;0;0.0;0.0;
T03085;4;D2020;sideboard;oak;1;644.88;541.92;354.69;2017-04-27;DINI;S04;0;0.0;0.0;
T03086;1;B3020;headboard;harmony;1;287.28;241.41;158.0;2016-02-03;BEDR;S01;0;0.0;0.0;
T03087;1;D2010;dining_chair;oak;2;141.61;119.0;77.88;2017-05-23;DINI;S04;0;0.0;0.0;
T03087;2;L1051;rug;shaggy;1;293.04;246.25;161.17;2017-05-23;LIVI;S05;0;0.0;0.0;
T03087;3;L1003;sofa;kompakt;1;795.53;668.51;437.54;2017-05-23;LIVI;S02;0;0.0;0.0;
T03087;4;L1021;coffee_table;glass;1;275.14;231.21;151.33;2017-05-23;LIVI;S04;0;0.0;0.0;
T03088;1;E6010;soundbar;compact;1;236.9;199.07;130.29;2016-04-03;ELEC;S08;0;0.0;0.0;
T03089;1;L1051;rug;shaggy;1;287.15;241.3;157.93;2015-11-03;LIVI;S05;0;0.0;0.0;
T03090;1;B3031;nightstand;kompakt;2;117.42;98.67;64.58;2017-04-05;BEDR;S02;0;0.0;0.0;
T03091;1;D2003;dining_table;kompakt;1;590.28;496.03;324.65;2017-04-19;DINI;S02;0;0.0;0.0;
T03091;2;D2012;dining_chair;leather;2;197.44;165.92;108.59;2017-04-19;DINI;S01;0;0.0;0.0;
T03091;3;D2031;table_extension;walnut;1;153.93;129.35;84.66;2017-04-19;DINI;S04;0;0.0;0.0;
T03091;4;L1002;sofa;milano;1;1780.45;1496.17;979.24;2017-04-19;LIVI;S01;0;0.0;0.0;
T03091;5;L1020;coffee_table;oak;1;365.6;307.23;201.08;2017-04-19;LIVI;S04;0;0.0;0.0;
T03091;6;L1010;armchair;harmony;1;589.57;495.44;324.27;2017-04-19;LIVI;S01;0;0.0;0.0;
T03092;1;L1010;armchair;harmony;1;624.79;525.04;343.64;2016-09-13;LIVI;S01;0;0.0;0.0;
T03093;1;D2001;dining_table;oak;1;904.38;759.98;497.41;2016-05-31;DINI;S04;0;0.0;0.0;
T03093;2;D2012;dining_chair;leather;4;203.02;170.6;111.66;2016-05-31;DINI;S01;0;0.0;0.0;
T03093;3;G5001;floor_lamp;luna;1;118.39;99.49;65.12;2016-05-31;LIGH;S03;0;0.0;0.0;
T03094;1;L1040;ottoman;luna;1;219.42;184.39;120.68;2015-12-23;LIVI;S03;0;0.0;0.0;
T03095;1;E6030;dvd_player;basic;1;67.97;57.12;37.38;2016-08-01;ELEC;S08;0;0.0;0.0;
T03095;2;D2020;sideboard;oak;1;623.9;524.29;343.15;2016-08-01;DINI;S04;0;0.0;0.0;
T03096;1;C7002;mirror;framed;1;172.59;145.04;94.93;2016-07-08;DECO;S05;0;0.0;0.0;
T03096;2;D2003;dining_table;kompakt;1;573.28;481.75;315.3;2016-07-08;DINI;S02;0;0.0;0.0;
T03096;3;D2031;table_extension;walnut;1;151.94;127.68;83.57;2016-07-08;DINI;S04;1;17.14;0.1128;A
T03097;1;L1001;sofa;harmony;1;1145.33;962.46;629.93;2017-01-13;LIVI;S01;0;0.0;0.0;
T03098;1;E6002;tv;smart65;1;1256.35;1055.75;690.99;2015-09-29;ELEC;S08;1;90.79;0.0723;A
T03098;2;E6020;speakers;stereo;1;187.13;157.25;102.92;2015-09-29;ELEC;S08;0;0.0;0.0;
T03098;3;O4010;office_chair;ergo;1;336.95;283.16;185.33;2015-09-29;OFFI;S07;0;0.0;0.0;
T03099;1;U1020;parasol;basic;1;119.87;100.73;65.93;2016-11-25;OUTD;S09;0;0.0;0.0;
T03100;1;S8020;shoe_rack;compact;1;109.9;92.35;60.44;2016-11-12;STOR;S02;0;0.0;0.0;
T03101;1;U1001;garden_chair;rattan;4;114.44;96.17;62.94;2017-02-21;OUTD;S09;0;0.0;0.0;
T03101;2;B3030;nightstand;harmony;2;180.06;151.32;99.04;2017-02-21;BEDR;S01;0;0.0;0.0;
T03101;3;E6020;speakers;stereo;1;180.29;151.5;99.16;2017-02-21;ELEC;S08;0;0.0;0.0;
T03102;1;L1030;side_table;oak;1;115.87;97.37;63.73;2015-07-01;LIVI;S04;0;0.0;0.0;
T03103;1;S8001;dresser;harmony;1;382.87;321.74;210.58;2016-08-06;STOR;S01;0;0.0;0.0;
T03104;1;B3030;nightstand;harmony;1;176.23;148.09;96.93;2017-01-06;BEDR;S01;0;0.0;0.0;
T03104;2;D2010;dining_chair;oak;4;150.37;126.36;82.71;2017-01-06;DINI;S04;1;19.86;0.1321;B
T03104;3;C7020;picture_frame;wood;1;18.74;15.75;10.31;2017-01-06;DECO;S05;0;0.0;0.0;
T03105;1;G5020;ceiling_light;modern;1;167.27;140.56;92.0;2016-09-24;LIGH;S05;0;0.0;0.0;
T03106;1;B3030;nightstand;harmony;2;182.03;152.97;100.12;2017-06-05;BEDR;S01;0;0.0;0.0;
T03106;2;C7020;picture_frame;wood;2;19.62;16.49;10.79;2017-06-05;DECO;S05;0;0.0;0.0;
T03107;1;B3020;headboard;harmony;1;265.77;223.34;146.17;2015-07-01;BEDR;S01;0;0.0;0.0;
T03108;1;B3003;bed;kompakt;1;773.81;650.26;425.6;2016-08-25;BEDR;S02;0;0.0;0.0;
T03108;2;B3030;nightstand;harmony;2;181.82;152.79;100.0;2016-08-25;BEDR;S01;0;0.0;0.0;
T03108;3;O4001;desk;oak;1;382.52;321.44;210.38;2016-08-25;OFFI;S04;1;39.33;0.1028;A
T03108;4;O4010;office_chair;ergo;1;344.19;289.23;189.3;2016-08-25;OFFI;S07;0;0.0;0.0;
T03109;1;L1050;rug;berber;1;184.55;155.08;101.5;2015-08-23;LIVI;S05;0;0.0;0.0;
T03110;1;G5011;table_lamp;modern;1;48.66;40.89;26.77;2016-01-31;LIGH;S05;0;0.0;0.0;
T03110;2;O4020;bookshelf;oak;1;255.06;214.33;140.28;2016-01-31;OFFI;S04;0;0.0;0.0;
T03111;1;C7030;curtain;linen;1;78.32;65.81;43.08;2017-05-09;DECO;S05;1;10.98;0.1401;M
T03111;2;G5031;led_strip;basic;1;19.62;16.49;10.79;2017-05-09;LIGH;S08;1;2.78;0.1417;B
T03112;1;L1051;rug;shaggy;1;302.47;254.17;166.36;2016-12-27;LIVI;S05;0;0.0;0.0;
T03113;1;B3031;nightstand;kompakt;2;117.36;98.63;64.55;2015-08-12;BEDR;S02;0;0.0;0.0;
T03113;2;B3011;mattress;premium;1;910.55;765.17;500.8;2015-08-12;BEDR;S06;2;88.25;0.0969;A
T03113;3;L1021;coffee_table;glass;1;275.44;231.46;151.49;2015-08-12;LIVI;S04;0;0.0;0.0;
T03114;1;B3002;bed;milano;1;1646.08;1383.26;905.34;2015-07-27;BEDR;S01;0;0.0;0.0;
T03114;2;B3011;mattress;premium;1;927.62;779.51;510.19;2015-07-27;BEDR;S06;0;0.0;0.0;
T03115;1;L1020;coffee_table;oak;1;332.7;279.58;182.99;2016-11-14;LIVI;S04;0;0.0;0.0;
T03116;1;C7010;vase;ceramic;2;40.25;33.82;22.14;2016-06-07;DECO;S05;0;0.0;0.0;
T03116;2;B3001;bed;harmony;1;1057.28;888.47;581.51;2016-06-07;BEDR;S01;0;0.0;0.0;
T03117;1;U1020;parasol;basic;1;123.9;104.12;68.15;2016-11-05;OUTD;S09;0;0.0;0.0;
T03117;2;C7010;vase;ceramic;3;39.07;32.83;21.49;2016-11-05;DECO;S05;0;0.0;0.0;
T03118;1;D2020;sideboard;oak;1;639.14;537.09;351.53;2017-05-31;DINI;S04;0;0.0;0.0;
T03119;1;D2012;dining_chair;leather;6;189.88;159.56;104.43;2016-02-18;DINI;S01;0;0.0;0.0;
T03120;1;E6001;tv;smart55;1;797.5;670.17;438.63;2016-04-28;ELEC;S08;1;89.12;0.1117;B
T03121;1;K9021;bar_stool;metal;1;105.26;88.46;57.89;2016-11-03;KITC;S07;0;0.0;0.0;
T03122;1;S8001;dresser;harmony;1;392.78;330.06;216.03;2016-08-25;STOR;S01;0;0.0;0.0;
T03122;2;D2002;dining_table;walnut;1;1272.36;1069.21;699.8;2016-08-25;DINI;S04;0;0.0;0.0;
T03122;3;D2011;dining_chair;fabric;4;116.75;98.11;64.21;2016-08-25;DINI;S03;0;0.0;0.0;
T03122;4;D2031;table_extension;walnut;1;153.82;129.26;84.6;2016-08-25;DINI;S04;0;0.0;0.0;
T03123;1;D2012;dining_chair;leather;2;194.43;163.39;106.94;2017-04-08;DINI;S01;0;0.0;0.0;
T03123;2;E6010;soundbar;compact;1;254.95;214.25;140.22;2017-04-08;ELEC;S08;0;0.0;0.0;
T03124;1;K9002;kitchen_table;kompakt;1;306.16;257.28;168.39;2016-12-22;KITC;S02;0;0.0;0.0;
T03124;2;K9011;kitchen_chair;fabric;4;103.69;87.14;57.03;2016-12-22;KITC;S03;0;0.0;0.0;
T03125;1;L1010;armchair;harmony;1;617.14;518.6;339.43;2015-10-19;LIVI;S01;0;0.0;0.0;
T03126;1;C7001;mirror;round;1;124.25;104.41;68.34;2015-10-18;DECO;S05;0;0.0;0.0;
T03127;1;O4010;office_chair;ergo;1;359.59;302.18;197.77;2016-04-28;OFFI;S07;0;0.0;0.0;
T03127;2;G5010;table_lamp;luna;1;78.83;66.24;43.36;2016-04-28;LIGH;S03;1;9.71;0.1232;M
T03127;3;D2030;table_extension;oak;1;115.12;96.74;63.31;2016-04-28;DINI;S04;0;0.0;0.0;
T03128;1;L1010;armchair;harmony;1;573.01;481.52;315.16;2016-07-30;LIVI;S01;0;0.0;0.0;
T03129;1;D2010;dining_chair;oak;2;154.47;129.8;84.96;2016-05-11;DINI;S04;0;0.0;0.0;
T03130;1;E6010;soundbar;compact;1;258.53;217.25;142.19;2016-01-17;ELEC;S08;0;0.0;0.0;
T03131;1;L1001;sofa;harmony;1;1139.88;957.88;626.93;2016-06-20;LIVI;S01;0;0.0;0.0;
T03131;2;L1010;armchair;harmony;1;611.41;513.79;336.27;2016-06-20;LIVI;S01;1;40.02;0.0655;B
T03132;1;E6010;soundbar;compact;1;243.07;204.26;133.69;2017-03-18;ELEC;S08;0;0.0;0.0;
T03133;1;E6002;tv;smart65;1;1247.09;1047.98;685.9;2016-02-04;ELEC;S08;0;0.0;0.0;
T03134;1;O4002;desk;compact;1;255.82;214.98;140.7;2015-11-22;OFFI;S02;0;0.0;0.0;
T03135;1;K9001;kitchen_table;oak;1;462.4;388.57;254.32;2015-09-27;KITC;S04;0;0.0;0.0;
T03135;2;K9010;kitchen_chair;oak;2;118.05;99.2;64.93;2015-09-27;KITC;S04;0;0.0;0.0;
T03136;1;E6010;soundbar;compact;1;254.19;213.61;139.81;2016-02-11;ELEC;S08;0;0.0;0.0;
T03136;2;D2012;dining_chair;leather;4;200.5;168.49;110.27;2016-02-11;DINI;S01;0;0.0;0.0;
T03137;1;G5001;floor_lamp;luna;1;116.4;97.81;64.02;2016-07-18;LIGH;S03;0;0.0;0.0;
T03138;1;L1050;rug;berber;1;182.83;153.64;100.56;2016-10-22;LIVI;S05;0;0.0;0.0;
T03139;1;D2010;dining_chair;oak;4;148.54;124.83;81.7;2016-02-26;DINI;S04;0;0.0;0.0;
T03139;2;B3040;wardrobe;harmony;1;1104.21;927.91;607.31;2016-02-26;BEDR;S01;0;0.0;0.0;
T03139;3;D2030;table_extension;oak;1;119.85;100.71;65.92;2016-02-26;DINI;S04;0;0.0;0.0;
T03140;1;B3030;nightstand;harmony;1;182.35;153.24;100.29;2015-08-20;BEDR;S01;0;0.0;0.0;
T03141;1;L1010;armchair;harmony;1;628.6;528.24;345.73;2016-02-03;LIVI;S01;0;0.0;0.0;
T03141;2;O4001;desk;oak;1;408.66;343.41;224.76;2016-02-03;OFFI;S04;0;0.0;0.0;
T03142;1;B3001;bed;harmony;1;1100.09;924.44;605.05;2016-04-30;BEDR;S01;0;0.0;0.0;
T03143;1;B3003;bed;kompakt;1;748.56;629.04;411.71;2016-02-12;BEDR;S02;0;0.0;0.0;
T03143;2;B3010;mattress;comfort;1;613.15;515.25;337.23;2016-02-12;BEDR;S06;0;0.0;0.0;
T03143;3;B3020;headboard;harmony;1;270.22;227.08;148.62;2016-02-12;BEDR;S01;0;0.0;0.0;
T03144;1;D2011;dining_chair;fabric;2;121.34;101.97;66.74;2016-09-26;DINI;S03;0;0.0;0.0;
T03145;1;D2002;dining_table;walnut;1;1285.18;1079.98;706.85;2017-03-18;DINI;S04;0;0.0;0.0;
T03145;2;D2010;dining_chair;oak;2;148.13;124.48;81.47;2017-03-18;DINI;S04;0;0.0;0.0;
T03146;1;O4011;office_chair;basic;1;178.28;149.82;98.06;2015-11-22;OFFI;S07;0;0.0;0.0;
T03146;2;L1010;armchair;harmony;1;596.31;501.1;327.97;2015-11-22;LIVI;S01;0;0.0;0.0;
T03147;1;B3020;headboard;harmony;1;282.72;237.58;155.49;2016-07-31;BEDR;S01;0;0.0;0.0;
T03148;1;L1001;sofa;harmony;1;1207.86;1015.01;664.33;2016-09-04;LIVI;S01;0;0.0;0.0;
T03148;2;L1020;coffee_table;oak;1;365.38;307.04;200.96;2016-09-04;LIVI;S04;2;45.94;0.1257;K
T03148;3;L1051;rug;shaggy;1;302.57;254.26;166.42;2016-09-04;LIVI;S05;0;0.0;0.0;
T03148;4;U1010;garden_table;rattan;1;301.16;253.07;165.64;2016-09-04;OUTD;S09;0;0.0;0.0;
T03148;5;U1001;garden_chair;rattan;2;119.41;100.34;65.67;2016-09-04;OUTD;S09;1;15.97;0.1338;A
T03148;6;E6001;tv;smart55;1;790.51;664.29;434.78;2016-09-04;ELEC;S08;0;0.0;0.0;
T03149;1;B3040;wardrobe;harmony;1;1122.36;943.16;617.3;2016-09-23;BEDR;S01;0;0.0;0.0;
T03150;1;B3030;nightstand;harmony;2;186.79;156.96;102.73;2016-08-17;BEDR;S01;0;0.0;0.0;
T03150;2;U1010;garden_table;rattan;1;288.56;242.48;158.71;2016-08-17;OUTD;S09;0;0.0;0.0;
T03151;1;E6010;soundbar;compact;1;256.47;215.52;141.06;2015-08-21;ELEC;S08;0;0.0;0.0;
T03152;1;D2001;dining_table;oak;1;906.24;761.54;498.43;2016-06-10;DINI;S04;0;0.0;0.0;
T03152;2;D2011;dining_chair;fabric;6;119.68;100.57;65.82;2016-06-10;DINI;S03;2;15.34;0.1281;A
T03152;3;D2031;table_extension;walnut;1;149.93;126.0;82.46;2016-06-10;DINI;S04;0;0.0;0.0;
T03153;1;K9020;bar_stool;oak;1;138.17;116.11;76.0;2015-07-31;KITC;S04;0;0.0;0.0;
T03154;1;E6002;tv;smart65;1;1154.55;970.21;635.0;2016-04-28;ELEC;S08;2;136.4;0.1181;K
T03154;2;E6011;soundbar;premium;1;418.25;351.47;230.04;2016-04-28;ELEC;S08;0;0.0;0.0;
T03154;3;S8001;dresser;harmony;1;390.12;327.83;214.56;2016-04-28;STOR;S01;0;0.0;0.0;
T03155;1;U1020;parasol;basic;1;114.01;95.81;62.7;2016-08-09;OUTD;S09;1;10.63;0.0932;A
T03156;1;U1020;parasol;basic;1;113.85;95.67;62.62;2017-06-16;OUTD;S09;0;0.0;0.0;
T03157;1;E6002;tv;smart65;1;1176.41;988.58;647.03;2016-08-25;ELEC;S08;1;94.14;0.08;M
T03157;2;E6010;soundbar;compact;1;259.98;218.47;142.99;2016-08-25;ELEC;S08;0;0.0;0.0;
T03158;1;K9011;kitchen_chair;fabric;2;95.41;80.18;52.48;2015-12-11;KITC;S03;0;0.0;0.0;
T03158;2;B3020;headboard;harmony;1;271.54;228.18;149.34;2015-12-11;BEDR;S01;0;0.0;0.0;
T03159;1;C7002;mirror;framed;1;167.72;140.94;92.25;2015-09-15;DECO;S05;0;0.0;0.0;
T03160;1;D2010;dining_chair;oak;4;154.89;130.16;85.19;2016-03-29;DINI;S04;0;0.0;0.0;
T03160;2;E6001;tv;smart55;1;816.75;686.34;449.21;2016-03-29;ELEC;S08;0;0.0;0.0;
T03161;1;O4001;desk;oak;1;418.9;352.01;230.39;2016-05-01;OFFI;S04;0;0.0;0.0;
T03161;2;O4011;office_chair;basic;1;186.08;156.37;102.34;2016-05-01;OFFI;S07;0;0.0;0.0;
T03162;1;D2001;dining_table;oak;1;869.56;730.73;478.26;2016-05-13;DINI;S04;0;0.0;0.0;
T03162;2;D2011;dining_chair;fabric;6;117.71;98.92;64.74;2016-05-13;DINI;S03;0;0.0;0.0;
T03163;1;O4001;desk;oak;1;408.16;342.99;224.49;2016-04-01;OFFI;S04;0;0.0;0.0;
T03163;2;O4010;office_chair;ergo;1;346.84;291.46;190.76;2016-04-01;OFFI;S07;0;0.0;0.0;
T03163;3;O4020;bookshelf;oak;1;239.67;201.4;131.82;2016-04-01;OFFI;S04;0;0.0;0.0;
T03163;4;B3031;nightstand;kompakt;1;117.19;98.48;64.45;2016-04-01;BEDR;S02;1;13.9;0.1186;B
T03163;5;L1003;sofa;kompakt;1;760.9;639.41;418.49;2016-04-01;LIVI;S02;0;0.0;0.0;
T03163;6;L1020;coffee_table;oak;1;341.8;287.23;187.99;2016-04-01;LIVI;S04;1;42.63;0.1247;A
T03164;1;L1040;ottoman;luna;1;212.65;178.7;116.96;2016-09-24;LIVI;S03;0;0.0;0.0;
T03164;2;C7030;curtain;linen;1;80.4;67.57;44.22;2016-09-24;DECO;S05;0;0.0;0.0;
T03164;3;D2002;dining_table;walnut;1;1297.27;1090.14;713.5;2016-09-24;DINI;S04;0;0.0;0.0;
T03164;4;D2011;dining_chair;fabric;4;122.57;103.0;67.42;2016-09-24;DINI;S03;0;0.0;0.0;
T03165;1;E6011;soundbar;premium;1;385.97;324.35;212.28;2017-03-13;ELEC;S08;1;44.74;0.1159;M
T03165;2;B3020;headboard;harmony;1;290.42;244.05;159.73;2017-03-13;BEDR;S01;0;0.0;0.0;
T03166;1;L1021;coffee_table;glass;1;281.72;236.74;154.95;2016-01-02;LIVI;S04;1;37.45;0.1329;B
T03167;1;B3011;mattress;premium;1;885.62;744.22;487.09;2017-05-06;BEDR;S06;2;142.72;0.1612;K
T03168;1;S8010;cabinet;oak;1;574.12;482.46;315.77;2016-02-04;STOR;S04;0;0.0;0.0;
T03169;1;L1001;sofa;harmony;1;1214.36;1020.47;667.9;2016-07-18;LIVI;S01;0;0.0;0.0;
T03169;2;L1011;armchair;luna;1;429.45;360.88;236.2;2016-07-18;LIVI;S03;0;0.0;0.0;
T03170;1;G5011;table_lamp;modern;1;51.44;43.22;28.29;2017-06-11;LIGH;S05;0;0.0;0.0;
T03171;1;D2001;dining_table;oak;1;890.36;748.2;489.7;2016-01-11;DINI;S04;0;0.0;0.0;
T03171;2;D2011;dining_chair;fabric;2;121.23;101.87;66.68;2016-01-11;DINI;S03;0;0.0;0.0;
T03171;3;D2030;table_extension;oak;1;116.38;97.8;64.01;2016-01-11;DINI;S04;0;0.0;0.0;
T03172;1;O4010;office_chair;ergo;1;353.62;297.16;194.49;2016-09-03;OFFI;S07;0;0.0;0.0;
T03173;1;L1001;sofa;harmony;1;1177.09;989.15;647.4;2016-09-20;LIVI;S01;0;0.0;0.0;
T03174;1;S8001;dresser;harmony;1;370.71;311.52;203.89;2017-02-23;STOR;S01;0;0.0;0.0;
T03175;1;E6011;soundbar;premium;1;384.36;322.99;211.4;2016-08-04;ELEC;S08;2;58.71;0.1527;K
T03175;2;G5001;floor_lamp;luna;1;118.52;99.6;65.19;2016-08-04;LIGH;S03;0;0.0;0.0;
T03175;3;B3031;nightstand;kompakt;1;121.77;102.32;66.97;2016-08-04;BEDR;S02;0;0.0;0.0;
T03176;1;D2002;dining_table;walnut;1;1350.28;1134.69;742.66;2015-10-29;DINI;S04;0;0.0;0.0;
T03177;1;L1051;rug;shaggy;1;294.4;247.4;161.92;2016-11-01;LIVI;S05;0;0.0;0.0;
T03177;2;G5001;floor_lamp;luna;1;113.34;95.24;62.34;2016-11-01;LIGH;S03;0;0.0;0.0;
T03178;1;D2010;dining_chair;oak;1;146.81;123.37;80.74;2017-05-28;DINI;S04;0;0.0;0.0;
T03179;1;L1030;side_table;oak;1;121.68;102.25;66.92;2015-07-29;LIVI;S04;0;0.0;0.0;
T03179;2;L1011;armchair;luna;1;428.37;359.98;235.61;2015-07-29;LIVI;S03;0;0.0;0.0;
T03180;1;B3001;bed;harmony;1;1131.8;951.09;622.49;2015-10-06;BEDR;S01;0;0.0;0.0;
T03180;2;B3011;mattress;premium;1;880.06;739.55;484.04;2015-10-06;BEDR;S06;0;0.0;0.0;
T03180;3;B3030;nightstand;harmony;1;180.63;151.79;99.35;2015-10-06;BEDR;S01;2;17.65;0.0977;K
T03181;1;L1051;rug;shaggy;1;299.96;252.07;164.98;2017-05-19;LIVI;S05;2;36.81;0.1227;A
T03182;1;B3030;nightstand;harmony;2;181.07;152.16;99.59;2017-02-04;BEDR;S01;0;0.0;0.0;
T03182;2;S8001;dresser;harmony;1;396.31;333.03;217.97;2017-02-04;STOR;S01;0;0.0;0.0;
T03183;1;K9001;kitchen_table;oak;1;445.45;374.32;245.0;2016-04-19;KITC;S04;0;0.0;0.0;
T03183;2;K9011;kitchen_chair;fabric;6;100.64;84.57;55.35;2016-04-19;KITC;S03;0;0.0;0.0;
T03183;3;D2030;table_extension;oak;1;116.83;98.17;64.25;2016-04-19;DINI;S04;2;12.1;0.1036;A
T03184;1;U1002;garden_chair;metal;2;86.74;72.89;47.71;2017-03-14;OUTD;S09;0;0.0;0.0;
T03185;1;S8010;cabinet;oak;1;560.47;470.99;308.26;2016-03-15;STOR;S04;0;0.0;0.0;
T03186;1;S8020;shoe_rack;compact;1;103.81;87.23;57.09;2017-01-04;STOR;S02;0;0.0;0.0;
T03186;2;D2012;dining_chair;leather;6;198.12;166.49;108.96;2017-01-04;DINI;S01;0;0.0;0.0;
T03186;3;L1041;ottoman;kompakt;1;163.38;137.3;89.86;2017-01-04;LIVI;S02;0;0.0;0.0;
T03187;1;B3001;bed;harmony;1;1153.5;969.33;634.43;2016-04-18;BEDR;S01;0;0.0;0.0;
T03187;2;B3020;headboard;harmony;1;290.59;244.19;159.82;2016-04-18;BEDR;S01;0;0.0;0.0;
T03188;1;K9002;kitchen_table;kompakt;1;302.52;254.22;166.38;2016-12-06;KITC;S02;0;0.0;0.0;
T03188;2;D2010;dining_chair;oak;2;149.3;125.46;82.11;2016-12-06;DINI;S04;0;0.0;0.0;
T03189;1;B3040;wardrobe;harmony;1;1132.79;951.93;623.04;2016-04-10;BEDR;S01;2;118.3;0.1044;A
T03190;1;K9002;kitchen_table;kompakt;1;284.91;239.42;156.7;2017-03-12;KITC;S02;0;0.0;0.0;
T03190;2;K9011;kitchen_chair;fabric;4;98.88;83.09;54.38;2017-03-12;KITC;S03;2;11.1;0.1122;A
T03190;3;C7001;mirror;round;1;113.47;95.35;62.41;2017-03-12;DECO;S05;0;0.0;0.0;
T03190;4;L1002;sofa;milano;1;1863.59;1566.05;1024.98;2017-03-12;LIVI;S01;0;0.0;0.0;
T03191;1;D2012;dining_chair;leather;4;207.2;174.12;113.96;2017-02-20;DINI;S01;0;0.0;0.0;
T03191;2;C7020;picture_frame;wood;2;18.99;15.96;10.45;2017-02-20;DECO;S05;0;0.0;0.0;
T03191;3;G5001;floor_lamp;luna;1;122.7;103.11;67.48;2017-02-20;LIGH;S03;0;0.0;0.0;
T03192;1;D2012;dining_chair;leather;2;207.91;174.72;114.35;2017-06-05;DINI;S01;0;0.0;0.0;
T03193;1;B3010;mattress;comfort;1;577.4;485.21;317.57;2016-03-16;BEDR;S06;0;0.0;0.0;
T03194;1;D2030;table_extension;oak;1;114.29;96.04;62.86;2015-11-05;DINI;S04;0;0.0;0.0;
T03194;2;O4010;office_chair;ergo;1;362.81;304.88;199.54;2015-11-05;OFFI;S07;0;0.0;0.0;
T03194;3;C7010;vase;ceramic;2;39.34;33.06;21.64;2015-11-05;DECO;S05;0;0.0;0.0;
T03195;1;O4011;office_chair;basic;1;173.67;145.94;95.52;2015-11-26;OFFI;S07;0;0.0;0.0;
T03196;1;D2002;dining_table;walnut;1;1264.07;1062.24;695.24;2015-07-31;DINI;S04;0;0.0;0.0;
T03196;2;D2010;dining_chair;oak;2;152.6;128.23;83.93;2015-07-31;DINI;S04;0;0.0;0.0;
T03197;1;G5001;floor_lamp;luna;1;121.97;102.5;67.08;2015-07-02;LIGH;S03;0;0.0;0.0;
T03198;1;B3003;bed;kompakt;1;777.43;653.3;427.59;2016-11-17;BEDR;S02;0;0.0;0.0;
T03198;2;B3011;mattress;premium;1;865.62;727.41;476.09;2016-11-17;BEDR;S06;0;0.0;0.0;
T03198;3;B3020;headboard;harmony;1;284.48;239.06;156.47;2016-11-17;BEDR;S01;0;0.0;0.0;
T03199;1;O4030;filing_cabinet;metal;1;268.52;225.65;147.68;2015-11-08;OFFI;S07;0;0.0;0.0;
T03200;1;E6001;tv;smart55;1;812.01;682.36;446.6;2016-01-22;ELEC;S08;0;0.0;0.0;
T03201;1;O4002;desk;compact;1;246.26;206.94;135.44;2016-08-20;OFFI;S02;0;0.0;0.0;
T03201;2;O4010;office_chair;ergo;1;353.67;297.2;194.52;2016-08-20;OFFI;S07;2;63.2;0.1787;A
T03201;3;O4020;bookshelf;oak;1;260.23;218.68;143.13;2016-08-20;OFFI;S04;0;0.0;0.0;
T03202;1;D2010;dining_chair;oak;1;154.17;129.55;84.79;2017-06-12;DINI;S04;1;17.03;0.1105;A
T03203;1;E6010;soundbar;compact;1;240.28;201.92;132.15;2017-04-12;ELEC;S08;2;36.97;0.1538;K
T03204;1;L1021;coffee_table;glass;1;280.2;235.46;154.11;2016-03-15;LIVI;S04;2;30.25;0.108;A
T03204;2;C7020;picture_frame;wood;2;19.45;16.34;10.7;2016-03-15;DECO;S05;1;2.59;0.1331;M
T03205;1;K9002;kitchen_table;kompakt;1;300.1;252.18;165.05;2017-02-19;KITC;S02;0;0.0;0.0;
T03205;2;K9010;kitchen_chair;oak;1;115.19;96.8;63.36;2017-02-19;KITC;S04;0;0.0;0.0;
T03205;3;B3040;wardrobe;harmony;1;1069.79;898.98;588.39;2017-02-19;BEDR;S01;0;0.0;0.0;
T03206;1;O4001;desk;oak;1;394.48;331.5;216.96;2016-01-28;OFFI;S04;0;0.0;0.0;
T03206;2;O4010;office_chair;ergo;1;352.52;296.24;193.89;2016-01-28;OFFI;S07;0;0.0;0.0;
T03206;3;K9011;kitchen_chair;fabric;2;98.43;82.71;54.13;2016-01-28;KITC;S03;0;0.0;0.0;
T03207;1;K9011;kitchen_chair;fabric;2;103.19;86.71;56.75;2017-02-26;KITC;S03;0;0.0;0.0;
T03208;1;L1010;armchair;harmony;1;611.84;514.15;336.51;2016-02-08;LIVI;S01;0;0.0;0.0;
T03209;1;L1010;armchair;harmony;1;592.78;498.14;326.03;2016-12-24;LIVI;S01;0;0.0;0.0;
T03210;1;B3001;bed;harmony;1;1066.13;895.91;586.37;2016-07-25;BEDR;S01;0;0.0;0.0;
T03210;2;B3011;mattress;premium;1;868.3;729.66;477.56;2016-07-25;BEDR;S06;0;0.0;0.0;
T03211;1;O4011;office_chair;basic;1;179.38;150.74;98.66;2016-07-18;OFFI;S07;0;0.0;0.0;
T03211;2;B3001;bed;harmony;1;1123.2;943.86;617.76;2016-07-18;BEDR;S01;0;0.0;0.0;
T03211;3;B3011;mattress;premium;1;922.72;775.39;507.5;2016-07-18;BEDR;S06;0;0.0;0.0;
T03211;4;B3030;nightstand;harmony;1;180.65;151.81;99.36;2016-07-18;BEDR;S01;0;0.0;0.0;
T03211;5;B3020;headboard;harmony;1;273.65;229.95;150.51;2016-07-18;BEDR;S01;0;0.0;0.0;
T03212;1;C7010;vase;ceramic;1;37.54;31.55;20.65;2016-05-26;DECO;S05;0;0.0;0.0;
T03212;2;B3031;nightstand;kompakt;1;119.32;100.27;65.62;2016-05-26;BEDR;S02;0;0.0;0.0;
T03213;1;L1050;rug;berber;1;193.82;162.87;106.6;2016-11-06;LIVI;S05;0;0.0;0.0;
T03214;1;L1050;rug;berber;1;184.23;154.81;101.33;2015-10-27;LIVI;S05;0;0.0;0.0;
T03215;1;D2020;sideboard;oak;1;631.64;530.79;347.4;2016-12-29;DINI;S04;0;0.0;0.0;
T03216;1;K9011;kitchen_chair;fabric;4;96.57;81.15;53.11;2017-02-22;KITC;S03;0;0.0;0.0;
T03216;2;B3030;nightstand;harmony;1;184.81;155.3;101.65;2017-02-22;BEDR;S01;0;0.0;0.0;
T03217;1;C7010;vase;ceramic;1;37.46;31.48;20.61;2017-04-30;DECO;S05;0;0.0;0.0;
T03218;1;D2002;dining_table;walnut;1;1251.53;1051.7;688.34;2016-01-24;DINI;S04;0;0.0;0.0;
T03218;2;D2030;table_extension;oak;1;115.26;96.86;63.4;2016-01-24;DINI;S04;0;0.0;0.0;
T03218;3;D2020;sideboard;oak;1;658.58;553.42;362.22;2016-01-24;DINI;S04;1;33.75;0.0512;M
T03219;1;G5030;led_strip;smart;1;39.75;33.4;21.86;2016-11-27;LIGH;S08;0;0.0;0.0;
T03220;1;L1040;ottoman;luna;1;222.35;186.85;122.29;2015-10-02;LIVI;S03;1;21.96;0.0987;M
T03221;1;G5020;ceiling_light;modern;1;172.95;145.34;95.12;2016-09-22;LIGH;S05;0;0.0;0.0;
T03221;2;S8001;dresser;harmony;1;389.33;327.17;214.13;2016-09-22;STOR;S01;0;0.0;0.0;
T03222;1;U1001;garden_chair;rattan;1;116.56;97.95;64.11;2017-06-14;OUTD;S09;0;0.0;0.0;
T03222;2;G5020;ceiling_light;modern;1;164.89;138.57;90.69;2017-06-14;LIGH;S05;0;0.0;0.0;
T03223;1;G5031;led_strip;basic;1;19.89;16.72;10.94;2016-10-09;LIGH;S08;1;2.36;0.1185;M
T03224;1;G5020;ceiling_light;modern;1;163.17;137.12;89.74;2016-01-17;LIGH;S05;0;0.0;0.0;
T03225;1;E6001;tv;smart55;1;763.86;641.9;420.12;2016-04-16;ELEC;S08;0;0.0;0.0;
T03225;2;O4011;office_chair;basic;1;181.5;152.52;99.83;2016-04-16;OFFI;S07;0;0.0;0.0;
T03226;1;L1001;sofa;harmony;1;1199.2;1007.73;659.56;2015-10-06;LIVI;S01;1;112.62;0.0939;B
T03226;2;L1020;coffee_table;oak;1;336.78;283.01;185.23;2015-10-06;LIVI;S04;0;0.0;0.0;
T03227;1;L1020;coffee_table;oak;1;351.33;295.24;193.23;2016-11-23;LIVI;S04;0;0.0;0.0;
T03228;1;K9011;kitchen_chair;fabric;6;100.41;84.38;55.22;2017-05-10;KITC;S03;0;0.0;0.0;
T03228;2;L1040;ottoman;luna;1;213.67;179.55;117.52;2017-05-10;LIVI;S03;0;0.0;0.0;
T03229;1;L1002;sofa;milano;1;1727.3;1451.51;950.01;2017-06-29;LIVI;S01;0;0.0;0.0;
T03230;1;E6002;tv;smart65;1;1193.77;1003.17;656.57;2017-04-17;ELEC;S08;0;0.0;0.0;
T03230;2;E6010;soundbar;compact;1;237.79;199.82;130.78;2017-04-17;ELEC;S08;0;0.0;0.0;
T03230;3;L1040;ottoman;luna;1;228.17;191.74;125.5;2017-04-17;LIVI;S03;1;18.77;0.0822;B
T03231;1;G5011;table_lamp;modern;1;49.65;41.72;27.31;2017-03-26;LIGH;S05;0;0.0;0.0;
T03231;2;U1010;garden_table;rattan;1;300.63;252.63;165.34;2017-03-26;OUTD;S09;1;30.42;0.1012;M
T03231;3;U1001;garden_chair;rattan;2;118.86;99.88;65.37;2017-03-26;OUTD;S09;0;0.0;0.0;
T03231;4;U1020;parasol;basic;1;122.41;102.87;67.33;2017-03-26;OUTD;S09;0;0.0;0.0;
T03231;5;B3003;bed;kompakt;1;739.29;621.25;406.61;2017-03-26;BEDR;S02;0;0.0;0.0;
T03231;6;B3010;mattress;comfort;1;591.31;496.9;325.22;2017-03-26;BEDR;S06;0;0.0;0.0;
T03232;1;O4001;desk;oak;1;407.43;342.38;224.09;2016-01-14;OFFI;S04;1;28.19;0.0692;A
T03232;2;O4011;office_chair;basic;1;171.35;143.99;94.24;2016-01-14;OFFI;S07;0;0.0;0.0;
T03233;1;D2020;sideboard;oak;1;645.82;542.71;355.2;2015-11-16;DINI;S04;0;0.0;0.0;
T03234;1;L1001;sofa;harmony;1;1147.64;964.4;631.2;2015-11-20;LIVI;S01;0;0.0;0.0;
T03234;2;L1050;rug;berber;1;193.94;162.98;106.67;2015-11-20;LIVI;S05;0;0.0;0.0;
T03234;3;D2003;dining_table;kompakt;1;585.17;491.74;321.84;2015-11-20;DINI;S02;0;0.0;0.0;
T03234;4;D2012;dining_chair;leather;4;191.94;161.29;105.57;2015-11-20;DINI;S01;0;0.0;0.0;
T03234;5;D2020;sideboard;oak;1;638.22;536.32;351.02;2015-11-20;DINI;S04;1;84.85;0.1329;B
T03235;1;D2003;dining_table;kompakt;1;572.4;481.01;314.82;2016-03-02;DINI;S02;0;0.0;0.0;
T03235;2;D2012;dining_chair;leather;4;200.15;168.19;110.08;2016-03-02;DINI;S01;0;0.0;0.0;
T03235;3;D2030;table_extension;oak;1;119.38;100.32;65.66;2016-03-02;DINI;S04;0;0.0;0.0;
T03236;1;B3003;bed;kompakt;1;781.58;656.79;429.87;2016-01-18;BEDR;S02;0;0.0;0.0;
T03236;2;B3030;nightstand;harmony;1;171.72;144.3;94.44;2016-01-18;BEDR;S01;0;0.0;0.0;
T03237;1;U1001;garden_chair;rattan;1;118.48;99.57;65.17;2017-05-18;OUTD;S09;0;0.0;0.0;
T03238;1;D2001;dining_table;oak;1;855.85;719.2;470.72;2017-05-03;DINI;S04;0;0.0;0.0;
T03238;2;D2010;dining_chair;oak;4;143.94;120.96;79.17;2017-05-03;DINI;S04;1;16.73;0.1163;B
T03238;3;D2031;table_extension;walnut;1;145.84;122.55;80.21;2017-05-03;DINI;S04;2;16.21;0.1112;A
T03239;1;O4001;desk;oak;1;406.74;341.8;223.71;2016-08-10;OFFI;S04;0;0.0;0.0;
T03239;2;O4011;office_chair;basic;1;185.78;156.12;102.18;2016-08-10;OFFI;S07;0;0.0;0.0;
T03239;3;G5001;floor_lamp;luna;1;116.08;97.54;63.84;2016-08-10;LIGH;S03;2;22.53;0.1941;A
T03240;1;B3040;wardrobe;harmony;1;1116.55;938.27;614.1;2016-12-24;BEDR;S01;0;0.0;0.0;
T03241;1;D2012;dining_chair;leather;6;208.32;175.06;114.58;2016-07-06;DINI;S01;2;35.38;0.1698;A
T03242;1;L1002;sofa;milano;1;1869.3;1570.84;1028.11;2016-01-28;LIVI;S01;0;0.0;0.0;
T03243;1;E6020;speakers;stereo;1;174.62;146.74;96.04;2015-09-13;ELEC;S08;0;0.0;0.0;
T03244;1;O4010;office_chair;ergo;1;347.86;292.32;191.32;2016-04-02;OFFI;S07;1;24.76;0.0712;M
T03245;1;D2010;dining_chair;oak;6;146.17;122.83;80.39;2016-04-29;DINI;S04;0;0.0;0.0;
T03246;1;D2010;dining_chair;oak;6;150.58;126.53;82.82;2017-03-13;DINI;S04;0;0.0;0.0;
T03246;2;U1020;parasol;basic;1;114.47;96.19;62.96;2017-03-13;OUTD;S09;0;0.0;0.0;
T03247;1;G5001;floor_lamp;luna;1;121.37;101.99;66.75;2017-03-04;LIGH;S03;0;0.0;0.0;
T03248;1;K9011;kitchen_chair;fabric;2;102.12;85.81;56.16;2017-02-07;KITC;S03;0;0.0;0.0;
T03249;1;D2001;dining_table;oak;1;876.99;736.96;482.34;2015-11-09;DINI;S04;0;0.0;0.0;
T03250;1;K9020;bar_stool;oak;1;142.43;119.69;78.34;2015-10-13;KITC;S04;0;0.0;0.0;
T03251;1;O4001;desk;oak;1;390.93;328.51;215.01;2015-11-16;OFFI;S04;0;0.0;0.0;
T03251;2;O4010;office_chair;ergo;1;355.34;298.6;195.43;2015-11-16;OFFI;S07;0;0.0;0.0;
T03251;3;G5001;floor_lamp;luna;1;121.17;101.83;66.65;2015-11-16;LIGH;S03;1;17.7;0.146;A
T03251;4;G5010;table_lamp;luna;1;75.31;63.28;41.42;2015-11-16;LIGH;S03;0;0.0;0.0;
T03252;1;L1051;rug;shaggy;1;294.83;247.76;162.16;2017-06-28;LIVI;S05;0;0.0;0.0;
T03253;1;G5030;led_strip;smart;1;40.68;34.19;22.38;2017-06-23;LIGH;S08;0;0.0;0.0;
T03253;2;L1003;sofa;kompakt;1;805.39;676.79;442.96;2017-06-23;LIVI;S02;0;0.0;0.0;
T03253;3;L1021;coffee_table;glass;1;274.79;230.92;151.14;2017-06-23;LIVI;S04;0;0.0;0.0;
T03253;4;K9002;kitchen_table;kompakt;1;301.16;253.08;165.64;2017-06-23;KITC;S02;0;0.0;0.0;
T03253;5;K9011;kitchen_chair;fabric;6;100.37;84.34;55.2;2017-06-23;KITC;S03;0;0.0;0.0;
T03254;1;S8001;dresser;harmony;1;387.12;325.31;212.92;2016-07-19;STOR;S01;0;0.0;0.0;
T03255;1;K9020;bar_stool;oak;1;139.62;117.32;76.79;2016-11-14;KITC;S04;0;0.0;0.0;
T03256;1;D2011;dining_chair;fabric;4;116.53;97.93;64.09;2017-01-06;DINI;S03;0;0.0;0.0;
T03257;1;G5011;table_lamp;modern;2;50.95;42.82;28.02;2017-02-01;LIGH;S05;2;6.46;0.1268;K
T03258;1;L1050;rug;berber;1;193.8;162.85;106.59;2016-03-06;LIVI;S05;0;0.0;0.0;
T03258;2;K9001;kitchen_table;oak;1;460.01;386.56;253.0;2016-03-06;KITC;S04;0;0.0;0.0;
T03258;3;K9010;kitchen_chair;oak;2;114.77;96.45;63.12;2016-03-06;KITC;S04;0;0.0;0.0;
T03258;4;B3001;bed;harmony;1;1081.88;909.14;595.03;2016-03-06;BEDR;S01;0;0.0;0.0;
T03258;5;B3030;nightstand;harmony;2;177.86;149.46;97.82;2016-03-06;BEDR;S01;0;0.0;0.0;
T03259;1;E6020;speakers;stereo;1;176.33;148.17;96.98;2015-12-19;ELEC;S08;0;0.0;0.0;
T03260;1;O4020;bookshelf;oak;1;246.56;207.19;135.61;2015-12-28;OFFI;S04;0;0.0;0.0;
T03260;2;D2011;dining_chair;fabric;1;123.57;103.84;67.96;2015-12-28;DINI;S03;0;0.0;0.0;
T03261;1;G5020;ceiling_light;modern;1;163.6;137.48;89.98;2015-07-21;LIGH;S05;0;0.0;0.0;
T03261;2;O4010;office_chair;ergo;1;357.65;300.54;196.71;2015-07-21;OFFI;S07;0;0.0;0.0;
T03262;1;B3030;nightstand;harmony;2;174.48;146.62;95.96;2015-09-21;BEDR;S01;0;0.0;0.0;
T03263;1;B3003;bed;kompakt;1;755.55;634.91;415.55;2016-09-23;BEDR;S02;0;0.0;0.0;
T03263;2;B3011;mattress;premium;1;895.7;752.69;492.63;2016-09-23;BEDR;S06;0;0.0;0.0;
T03264;1;K9011;kitchen_chair;fabric;4;98.7;82.94;54.29;2016-11-30;KITC;S03;0;0.0;0.0;
T03265;1;O4011;office_chair;basic;1;186.6;156.81;102.63;2015-11-09;OFFI;S07;0;0.0;0.0;
T03266;1;G5031;led_strip;basic;1;19.51;16.4;10.73;2016-10-27;LIGH;S08;0;0.0;0.0;
T03267;1;C7020;picture_frame;wood;3;19.77;16.62;10.87;2016-06-10;DECO;S05;2;3.29;0.1665;A
T03268;1;O4001;desk;oak;1;406.61;341.69;223.63;2016-11-26;OFFI;S04;0;0.0;0.0;
T03268;2;O4010;office_chair;ergo;1;352.37;296.11;193.8;2016-11-26;OFFI;S07;0;0.0;0.0;
T03269;1;D2002;dining_table;walnut;1;1265.02;1063.04;695.76;2017-04-11;DINI;S04;0;0.0;0.0;
T03269;2;D2011;dining_chair;fabric;4;124.7;104.79;68.59;2017-04-11;DINI;S03;0;0.0;0.0;
T03269;3;D2020;sideboard;oak;1;652.01;547.91;358.6;2017-04-11;DINI;S04;2;43.45;0.0666;K
T03269;4;C7001;mirror;round;1;124.62;104.73;68.54;2017-04-11;DECO;S05;0;0.0;0.0;
T03270;1;B3010;mattress;comfort;1;570.29;479.24;313.66;2015-09-14;BEDR;S06;0;0.0;0.0;
T03270;2;K9001;kitchen_table;oak;1;451.35;379.29;248.24;2015-09-14;KITC;S04;0;0.0;0.0;
T03270;3;K9011;kitchen_chair;fabric;2;96.73;81.28;53.2;2015-09-14;KITC;S03;0;0.0;0.0;
T03271;1;D2002;dining_table;walnut;1;1255.82;1055.31;690.7;2016-12-06;DINI;S04;0;0.0;0.0;
T03271;2;D2010;dining_chair;oak;4;146.58;123.18;80.62;2016-12-06;DINI;S04;0;0.0;0.0;
T03271;3;B3031;nightstand;kompakt;2;122.31;102.78;67.27;2016-12-06;BEDR;S02;0;0.0;0.0;
T03272;1;D2010;dining_chair;oak;6;143.68;120.74;79.03;2017-01-22;DINI;S04;0;0.0;0.0;
T03273;1;B3030;nightstand;harmony;2;175.54;147.51;96.54;2015-09-02;BEDR;S01;0;0.0;0.0;
T03273;2;L1020;coffee_table;oak;1;351.61;295.47;193.39;2015-09-02;LIVI;S04;0;0.0;0.0;
T03273;3;C7002;mirror;framed;1;165.38;138.97;90.96;2015-09-02;DECO;S05;0;0.0;0.0;
T03274;1;E6011;soundbar;premium;1;399.43;335.66;219.69;2015-11-18;ELEC;S08;0;0.0;0.0;
T03274;2;C7020;picture_frame;wood;1;19.56;16.44;10.76;2015-11-18;DECO;S05;0;0.0;0.0;
T03275;1;D2011;dining_chair;fabric;1;120.28;101.08;66.15;2016-02-22;DINI;S03;0;0.0;0.0;
T03275;2;C7001;mirror;round;1;122.06;102.57;67.13;2016-02-22;DECO;S05;0;0.0;0.0;
T03276;1;L1003;sofa;kompakt;1;772.23;648.94;424.73;2016-09-24;LIVI;S02;0;0.0;0.0;
T03276;2;L1011;armchair;luna;1;449.94;378.1;247.47;2016-09-24;LIVI;S03;0;0.0;0.0;
T03276;3;O4020;bookshelf;oak;1;252.48;212.17;138.86;2016-09-24;OFFI;S04;2;43.12;0.1708;K
T03277;1;L1050;rug;berber;1;193.95;162.99;106.67;2016-10-11;LIVI;S05;0;0.0;0.0;
T03277;2;D2011;dining_chair;fabric;4;116.49;97.89;64.07;2016-10-11;DINI;S03;0;0.0;0.0;
T03277;3;L1002;sofa;milano;1;1866.58;1568.55;1026.62;2016-10-11;LIVI;S01;0;0.0;0.0;
T03278;1;D2020;sideboard;oak;1;681.08;572.34;374.6;2017-05-31;DINI;S04;0;0.0;0.0;
T03278;2;K9002;kitchen_table;kompakt;1;290.19;243.86;159.61;2017-05-31;KITC;S02;0;0.0;0.0;
T03278;3;K9010;kitchen_chair;oak;1;124.27;104.43;68.35;2017-05-31;KITC;S04;1;12.53;0.1008;A
T03279;1;S8010;cabinet;oak;1;558.17;469.05;306.99;2016-11-17;STOR;S04;2;42.35;0.0759;K
T03280;1;E6011;soundbar;premium;1;391.12;328.67;215.11;2015-10-10;ELEC;S08;0;0.0;0.0;
T03280;2;L1051;rug;shaggy;1;298.83;251.12;164.36;2015-10-10;LIVI;S05;1;39.96;0.1337;A
T03281;1;G5020;ceiling_light;modern;1;162.11;136.22;89.16;2016-06-21;LIGH;S05;0;0.0;0.0;
T03282;1;K9001;kitchen_table;oak;1;464.5;390.33;255.47;2016-01-02;KITC;S04;0;0.0;0.0;
T03283;1;L1001;sofa;harmony;1;1209.77;1016.62;665.38;2016-05-17;LIVI;S01;0;0.0;0.0;
T03283;2;O4010;office_chair;ergo;1;348.38;292.76;191.61;2016-05-17;OFFI;S07;1;31.84;0.0914;A
T03284;1;B3003;bed;kompakt;1;755.2;634.62;415.36;2015-11-17;BEDR;S02;1;77.73;0.1029;B
T03285;1;G5031;led_strip;basic;1;19.24;16.17;10.58;2016-10-08;LIGH;S08;0;0.0;0.0;
T03285;2;D2031;table_extension;walnut;1;147.38;123.84;81.06;2016-10-08;DINI;S04;0;0.0;0.0;
T03286;1;L1001;sofa;harmony;1;1201.16;1009.38;660.64;2015-10-18;LIVI;S01;0;0.0;0.0;
T03286;2;L1050;rug;berber;1;188.8;158.65;103.84;2015-10-18;LIVI;S05;0;0.0;0.0;
T03287;1;L1010;armchair;harmony;1;591.31;496.9;325.22;2016-04-24;LIVI;S01;0;0.0;0.0;
T03288;1;K9010;kitchen_chair;oak;1;123.37;103.67;67.85;2017-05-28;KITC;S04;0;0.0;0.0;
T03289;1;U1001;garden_chair;rattan;2;113.59;95.45;62.47;2017-05-20;OUTD;S09;0;0.0;0.0;
T03290;1;B3010;mattress;comfort;1;624.07;524.43;343.24;2017-06-17;BEDR;S06;0;0.0;0.0;
T03290;2;D2003;dining_table;kompakt;1;576.78;484.69;317.23;2017-06-17;DINI;S02;0;0.0;0.0;
T03290;3;D2010;dining_chair;oak;4;144.33;121.29;79.38;2017-06-17;DINI;S04;0;0.0;0.0;
T03290;4;E6001;tv;smart55;1;836.14;702.64;459.88;2017-06-17;ELEC;S08;0;0.0;0.0;
T03291;1;D2010;dining_chair;oak;4;147.9;124.28;81.34;2015-11-15;DINI;S04;0;0.0;0.0;
T03292;1;E6001;tv;smart55;1;829.4;696.97;456.17;2017-02-01;ELEC;S08;0;0.0;0.0;
T03292;2;E6010;soundbar;compact;1;259.71;218.24;142.84;2017-02-01;ELEC;S08;0;0.0;0.0;
T03293;1;K9011;kitchen_chair;fabric;1;101.25;85.09;55.69;2017-04-11;KITC;S03;0;0.0;0.0;
T03293;2;O4020;bookshelf;oak;1;247.87;208.29;136.33;2017-04-11;OFFI;S04;0;0.0;0.0;
T03294;1;B3003;bed;kompakt;1;779.62;655.15;428.79;2017-01-20;BEDR;S02;2;44.71;0.0573;A
T03294;2;B3010;mattress;comfort;1;604.82;508.25;332.65;2017-01-20;BEDR;S06;0;0.0;0.0;
T03295;1;B3040;wardrobe;harmony;1;1067.68;897.21;587.22;2017-06-06;BEDR;S01;0;0.0;0.0;
T03296;1;L1010;armchair;harmony;1;621.26;522.07;341.69;2017-03-14;LIVI;S01;0;0.0;0.0;
T03297;1;G5011;table_lamp;modern;1;47.05;39.54;25.88;2015-10-11;LIGH;S05;2;7.13;0.1515;K
T03298;1;S8010;cabinet;oak;1;528.52;444.13;290.69;2016-10-23;STOR;S04;0;0.0;0.0;
T03299;1;C7001;mirror;round;1;120.7;101.43;66.38;2016-03-31;DECO;S05;0;0.0;0.0;
T03300;1;C7020;picture_frame;wood;1;19.25;16.17;10.59;2016-06-16;DECO;S05;0;0.0;0.0;
T03301;1;L1040;ottoman;luna;1;219.28;184.27;120.61;2017-01-19;LIVI;S03;0;0.0;0.0;
T03302;1;D2001;dining_table;oak;1;896.25;753.15;492.94;2016-11-07;DINI;S04;2;60.1;0.0671;A
T03302;2;D2011;dining_chair;fabric;4;113.27;95.18;62.3;2016-11-07;DINI;S03;0;0.0;0.0;
T03303;1;O4011;office_chair;basic;1;178.14;149.7;97.98;2017-03-08;OFFI;S07;0;0.0;0.0;
T03304;1;B3001;bed;harmony;1;1104.54;928.19;607.5;2017-01-07;BEDR;S01;0;0.0;0.0;
T03304;2;B3030;nightstand;harmony;1;174.0;146.22;95.7;2017-01-07;BEDR;S01;0;0.0;0.0;
T03304;3;L1021;coffee_table;glass;1;266.2;223.69;146.41;2017-01-07;LIVI;S04;1;24.69;0.0928;M
T03305;1;D2001;dining_table;oak;1;861.83;724.22;474.0;2017-03-05;DINI;S04;0;0.0;0.0;
T03305;2;D2011;dining_chair;fabric;4;120.27;101.07;66.15;2017-03-05;DINI;S03;0;0.0;0.0;
T03305;3;D2030;table_extension;oak;1;121.66;102.24;66.92;2017-03-05;DINI;S04;0;0.0;0.0;
T03305;4;S8020;shoe_rack;compact;1;106.05;89.12;58.33;2017-03-05;STOR;S02;0;0.0;0.0;
T03306;1;L1040;ottoman;luna;1;215.7;181.26;118.64;2016-07-27;LIVI;S03;1;30.2;0.14;A
T03306;2;B3010;mattress;comfort;1;601.33;505.32;330.73;2016-07-27;BEDR;S06;0;0.0;0.0;
T03307;1;B3020;headboard;harmony;1;265.24;222.89;145.88;2017-01-17;BEDR;S01;0;0.0;0.0;
T03308;1;B3010;mattress;comfort;1;608.96;511.73;334.93;2016-01-14;BEDR;S06;0;0.0;0.0;
T03309;1;D2002;dining_table;walnut;1;1343.02;1128.59;738.66;2016-11-01;DINI;S04;0;0.0;0.0;
T03309;2;D2011;dining_chair;fabric;2;119.21;100.18;65.57;2016-11-01;DINI;S03;0;0.0;0.0;
T03309;3;D2030;table_extension;oak;1;118.43;99.52;65.14;2016-11-01;DINI;S04;2;12.24;0.1033;A
T03309;4;B3031;nightstand;kompakt;1;114.58;96.29;63.02;2016-11-01;BEDR;S02;1;5.9;0.0515;B
T03310;1;L1003;sofa;kompakt;1;769.8;646.89;423.39;2017-04-24;LIVI;S02;0;0.0;0.0;
T03311;1;O4020;bookshelf;oak;1;243.55;204.66;133.95;2016-07-05;OFFI;S04;0;0.0;0.0;
T03312;1;E6030;dvd_player;basic;1;71.95;60.46;39.57;2015-10-22;ELEC;S08;0;0.0;0.0;
T03312;2;B3010;mattress;comfort;1;606.05;509.29;333.33;2015-10-22;BEDR;S06;1;59.38;0.098;B
T03312;3;B3001;bed;harmony;1;1152.33;968.34;633.78;2015-10-22;BEDR;S01;0;0.0;0.0;
T03313;1;L1003;sofa;kompakt;1;772.68;649.31;424.97;2015-12-04;LIVI;S02;0;0.0;0.0;
T03313;2;L1021;coffee_table;glass;1;292.37;245.69;160.8;2015-12-04;LIVI;S04;0;0.0;0.0;
T03314;1;D2002;dining_table;walnut;1;1237.28;1039.73;680.5;2015-11-02;DINI;S04;2;63.73;0.0515;A
T03314;2;D2012;dining_chair;leather;6;197.27;165.78;108.5;2015-11-02;DINI;S01;0;0.0;0.0;
T03314;3;B3011;mattress;premium;1;890.76;748.53;489.92;2015-11-02;BEDR;S06;0;0.0;0.0;
T03315;1;O4011;office_chair;basic;1;179.49;150.83;98.72;2017-02-05;OFFI;S07;0;0.0;0.0;
T03316;1;K9020;bar_stool;oak;1;145.47;122.24;80.01;2016-11-15;KITC;S04;0;0.0;0.0;
T03316;2;G5010;table_lamp;luna;1;75.43;63.38;41.48;2016-11-15;LIGH;S03;0;0.0;0.0;
T03317;1;S8020;shoe_rack;compact;1;103.67;87.12;57.02;2016-05-04;STOR;S02;0;0.0;0.0;
T03318;1;O4020;bookshelf;oak;1;257.42;216.32;141.58;2016-04-06;OFFI;S04;0;0.0;0.0;
T03319;1;E6010;soundbar;compact;1;257.43;216.33;141.59;2016-09-29;ELEC;S08;0;0.0;0.0;
T03320;1;G5011;table_lamp;modern;1;49.64;41.71;27.3;2016-03-23;LIGH;S05;0;0.0;0.0;
T03321;1;O4002;desk;compact;1;248.17;208.54;136.49;2016-06-28;OFFI;S02;0;0.0;0.0;
T03321;2;O4010;office_chair;ergo;1;342.12;287.49;188.16;2016-06-28;OFFI;S07;0;0.0;0.0;
T03322;1;K9010;kitchen_chair;oak;4;118.65;99.7;65.26;2016-10-06;KITC;S04;0;0.0;0.0;
T03323;1;D2001;dining_table;oak;1;861.71;724.13;473.94;2017-05-27;DINI;S04;0;0.0;0.0;
T03323;2;D2010;dining_chair;oak;1;146.67;123.25;80.67;2017-05-27;DINI;S04;0;0.0;0.0;
T03323;3;D2030;table_extension;oak;1;119.64;100.54;65.8;2017-05-27;DINI;S04;0;0.0;0.0;
T03323;4;D2020;sideboard;oak;1;640.88;538.56;352.49;2017-05-27;DINI;S04;0;0.0;0.0;
T03324;1;L1041;ottoman;kompakt;1;156.4;131.43;86.02;2017-02-03;LIVI;S02;0;0.0;0.0;
T03325;1;B3030;nightstand;harmony;1;185.94;156.26;102.27;2016-04-18;BEDR;S01;0;0.0;0.0;
T03326;1;G5030;led_strip;smart;1;38.52;32.37;21.18;2016-11-21;LIGH;S08;0;0.0;0.0;
T03326;2;O4002;desk;compact;1;256.07;215.19;140.84;2016-11-21;OFFI;S02;0;0.0;0.0;
T03326;3;O4011;office_chair;basic;1;177.66;149.3;97.72;2016-11-21;OFFI;S07;0;0.0;0.0;
T03326;4;O4020;bookshelf;oak;1;242.18;203.51;133.2;2016-11-21;OFFI;S04;0;0.0;0.0;
T03326;5;B3003;bed;kompakt;1;712.74;598.94;392.01;2016-11-21;BEDR;S02;1;71.0;0.0996;M
T03326;6;B3010;mattress;comfort;1;600.75;504.83;330.41;2016-11-21;BEDR;S06;0;0.0;0.0;
T03327;1;B3010;mattress;comfort;1;611.01;513.45;336.05;2015-07-03;BEDR;S06;1;44.89;0.0735;B
T03327;2;C7002;mirror;framed;1;175.59;147.55;96.57;2015-07-03;DECO;S05;0;0.0;0.0;
T03328;1;C7030;curtain;linen;1;77.11;64.8;42.41;2016-10-26;DECO;S05;0;0.0;0.0;
T03328;2;G5011;table_lamp;modern;2;46.67;39.22;25.67;2016-10-26;LIGH;S05;0;0.0;0.0;
T03328;3;L1041;ottoman;kompakt;1;154.76;130.05;85.12;2016-10-26;LIVI;S02;0;0.0;0.0;
T03329;1;B3040;wardrobe;harmony;1;1110.98;933.6;611.04;2016-11-30;BEDR;S01;0;0.0;0.0;
T03330;1;E6001;tv;smart55;1;782.9;657.9;430.59;2017-01-12;ELEC;S08;0;0.0;0.0;
T03330;2;E6010;soundbar;compact;1;252.74;212.38;139.01;2017-01-12;ELEC;S08;0;0.0;0.0;
T03331;1;L1020;coffee_table;oak;1;359.85;302.39;197.92;2016-04-18;LIVI;S04;0;0.0;0.0;
T03331;2;O4010;office_chair;ergo;1;360.0;302.52;198.0;2016-04-18;OFFI;S07;0;0.0;0.0;
T03332;1;L1030;side_table;oak;1;124.82;104.89;68.65;2016-07-17;LIVI;S04;0;0.0;0.0;
T03332;2;K9002;kitchen_table;kompakt;1;299.37;251.57;164.66;2016-07-17;KITC;S02;0;0.0;0.0;
T03333;1;C7002;mirror;framed;1;167.11;140.43;91.91;2016-03-06;DECO;S05;0;0.0;0.0;
T03333;2;O4011;office_chair;basic;1;186.43;156.66;102.54;2016-03-06;OFFI;S07;0;0.0;0.0;
T03334;1;D2012;dining_chair;leather;4;200.81;168.75;110.44;2015-09-19;DINI;S01;0;0.0;0.0;
T03334;2;C7020;picture_frame;wood;2;19.74;16.59;10.86;2015-09-19;DECO;S05;0;0.0;0.0;
T03335;1;D2031;table_extension;walnut;1;147.58;124.02;81.17;2016-04-29;DINI;S04;0;0.0;0.0;
T03336;1;B3011;mattress;premium;1;893.82;751.11;491.6;2016-04-04;BEDR;S06;1;60.67;0.0679;A
T03337;1;B3003;bed;kompakt;1;733.66;616.52;403.51;2015-09-28;BEDR;S02;2;83.66;0.114;A
T03338;1;C7030;curtain;linen;1;78.24;65.75;43.03;2016-12-01;DECO;S05;1;5.11;0.0654;M
T03338;2;D2002;dining_table;walnut;1;1251.62;1051.79;688.39;2016-12-01;DINI;S04;1;82.67;0.066;A
T03338;3;D2010;dining_chair;oak;1;144.31;121.27;79.37;2016-12-01;DINI;S04;0;0.0;0.0;
T03339;1;D2002;dining_table;walnut;1;1265.45;1063.4;696.0;2016-03-13;DINI;S04;0;0.0;0.0;
T03339;2;D2012;dining_chair;leather;4;198.85;167.1;109.37;2016-03-13;DINI;S01;0;0.0;0.0;
T03339;3;D2031;table_extension;walnut;1;154.81;130.09;85.14;2016-03-13;DINI;S04;0;0.0;0.0;
T03339;4;L1003;sofa;kompakt;1;825.34;693.57;453.94;2016-03-13;LIVI;S02;0;0.0;0.0;
T03339;5;L1051;rug;shaggy;1;286.13;240.45;157.37;2016-03-13;LIVI;S05;0;0.0;0.0;
T03340;1;U1001;garden_chair;rattan;1;122.05;102.56;67.13;2016-06-27;OUTD;S09;0;0.0;0.0;
T03340;2;L1030;side_table;oak;1;113.82;95.65;62.6;2016-06-27;LIVI;S04;0;0.0;0.0;
T03340;3;L1050;rug;berber;1;197.82;166.24;108.8;2016-06-27;LIVI;S05;0;0.0;0.0;
T03341;1;L1030;side_table;oak;1;119.97;100.81;65.98;2016-06-08;LIVI;S04;1;14.59;0.1217;M
T03342;1;B3003;bed;kompakt;1;720.26;605.26;396.14;2017-03-04;BEDR;S02;1;100.83;0.14;A
T03342;2;B3010;mattress;comfort;1;581.09;488.31;319.6;2017-03-04;BEDR;S06;1;80.25;0.1381;M
T03342;3;L1001;sofa;harmony;1;1186.27;996.86;652.45;2017-03-04;LIVI;S01;0;0.0;0.0;
T03343;1;B3031;nightstand;kompakt;1;119.61;100.51;65.78;2015-11-27;BEDR;S02;0;0.0;0.0;
T03343;2;S8020;shoe_rack;compact;1;108.46;91.14;59.65;2015-11-27;STOR;S02;0;0.0;0.0;
T03344;1;D2010;dining_chair;oak;6;146.4;123.03;80.52;2015-12-07;DINI;S04;0;0.0;0.0;
T03345;1;U1010;garden_table;rattan;1;302.85;254.5;166.57;2016-10-15;OUTD;S09;0;0.0;0.0;
T03346;1;L1002;sofa;milano;1;1763.28;1481.74;969.8;2016-12-08;LIVI;S01;0;0.0;0.0;
T03346;2;L1020;coffee_table;oak;1;347.29;291.84;191.01;2016-12-08;LIVI;S04;0;0.0;0.0;
T03347;1;K9011;kitchen_chair;fabric;4;101.06;84.93;55.59;2016-04-26;KITC;S03;0;0.0;0.0;
T03347;2;B3010;mattress;comfort;1;573.67;482.08;315.52;2016-04-26;BEDR;S06;0;0.0;0.0;
T03348;1;K9010;kitchen_chair;oak;1;123.78;104.01;68.08;2016-10-13;KITC;S04;0;0.0;0.0;
T03348;2;U1010;garden_table;rattan;1;289.95;243.65;159.47;2016-10-13;OUTD;S09;0;0.0;0.0;
T03348;3;U1001;garden_chair;rattan;4;119.12;100.1;65.52;2016-10-13;OUTD;S09;0;0.0;0.0;
T03349;1;E6011;soundbar;premium;1;403.16;338.79;221.74;2015-12-22;ELEC;S08;0;0.0;0.0;
T03350;1;B3010;mattress;comfort;1;586.04;492.47;322.32;2015-09-19;BEDR;S06;0;0.0;0.0;
T03351;1;D2011;dining_chair;fabric;4;121.88;102.42;67.04;2015-11-30;DINI;S03;1;16.77;0.1376;A
T03352;1;B3003;bed;kompakt;1;734.63;617.33;404.04;2016-06-27;BEDR;S02;0;0.0;0.0;
T03352;2;B3011;mattress;premium;1;867.6;729.08;477.18;2016-06-27;BEDR;S06;1;72.91;0.084;A
T03353;1;G5010;table_lamp;luna;2;77.51;65.14;42.63;2016-11-12;LIGH;S03;0;0.0;0.0;
T03354;1;S8001;dresser;harmony;1;390.85;328.44;214.97;2017-05-11;STOR;S01;1;23.35;0.0597;A
T03354;2;L1030;side_table;oak;1;124.92;104.97;68.71;2017-05-11;LIVI;S04;0;0.0;0.0;
T03355;1;O4010;office_chair;ergo;1;354.04;297.51;194.72;2016-12-25;OFFI;S07;0;0.0;0.0;
T03355;2;D2020;sideboard;oak;1;619.65;520.72;340.81;2016-12-25;DINI;S04;0;0.0;0.0;
T03355;3;B3001;bed;harmony;1;1063.97;894.09;585.18;2016-12-25;BEDR;S01;0;0.0;0.0;
T03356;1;K9001;kitchen_table;oak;1;465.64;391.29;256.1;2017-03-07;KITC;S04;0;0.0;0.0;
T03356;2;K9010;kitchen_chair;oak;1;122.71;103.12;67.49;2017-03-07;KITC;S04;0;0.0;0.0;
T03357;1;D2030;table_extension;oak;1;123.0;103.36;67.65;2016-06-28;DINI;S04;0;0.0;0.0;
T03357;2;L1003;sofa;kompakt;1;811.7;682.1;446.43;2016-06-28;LIVI;S02;0;0.0;0.0;
T03358;1;C7030;curtain;linen;1;81.13;68.17;44.62;2017-01-30;DECO;S05;0;0.0;0.0;
T03358;2;L1003;sofa;kompakt;1;838.29;704.45;461.06;2017-01-30;LIVI;S02;0;0.0;0.0;
T03358;3;L1021;coffee_table;glass;1;289.8;243.53;159.39;2017-01-30;LIVI;S04;1;41.53;0.1433;B
T03358;4;B3020;headboard;harmony;1;290.4;244.03;159.72;2017-01-30;BEDR;S01;0;0.0;0.0;
T03359;1;D2031;table_extension;walnut;1;145.01;121.86;79.76;2015-08-17;DINI;S04;0;0.0;0.0;
T03360;1;L1030;side_table;oak;1;117.19;98.48;64.46;2015-07-12;LIVI;S04;0;0.0;0.0;
T03361;1;O4011;office_chair;basic;1;181.99;152.93;100.09;2016-07-04;OFFI;S07;0;0.0;0.0;
T03361;2;C7010;vase;ceramic;1;38.87;32.66;21.38;2016-07-04;DECO;S05;0;0.0;0.0;
T03362;1;L1011;armchair;luna;1;463.55;389.54;254.95;2016-10-28;LIVI;S03;0;0.0;0.0;
T03362;2;L1002;sofa;milano;1;1713.0;1439.49;942.15;2016-10-28;LIVI;S01;0;0.0;0.0;
T03362;3;K9011;kitchen_chair;fabric;1;94.19;79.15;51.8;2016-10-28;KITC;S03;2;13.65;0.1449;K
T03363;1;B3030;nightstand;harmony;2;170.56;143.33;93.81;2016-03-30;BEDR;S01;0;0.0;0.0;
T03364;1;D2003;dining_table;kompakt;1;620.28;521.25;341.16;2015-07-08;DINI;S02;2;50.84;0.082;A
T03364;2;D2031;table_extension;walnut;1;155.91;131.02;85.75;2015-07-08;DINI;S04;0;0.0;0.0;
T03365;1;C7030;curtain;linen;1;76.46;64.25;42.05;2015-12-25;DECO;S05;0;0.0;0.0;
T03365;2;D2012;dining_chair;leather;4;198.94;167.18;109.42;2015-12-25;DINI;S01;0;0.0;0.0;
T03366;1;C7030;curtain;linen;1;78.52;65.98;43.19;2017-01-02;DECO;S05;0;0.0;0.0;
T03367;1;L1021;coffee_table;glass;1;290.2;243.87;159.61;2016-08-05;LIVI;S04;0;0.0;0.0;
T03368;1;G5030;led_strip;smart;1;38.18;32.08;21.0;2016-07-06;LIGH;S08;0;0.0;0.0;
T03368;2;B3030;nightstand;harmony;1;176.54;148.35;97.1;2016-07-06;BEDR;S01;0;0.0;0.0;
T03369;1;G5010;table_lamp;luna;2;80.3;67.48;44.17;2016-01-16;LIGH;S03;0;0.0;0.0;
T03369;2;D2003;dining_table;kompakt;1;592.23;497.67;325.73;2016-01-16;DINI;S02;1;71.3;0.1204;M
T03369;3;D2012;dining_chair;leather;4;190.93;160.45;105.01;2016-01-16;DINI;S01;0;0.0;0.0;
T03370;1;L1010;armchair;harmony;1;596.39;501.16;328.01;2015-08-22;LIVI;S01;0;0.0;0.0;
T03371;1;D2003;dining_table;kompakt;1;604.49;507.98;332.47;2016-08-28;DINI;S02;1;73.62;0.1218;B
T03371;2;D2011;dining_chair;fabric;2;117.99;99.15;64.89;2016-08-28;DINI;S03;1;11.06;0.0938;B
T03372;1;B3040;wardrobe;harmony;1;1108.02;931.11;609.41;2016-01-01;BEDR;S01;2;216.5;0.1954;K
T03373;1;K9010;kitchen_chair;oak;6;123.76;104.0;68.07;2016-09-21;KITC;S04;0;0.0;0.0;
T03373;2;U1001;garden_chair;rattan;1;113.57;95.44;62.47;2016-09-21;OUTD;S09;0;0.0;0.0;
T03374;1;U1020;parasol;basic;1;119.22;100.19;65.57;2016-12-26;OUTD;S09;0;0.0;0.0;
T03374;2;S8010;cabinet;oak;1;556.7;467.82;306.19;2016-12-26;STOR;S04;0;0.0;0.0;
T03375;1;C7030;curtain;linen;1;80.07;67.29;44.04;2017-05-13;DECO;S05;0;0.0;0.0;
T03375;2;L1041;ottoman;kompakt;1;163.58;137.46;89.97;2017-05-13;LIVI;S02;0;0.0;0.0;
T03376;1;C7020;picture_frame;wood;1;18.99;15.95;10.44;2015-12-11;DECO;S05;0;0.0;0.0;
T03377;1;K9002;kitchen_table;kompakt;1;292.06;245.43;160.63;2016-01-02;KITC;S02;0;0.0;0.0;
T03377;2;K9011;kitchen_chair;fabric;2;102.97;86.53;56.63;2016-01-02;KITC;S03;0;0.0;0.0;
T03377;3;K9020;bar_stool;oak;1;139.07;116.87;76.49;2016-01-02;KITC;S04;2;16.47;0.1184;K
T03378;1;U1020;parasol;basic;1;116.3;97.73;63.96;2016-10-02;OUTD;S09;0;0.0;0.0;
T03379;1;L1041;ottoman;kompakt;1;155.19;130.41;85.35;2016-02-17;LIVI;S02;0;0.0;0.0;
T03380;1;S8020;shoe_rack;compact;1;112.08;94.19;61.64;2016-09-24;STOR;S02;2;18.05;0.161;A
T03381;1;L1001;sofa;harmony;1;1238.07;1040.4;680.94;2016-10-12;LIVI;S01;2;206.77;0.167;A
T03381;2;D2012;dining_chair;leather;4;197.11;165.64;108.41;2016-10-12;DINI;S01;0;0.0;0.0;
T03381;3;L1040;ottoman;luna;1;222.69;187.14;122.48;2016-10-12;LIVI;S03;0;0.0;0.0;
T03382;1;D2003;dining_table;kompakt;1;598.41;502.87;329.13;2015-10-10;DINI;S02;0;0.0;0.0;
T03382;2;D2030;table_extension;oak;1;113.6;95.46;62.48;2015-10-10;DINI;S04;0;0.0;0.0;
T03383;1;D2001;dining_table;oak;1;895.96;752.91;492.78;2017-03-06;DINI;S04;1;83.01;0.0927;M
T03383;2;E6011;soundbar;premium;1;382.87;321.74;210.58;2017-03-06;ELEC;S08;0;0.0;0.0;
T03384;1;G5020;ceiling_light;modern;1;171.67;144.26;94.42;2016-10-22;LIGH;S05;0;0.0;0.0;
T03384;2;G5031;led_strip;basic;1;18.88;15.86;10.38;2016-10-22;LIGH;S08;0;0.0;0.0;
T03384;3;D2001;dining_table;oak;1;911.39;765.87;501.26;2016-10-22;DINI;S04;0;0.0;0.0;
T03384;4;D2010;dining_chair;oak;2;151.37;127.2;83.26;2016-10-22;DINI;S04;0;0.0;0.0;
T03384;5;D2030;table_extension;oak;1;115.05;96.68;63.28;2016-10-22;DINI;S04;0;0.0;0.0;
T03385;1;D2011;dining_chair;fabric;6;119.44;100.37;65.69;2015-09-16;DINI;S03;0;0.0;0.0;
T03385;2;L1002;sofa;milano;1;1867.86;1569.63;1027.32;2015-09-16;LIVI;S01;0;0.0;0.0;
T03385;3;L1050;rug;berber;1;189.89;159.57;104.44;2015-09-16;LIVI;S05;0;0.0;0.0;
T03386;1;B3003;bed;kompakt;1;746.25;627.1;410.44;2016-01-21;BEDR;S02;0;0.0;0.0;
T03387;1;K9020;bar_stool;oak;1;141.96;119.29;78.08;2017-03-07;KITC;S04;0;0.0;0.0;
T03388;1;D2012;dining_chair;leather;6;202.53;170.19;111.39;2015-11-22;DINI;S01;0;0.0;0.0;
T03388;2;D2003;dining_table;kompakt;1;605.08;508.47;332.8;2015-11-22;DINI;S02;0;0.0;0.0;
T03389;1;B3031;nightstand;kompakt;2;117.07;98.38;64.39;2015-11-24;BEDR;S02;0;0.0;0.0;
T03389;2;L1001;sofa;harmony;1;1253.32;1053.21;689.33;2015-11-24;LIVI;S01;0;0.0;0.0;
T03389;3;L1021;coffee_table;glass;1;281.78;236.79;154.98;2015-11-24;LIVI;S04;1;21.54;0.0764;M
T03390;1;K9011;kitchen_chair;fabric;6;102.63;86.24;56.45;2015-09-06;KITC;S03;0;0.0;0.0;
T03391;1;B3030;nightstand;harmony;2;184.76;155.26;101.62;2016-03-28;BEDR;S01;2;35.85;0.1941;A
T03392;1;L1001;sofa;harmony;1;1182.9;994.03;650.59;2015-09-13;LIVI;S01;0;0.0;0.0;
T03392;2;S8010;cabinet;oak;1;537.03;451.28;295.37;2015-09-13;STOR;S04;0;0.0;0.0;
T03392;3;S8001;dresser;harmony;1;371.55;312.23;204.35;2015-09-13;STOR;S01;0;0.0;0.0;
T03393;1;B3030;nightstand;harmony;1;181.19;152.26;99.65;2017-06-03;BEDR;S01;0;0.0;0.0;
T03393;2;K9010;kitchen_chair;oak;6;114.99;96.63;63.24;2017-06-03;KITC;S04;0;0.0;0.0;
T03394;1;D2011;dining_chair;fabric;4;117.03;98.34;64.36;2016-12-12;DINI;S03;0;0.0;0.0;
T03395;1;D2010;dining_chair;oak;4;143.95;120.97;79.17;2016-05-14;DINI;S04;0;0.0;0.0;
T03396;1;D2030;table_extension;oak;1;122.72;103.12;67.49;2015-10-11;DINI;S04;0;0.0;0.0;
T03397;1;L1030;side_table;oak;1;123.13;103.47;67.72;2015-12-20;LIVI;S04;0;0.0;0.0;
T03398;1;L1001;sofa;harmony;1;1233.24;1036.34;678.28;2015-07-20;LIVI;S01;0;0.0;0.0;
T03399;1;B3011;mattress;premium;1;893.04;750.46;491.17;2015-12-07;BEDR;S06;0;0.0;0.0;
T03399;2;D2003;dining_table;kompakt;1;598.16;502.66;328.99;2015-12-07;DINI;S02;0;0.0;0.0;
T03399;3;D2011;dining_chair;fabric;2;116.81;98.16;64.25;2015-12-07;DINI;S03;0;0.0;0.0;
T03400;1;O4011;office_chair;basic;1;187.88;157.88;103.33;2016-01-01;OFFI;S07;0;0.0;0.0;
T03401;1;E6010;soundbar;compact;1;255.49;214.69;140.52;2016-04-05;ELEC;S08;0;0.0;0.0;
T03402;1;K9011;kitchen_chair;fabric;6;100.7;84.62;55.38;2015-07-09;KITC;S03;0;0.0;0.0;
T03403;1;B3030;nightstand;harmony;2;170.44;143.23;93.74;2017-03-25;BEDR;S01;0;0.0;0.0;
T03404;1;D2003;dining_table;kompakt;1;601.24;505.24;330.68;2016-05-10;DINI;S02;0;0.0;0.0;
T03404;2;D2012;dining_chair;leather;6;204.25;171.64;112.34;2016-05-10;DINI;S01;0;0.0;0.0;
T03404;3;K9020;bar_stool;oak;1;139.51;117.24;76.73;2016-05-10;KITC;S04;0;0.0;0.0;
T03405;1;G5001;floor_lamp;luna;1;115.48;97.04;63.51;2015-08-23;LIGH;S03;0;0.0;0.0;
T03405;2;O4001;desk;oak;1;384.92;323.46;211.71;2015-08-23;OFFI;S04;0;0.0;0.0;
T03405;3;O4010;office_chair;ergo;1;360.98;303.34;198.54;2015-08-23;OFFI;S07;0;0.0;0.0;
T03406;1;L1001;sofa;harmony;1;1234.78;1037.63;679.13;2016-06-25;LIVI;S01;0;0.0;0.0;
T03406;2;L1020;coffee_table;oak;1;340.11;285.81;187.06;2016-06-25;LIVI;S04;0;0.0;0.0;
T03406;3;L1010;armchair;harmony;1;599.58;503.85;329.77;2016-06-25;LIVI;S01;0;0.0;0.0;
T03407;1;O4011;office_chair;basic;1;186.75;156.93;102.71;2017-01-21;OFFI;S07;0;0.0;0.0;
T03408;1;S8001;dresser;harmony;1;396.67;333.34;218.17;2015-09-05;STOR;S01;0;0.0;0.0;
T03409;1;B3040;wardrobe;harmony;1;1088.68;914.86;598.77;2016-04-25;BEDR;S01;0;0.0;0.0;
T03410;1;D2010;dining_chair;oak;6;142.73;119.94;78.5;2015-11-07;DINI;S04;0;0.0;0.0;
T03410;2;G5011;table_lamp;modern;1;49.13;41.29;27.02;2015-11-07;LIGH;S05;0;0.0;0.0;
T03411;1;B3030;nightstand;harmony;2;174.81;146.9;96.14;2016-04-23;BEDR;S01;0;0.0;0.0;
T03411;2;D2012;dining_chair;leather;6;189.55;159.28;104.25;2016-04-23;DINI;S01;0;0.0;0.0;
T03412;1;L1030;side_table;oak;1;118.45;99.54;65.15;2015-07-15;LIVI;S04;0;0.0;0.0;
T03413;1;G5010;table_lamp;luna;2;78.15;65.67;42.98;2017-05-15;LIGH;S03;0;0.0;0.0;
T03414;1;L1021;coffee_table;glass;1;266.92;224.3;146.81;2015-11-04;LIVI;S04;0;0.0;0.0;
T03414;2;K9011;kitchen_chair;fabric;4;97.16;81.64;53.44;2015-11-04;KITC;S03;0;0.0;0.0;
T03415;1;D2003;dining_table;kompakt;1;574.22;482.54;315.82;2017-06-04;DINI;S02;0;0.0;0.0;
T03415;2;D2012;dining_chair;leather;4;197.3;165.8;108.52;2017-06-04;DINI;S01;0;0.0;0.0;
T03415;3;D2020;sideboard;oak;1;623.92;524.31;343.16;2017-06-04;DINI;S04;0;0.0;0.0;
T03416;1;L1010;armchair;harmony;1;606.26;509.46;333.44;2015-11-08;LIVI;S01;0;0.0;0.0;
T03417;1;B3030;nightstand;harmony;2;170.38;143.17;93.71;2017-02-10;BEDR;S01;0;0.0;0.0;
T03417;2;D2010;dining_chair;oak;2;154.36;129.72;84.9;2017-02-10;DINI;S04;0;0.0;0.0;
T03418;1;C7020;picture_frame;wood;1;18.84;15.83;10.36;2016-02-09;DECO;S05;0;0.0;0.0;
T03418;2;E6010;soundbar;compact;1;242.55;203.83;133.4;2016-02-09;ELEC;S08;0;0.0;0.0;
T03419;1;E6002;tv;smart65;1;1187.48;997.89;653.12;2017-01-22;ELEC;S08;0;0.0;0.0;
T03419;2;B3011;mattress;premium;1;892.87;750.31;491.08;2017-01-22;BEDR;S06;0;0.0;0.0;
T03420;1;G5011;table_lamp;modern;1;47.62;40.01;26.19;2015-12-27;LIGH;S05;0;0.0;0.0;
T03421;1;D2003;dining_table;kompakt;1;618.73;519.94;340.3;2016-07-15;DINI;S02;0;0.0;0.0;
T03421;2;D2011;dining_chair;fabric;4;115.83;97.33;63.71;2016-07-15;DINI;S03;0;0.0;0.0;
T03421;3;D2031;table_extension;walnut;1;143.41;120.51;78.87;2016-07-15;DINI;S04;0;0.0;0.0;
T03422;1;S8001;dresser;harmony;1;360.34;302.81;198.19;2017-03-24;STOR;S01;0;0.0;0.0;
T03423;1;K9001;kitchen_table;oak;1;468.79;393.94;257.83;2017-02-17;KITC;S04;0;0.0;0.0;
T03423;2;K9011;kitchen_chair;fabric;2;102.37;86.03;56.3;2017-02-17;KITC;S03;0;0.0;0.0;
T03424;1;O4010;office_chair;ergo;1;334.96;281.48;184.23;2016-10-14;OFFI;S07;0;0.0;0.0;
T03424;2;L1040;ottoman;luna;1;226.55;190.38;124.6;2016-10-14;LIVI;S03;1;20.39;0.09;B
T03425;1;B3002;bed;milano;1;1570.0;1319.32;863.5;2016-03-09;BEDR;S01;0;0.0;0.0;
T03425;2;B3010;mattress;comfort;1;611.56;513.91;336.36;2016-03-09;BEDR;S06;0;0.0;0.0;
T03425;3;B3030;nightstand;harmony;2;186.14;156.42;102.38;2016-03-09;BEDR;S01;0;0.0;0.0;
T03425;4;B3020;headboard;harmony;1;276.92;232.71;152.31;2016-03-09;BEDR;S01;0;0.0;0.0;
T03425;5;D2001;dining_table;oak;1;932.81;783.87;513.05;2016-03-09;DINI;S04;2;135.42;0.1452;K
T03425;6;D2012;dining_chair;leather;4;199.12;167.33;109.52;2016-03-09;DINI;S01;0;0.0;0.0;
T03426;1;G5031;led_strip;basic;1;19.35;16.26;10.64;2016-06-22;LIGH;S08;0;0.0;0.0;
T03427;1;L1003;sofa;kompakt;1;836.17;702.66;459.89;2017-04-27;LIVI;S02;0;0.0;0.0;
T03427;2;L1010;armchair;harmony;1;613.66;515.68;337.51;2017-04-27;LIVI;S01;0;0.0;0.0;
T03427;3;L1050;rug;berber;1;185.26;155.68;101.89;2017-04-27;LIVI;S05;0;0.0;0.0;
T03427;4;B3001;bed;harmony;1;1128.44;948.27;620.64;2017-04-27;BEDR;S01;0;0.0;0.0;
T03428;1;G5011;table_lamp;modern;1;49.3;41.43;27.11;2016-11-26;LIGH;S05;0;0.0;0.0;
T03428;2;L1040;ottoman;luna;1;228.03;191.62;125.42;2016-11-26;LIVI;S03;0;0.0;0.0;
T03429;1;L1011;armchair;luna;1;451.78;379.65;248.48;2017-01-15;LIVI;S03;0;0.0;0.0;
T03429;2;L1051;rug;shaggy;1;289.01;242.87;158.96;2017-01-15;LIVI;S05;0;0.0;0.0;
T03430;1;O4011;office_chair;basic;1;179.94;151.21;98.97;2016-08-16;OFFI;S07;0;0.0;0.0;
T03431;1;L1003;sofa;kompakt;1;762.49;640.75;419.37;2016-04-09;LIVI;S02;0;0.0;0.0;
T03431;2;O4010;office_chair;ergo;1;350.71;294.72;192.89;2016-04-09;OFFI;S07;0;0.0;0.0;
T03432;1;L1001;sofa;harmony;1;1209.78;1016.62;665.38;2016-08-07;LIVI;S01;1;90.68;0.075;B
T03432;2;L1051;rug;shaggy;1;284.44;239.03;156.44;2016-08-07;LIVI;S05;0;0.0;0.0;
T03433;1;D2001;dining_table;oak;1;887.47;745.77;488.11;2015-08-23;DINI;S04;0;0.0;0.0;
T03433;2;D2012;dining_chair;leather;1;206.94;173.9;113.82;2015-08-23;DINI;S01;0;0.0;0.0;
T03433;3;D2020;sideboard;oak;1;628.94;528.52;345.92;2015-08-23;DINI;S04;0;0.0;0.0;
T03433;4;B3040;wardrobe;harmony;1;1051.05;883.24;578.08;2015-08-23;BEDR;S01;0;0.0;0.0;
T03433;5;L1003;sofa;kompakt;1;816.16;685.85;448.89;2015-08-23;LIVI;S02;0;0.0;0.0;
T03433;6;L1021;coffee_table;glass;1;283.69;238.39;156.03;2015-08-23;LIVI;S04;0;0.0;0.0;
T03434;1;B3003;bed;kompakt;1;760.56;639.12;418.31;2017-04-29;BEDR;S02;0;0.0;0.0;
T03434;2;B3010;mattress;comfort;1;569.51;478.58;313.23;2017-04-29;BEDR;S06;0;0.0;0.0;
T03434;3;B3031;nightstand;kompakt;1;114.92;96.57;63.2;2017-04-29;BEDR;S02;0;0.0;0.0;
T03434;4;B3020;headboard;harmony;1;282.95;237.77;155.62;2017-04-29;BEDR;S01;0;0.0;0.0;
T03435;1;B3001;bed;harmony;1;1147.83;964.56;631.3;2016-12-22;BEDR;S01;0;0.0;0.0;
T03435;2;B3020;headboard;harmony;1;280.33;235.58;154.18;2016-12-22;BEDR;S01;0;0.0;0.0;
T03436;1;K9021;bar_stool;metal;1;107.33;90.2;59.03;2015-12-15;KITC;S07;0;0.0;0.0;
T03437;1;L1010;armchair;harmony;1;595.13;500.11;327.32;2015-11-01;LIVI;S01;0;0.0;0.0;
T03438;1;E6001;tv;smart55;1;826.56;694.59;454.61;2017-06-19;ELEC;S08;0;0.0;0.0;
T03438;2;B3030;nightstand;harmony;2;180.88;152.0;99.49;2017-06-19;BEDR;S01;0;0.0;0.0;
T03439;1;O4001;desk;oak;1;418.07;351.32;229.94;2016-06-01;OFFI;S04;0;0.0;0.0;
T03439;2;O4011;office_chair;basic;1;187.94;157.93;103.37;2016-06-01;OFFI;S07;0;0.0;0.0;
T03440;1;O4030;filing_cabinet;metal;1;278.89;234.36;153.39;2015-08-06;OFFI;S07;1;34.08;0.1222;B
T03441;1;B3031;nightstand;kompakt;2;113.24;95.16;62.28;2016-11-30;BEDR;S02;0;0.0;0.0;
T03442;1;C7001;mirror;round;1;113.94;95.75;62.67;2015-12-18;DECO;S05;0;0.0;0.0;
T03442;2;G5001;floor_lamp;luna;1;114.17;95.94;62.79;2015-12-18;LIGH;S03;2;7.9;0.0692;A
T03443;1;L1020;coffee_table;oak;1;360.58;303.01;198.32;2017-03-29;LIVI;S04;0;0.0;0.0;
T03443;2;O4020;bookshelf;oak;1;255.69;214.87;140.63;2017-03-29;OFFI;S04;0;0.0;0.0;
T03444;1;D2010;dining_chair;oak;2;149.49;125.62;82.22;2017-06-07;DINI;S04;1;19.39;0.1297;B
T03444;2;G5030;led_strip;smart;1;39.74;33.39;21.85;2017-06-07;LIGH;S08;0;0.0;0.0;
T03444;3;L1051;rug;shaggy;1;294.0;247.06;161.7;2017-06-07;LIVI;S05;0;0.0;0.0;
T03445;1;L1030;side_table;oak;1;113.06;95.01;62.18;2016-02-06;LIVI;S04;0;0.0;0.0;
T03446;1;L1020;coffee_table;oak;1;362.96;305.01;199.63;2017-05-26;LIVI;S04;0;0.0;0.0;
T03447;1;S8010;cabinet;oak;1;537.46;451.64;295.6;2015-10-15;STOR;S04;0;0.0;0.0;
T03447;2;L1050;rug;berber;1;194.47;163.42;106.96;2015-10-15;LIVI;S05;0;0.0;0.0;
T03448;1;L1003;sofa;kompakt;1;795.78;668.72;437.68;2015-08-24;LIVI;S02;0;0.0;0.0;
T03448;2;L1021;coffee_table;glass;1;288.35;242.31;158.59;2015-08-24;LIVI;S04;0;0.0;0.0;
T03448;3;L1010;armchair;harmony;1;593.42;498.67;326.38;2015-08-24;LIVI;S01;0;0.0;0.0;
T03449;1;G5031;led_strip;basic;1;19.41;16.31;10.68;2016-02-08;LIGH;S08;0;0.0;0.0;
T03450;1;K9010;kitchen_chair;oak;1;124.08;104.26;68.24;2017-01-07;KITC;S04;0;0.0;0.0;
T03451;1;U1010;garden_table;rattan;1;284.13;238.76;156.27;2017-03-31;OUTD;S09;0;0.0;0.0;
T03451;2;U1002;garden_chair;metal;1;85.09;71.51;46.8;2017-03-31;OUTD;S09;1;12.47;0.1465;B
T03451;3;U1020;parasol;basic;1;124.82;104.89;68.65;2017-03-31;OUTD;S09;0;0.0;0.0;
T03452;1;U1001;garden_chair;rattan;2;123.31;103.62;67.82;2017-04-12;OUTD;S09;0;0.0;0.0;
T03453;1;O4010;office_chair;ergo;1;341.49;286.97;187.82;2016-02-17;OFFI;S07;0;0.0;0.0;
T03454;1;O4002;desk;compact;1;253.43;212.97;139.39;2016-12-06;OFFI;S02;0;0.0;0.0;
T03454;2;O4011;office_chair;basic;1;187.05;157.19;102.88;2016-12-06;OFFI;S07;0;0.0;0.0;
T03455;1;S8020;shoe_rack;compact;1;110.14;92.55;60.58;2016-11-16;STOR;S02;0;0.0;0.0;
T03455;2;C7002;mirror;framed;1;169.87;142.75;93.43;2016-11-16;DECO;S05;0;0.0;0.0;
T03456;1;D2001;dining_table;oak;1;932.54;783.65;512.9;2017-06-03;DINI;S04;0;0.0;0.0;
T03456;2;D2011;dining_chair;fabric;6;113.17;95.1;62.24;2017-06-03;DINI;S03;0;0.0;0.0;
T03456;3;D2031;table_extension;walnut;1;143.74;120.79;79.06;2017-06-03;DINI;S04;0;0.0;0.0;
T03456;4;D2020;sideboard;oak;1;618.09;519.4;339.95;2017-06-03;DINI;S04;0;0.0;0.0;
T03457;1;G5030;led_strip;smart;1;40.56;34.09;22.31;2017-03-15;LIGH;S08;0;0.0;0.0;
T03458;1;D2020;sideboard;oak;1;635.54;534.06;349.55;2016-12-03;DINI;S04;0;0.0;0.0;
T03459;1;L1021;coffee_table;glass;1;273.32;229.68;150.33;2016-03-08;LIVI;S04;0;0.0;0.0;
T03460;1;O4020;bookshelf;oak;1;237.15;199.28;130.43;2016-06-26;OFFI;S04;0;0.0;0.0;
T03460;2;D2010;dining_chair;oak;4;155.9;131.01;85.74;2016-06-26;DINI;S04;0;0.0;0.0;
T03460;3;D2020;sideboard;oak;1;624.21;524.54;343.31;2016-06-26;DINI;S04;1;83.56;0.1339;A
T03461;1;K9010;kitchen_chair;oak;2;115.44;97.01;63.49;2015-11-16;KITC;S04;0;0.0;0.0;
T03461;2;C7001;mirror;round;1;118.73;99.77;65.3;2015-11-16;DECO;S05;2;8.67;0.073;A
T03462;1;E6010;soundbar;compact;1;247.34;207.85;136.04;2016-03-16;ELEC;S08;0;0.0;0.0;
T03463;1;O4010;office_chair;ergo;1;353.14;296.76;194.23;2016-01-31;OFFI;S07;0;0.0;0.0;
T03464;1;C7030;curtain;linen;1;75.2;63.19;41.36;2016-12-18;DECO;S05;0;0.0;0.0;
T03464;2;B3031;nightstand;kompakt;1;120.21;101.01;66.11;2016-12-18;BEDR;S02;0;0.0;0.0;
T03465;1;O4011;office_chair;basic;1;177.75;149.37;97.76;2015-10-24;OFFI;S07;0;0.0;0.0;
T03465;2;O4030;filing_cabinet;metal;1;266.33;223.81;146.48;2015-10-24;OFFI;S07;0;0.0;0.0;
T03466;1;K9021;bar_stool;metal;1;104.64;87.94;57.55;2017-06-01;KITC;S07;0;0.0;0.0;
T03467;1;L1020;coffee_table;oak;1;349.06;293.33;191.98;2016-08-18;LIVI;S04;0;0.0;0.0;
T03467;2;U1010;garden_table;rattan;1;300.19;252.26;165.11;2016-08-18;OUTD;S09;1;28.17;0.0939;M
T03467;3;U1001;garden_chair;rattan;1;120.97;101.65;66.53;2016-08-18;OUTD;S09;0;0.0;0.0;
T03467;4;U1020;parasol;basic;1;124.24;104.4;68.33;2016-08-18;OUTD;S09;1;7.36;0.0592;M
T03467;5;B3002;bed;milano;1;1646.55;1383.66;905.6;2016-08-18;BEDR;S01;0;0.0;0.0;
T03467;6;B3020;headboard;harmony;1;278.41;233.96;153.12;2016-08-18;BEDR;S01;2;23.55;0.0846;K
T03468;1;L1021;coffee_table;glass;1;288.79;242.68;158.83;2017-03-25;LIVI;S04;0;0.0;0.0;
T03469;1;G5001;floor_lamp;luna;1;123.17;103.51;67.75;2016-07-19;LIGH;S03;0;0.0;0.0;
T03470;1;D2002;dining_table;walnut;1;1348.11;1132.87;741.46;2016-11-16;DINI;S04;0;0.0;0.0;
T03470;2;D2011;dining_chair;fabric;1;115.29;96.89;63.41;2016-11-16;DINI;S03;0;0.0;0.0;
T03470;3;D2030;table_extension;oak;1;119.31;100.26;65.62;2016-11-16;DINI;S04;0;0.0;0.0;
T03470;4;O4010;office_chair;ergo;1;332.11;279.08;182.66;2016-11-16;OFFI;S07;0;0.0;0.0;
T03471;1;B3040;wardrobe;harmony;1;1149.85;966.26;632.42;2016-07-26;BEDR;S01;0;0.0;0.0;
T03471;2;B3010;mattress;comfort;1;599.84;504.07;329.91;2016-07-26;BEDR;S06;0;0.0;0.0;
T03472;1;L1050;rug;berber;1;189.61;159.34;104.29;2016-07-24;LIVI;S05;0;0.0;0.0;
T03472;2;E6010;soundbar;compact;1;237.07;199.22;130.39;2016-07-24;ELEC;S08;1;30.7;0.1295;M
T03472;3;O4010;office_chair;ergo;1;336.26;282.57;184.94;2016-07-24;OFFI;S07;0;0.0;0.0;
T03473;1;C7001;mirror;round;1;120.84;101.54;66.46;2016-06-05;DECO;S05;0;0.0;0.0;
T03474;1;K9010;kitchen_chair;oak;2;124.32;104.47;68.38;2016-02-11;KITC;S04;0;0.0;0.0;
T03475;1;S8001;dresser;harmony;1;362.94;304.99;199.62;2015-07-08;STOR;S01;0;0.0;0.0;
T03476;1;D2010;dining_chair;oak;1;147.46;123.92;81.1;2016-07-08;DINI;S04;0;0.0;0.0;
T03476;2;O4001;desk;oak;1;397.97;334.43;218.88;2016-07-08;OFFI;S04;2;71.0;0.1784;K
T03476;3;O4011;office_chair;basic;1;183.89;154.53;101.14;2016-07-08;OFFI;S07;0;0.0;0.0;
T03477;1;K9011;kitchen_chair;fabric;2;95.99;80.66;52.79;2017-01-29;KITC;S03;0;0.0;0.0;
T03478;1;C7010;vase;ceramic;1;39.14;32.89;21.53;2016-03-24;DECO;S05;0;0.0;0.0;
T03478;2;B3002;bed;milano;1;1522.81;1279.67;837.55;2016-03-24;BEDR;S01;0;0.0;0.0;
T03478;3;B3010;mattress;comfort;1;617.16;518.62;339.44;2016-03-24;BEDR;S06;0;0.0;0.0;
T03478;4;D2012;dining_chair;leather;1;197.51;165.97;108.63;2016-03-24;DINI;S01;0;0.0;0.0;
T03479;1;E6020;speakers;stereo;1;180.29;151.5;99.16;2016-03-28;ELEC;S08;0;0.0;0.0;
T03480;1;G5020;ceiling_light;modern;1;167.66;140.89;92.21;2017-03-07;LIGH;S05;1;11.08;0.0661;M
T03480;2;L1020;coffee_table;oak;1;342.37;287.7;188.3;2017-03-07;LIVI;S04;0;0.0;0.0;
T03481;1;L1003;sofa;kompakt;1;832.86;699.88;458.07;2017-04-02;LIVI;S02;2;157.23;0.1888;K
T03481;2;C7020;picture_frame;wood;2;18.93;15.91;10.41;2017-04-02;DECO;S05;0;0.0;0.0;
T03482;1;G5020;ceiling_light;modern;1;176.48;148.3;97.06;2016-10-22;LIGH;S05;0;0.0;0.0;
T03483;1;L1010;armchair;harmony;1;571.98;480.66;314.59;2015-12-05;LIVI;S01;0;0.0;0.0;
T03484;1;D2011;dining_chair;fabric;6;121.39;102.01;66.76;2016-05-08;DINI;S03;0;0.0;0.0;
T03484;2;B3003;bed;kompakt;1;762.48;640.74;419.36;2016-05-08;BEDR;S02;0;0.0;0.0;
T03484;3;B3020;headboard;harmony;1;266.63;224.06;146.65;2016-05-08;BEDR;S01;0;0.0;0.0;
T03485;1;C7001;mirror;round;1;119.53;100.45;65.74;2016-09-02;DECO;S05;0;0.0;0.0;
T03486;1;D2002;dining_table;walnut;1;1344.77;1130.06;739.62;2016-08-21;DINI;S04;0;0.0;0.0;
T03486;2;D2012;dining_chair;leather;6;196.4;165.05;108.02;2016-08-21;DINI;S01;0;0.0;0.0;
T03486;3;D2020;sideboard;oak;1;655.15;550.54;360.33;2016-08-21;DINI;S04;0;0.0;0.0;
T03487;1;B3020;headboard;harmony;1;277.0;232.78;152.35;2015-09-06;BEDR;S01;2;25.16;0.0908;K
T03488;1;U1001;garden_chair;rattan;2;114.49;96.21;62.97;2016-12-11;OUTD;S09;0;0.0;0.0;
T03489;1;U1010;garden_table;rattan;1;290.74;244.32;159.91;2017-05-29;OUTD;S09;0;0.0;0.0;
T03489;2;U1002;garden_chair;metal;2;88.87;74.68;48.88;2017-05-29;OUTD;S09;2;7.97;0.0897;K
T03490;1;B3011;mattress;premium;1;875.55;735.75;481.55;2015-10-15;BEDR;S06;0;0.0;0.0;
T03491;1;S8020;shoe_rack;compact;1;108.02;90.77;59.41;2017-04-02;STOR;S02;0;0.0;0.0;
T03492;1;G5011;table_lamp;modern;1;47.46;39.89;26.11;2016-06-28;LIGH;S05;1;4.97;0.1047;B
T03492;2;D2010;dining_chair;oak;2;153.26;128.79;84.29;2016-06-28;DINI;S04;0;0.0;0.0;
T03493;1;L1001;sofa;harmony;1;1171.6;984.54;644.38;2016-08-01;LIVI;S01;0;0.0;0.0;
T03494;1;D2011;dining_chair;fabric;2;124.71;104.8;68.59;2016-03-25;DINI;S03;0;0.0;0.0;
T03495;1;B3020;headboard;harmony;1;278.61;234.13;153.24;2016-05-05;BEDR;S01;0;0.0;0.0;
T03495;2;K9001;kitchen_table;oak;1;441.38;370.91;242.76;2016-05-05;KITC;S04;0;0.0;0.0;
T03496;1;G5011;table_lamp;modern;1;47.56;39.97;26.16;2016-04-01;LIGH;S05;0;0.0;0.0;
T03497;1;D2030;table_extension;oak;1;115.67;97.2;63.62;2016-04-21;DINI;S04;0;0.0;0.0;
T03498;1;E6010;soundbar;compact;1;251.56;211.4;138.36;2016-01-01;ELEC;S08;0;0.0;0.0;
T03498;2;O4001;desk;oak;1;410.83;345.23;225.96;2016-01-01;OFFI;S04;0;0.0;0.0;
T03498;3;O4011;office_chair;basic;1;174.08;146.28;95.74;2016-01-01;OFFI;S07;0;0.0;0.0;
T03499;1;C7010;vase;ceramic;1;39.04;32.81;21.47;2015-09-28;DECO;S05;0;0.0;0.0;
T03499;2;K9021;bar_stool;metal;1;113.0;94.96;62.15;2015-09-28;KITC;S07;1;7.93;0.0702;A
T03500;1;U1010;garden_table;rattan;1;291.69;245.12;160.43;2016-12-08;OUTD;S09;0;0.0;0.0;
T03500;2;L1010;armchair;harmony;1;599.33;503.64;329.63;2016-12-08;LIVI;S01;2;88.33;0.1474;K
